temperature,humidity,light,accel_x,accel_y,accel_z,gyro_x,gyro_y,gyro_z,health
43.51886554649973,84.43870105572626,0,1561.988473673754,2839.103169187016,14165.746582409503,21.576943099295185,-700.1172860141218,289.9640935110702,WARNING
48.56685588869921,81.62788277885275,1,5002.544925182216,2247.261406953842,12615.78581788893,-340.8278002424572,579.2227942338017,-32.080543432966735,WARNING
54.5311981637905,81.73857345294158,1,1937.8613765285766,2146.5073915612475,13943.151701863075,1544.050446874178,-269.4765701659142,1004.9513040694529,WARNING
23.16668706749204,74.53603067428007,0,829.4748419317485,-193.82613877280352,16119.48515868939,-400.7724728813507,127.08360604184527,-247.8516789706945,HEALTHY
69.41090413550573,99.04864126110597,1,-4639.94007265023,144.43031793685796,14462.34602901237,-2948.491307696932,5201.884654414356,-2074.856310285516,CRITICAL
48.203275384612745,81.95331341517733,1,554.4269561034638,-3457.2397981813447,17477.561214307338,-525.3830323021339,-2198.990178907582,555.6307001693931,WARNING
52.73441690272784,92.70814645867061,0,-1309.2607072238134,-3414.4898201273622,14420.705199341905,1364.2741780133333,514.9586005489581,648.1329237094026,WARNING
87.9423538348756,93.78172437226934,0,-3642.886059763872,5870.758799909606,15731.625319186627,-2748.8602136939235,378.1952610943464,-809.7672201185821,CRITICAL
27.716919916098412,43.40225541956964,0,1558.721212843437,-1087.072376569513,15947.640531281759,-481.5736653853771,-159.13795259905524,-36.769376144375855,HEALTHY
69.1972189257689,91.40832293293455,0,12127.16159748453,-1297.8019707810577,20554.987498906397,30.706903511954152,-2776.6090166269873,-1041.3781910382886,CRITICAL
65.7535329430632,89.35764119167284,1,-2911.2038524928357,2734.1919875985973,16627.21286899043,-1985.374365810029,-1720.8633186740658,246.509608182471,CRITICAL
31.534811227707657,77.79062919529711,1,-1350.7219529415065,-637.2355320758775,15727.471048531183,-155.8160458495751,-174.42075308071182,-134.2047822301391,HEALTHY
30.039731245452526,75.53088786046024,0,836.1456557057672,1453.714096879472,16441.188617191863,91.29395028574156,48.678761181539066,-418.6877910413317,HEALTHY
53.49521667433028,82.91155829392248,1,1359.135320701517,4004.7469789749534,14413.226838062592,-609.1142104459315,-1875.9891401751281,-205.49678561362032,WARNING
68.51399741924172,93.02280651318196,1,13924.231548264434,-2778.012256718534,16515.055782593372,-310.93179722689416,-2882.6530785660943,1838.2848246750657,CRITICAL
34.14947595868479,61.11088836275508,0,1020.0485932766181,2021.5718798840037,18082.951743891994,-231.10694277657498,-322.1406832214993,65.37048133970308,HEALTHY
56.670792630875475,83.1020425409424,1,-452.46466503580467,1558.5199349875686,15895.993032927081,-508.24010764604674,238.9409815417265,1753.6856718314252,WARNING
28.168329869820134,46.39519053465766,0,-934.1477131078445,613.9584082708138,17638.31353293864,-40.158999373724875,-202.12423415788115,352.19791704507037,HEALTHY
77.13915009588159,87.80567745504892,0,-1823.0024246069906,1680.7752874049145,20069.62934565119,28.81633316418162,1130.8962413357376,1871.902609641285,CRITICAL
69.40214896041903,96.88032089769136,0,-1136.9779524040691,-9367.087071137368,9812.950491187248,-2407.8806944823114,1537.5009505031496,343.3998614836605,CRITICAL
31.65720373891155,62.3361699894322,0,-791.7199786555796,-1171.9768544504452,14797.536381573665,-84.43543499019937,288.7494419371523,-382.98147392190447,HEALTHY
30.62734546239196,46.88356917181038,0,1081.9420597408491,995.5324690830807,17200.07284339385,-14.842195709878164,217.49283480629938,184.83236477118055,HEALTHY
27.98176958688174,50.655105657200956,1,90.90908943434984,-3051.971727341344,13636.019685192088,221.70654400165088,-107.77904579719377,-69.2424463004278,HEALTHY
74.67474467090972,99.47341185216723,0,11899.635935524562,-4802.346625780139,11089.664181528275,1099.339626976099,159.57686286464764,653.7048125218686,CRITICAL
57.52971226174731,92.04279127708952,1,2218.190474893959,-2145.083258235996,16542.10128615941,222.92398670473938,66.94369655617317,-320.7009916349588,WARNING
84.55106874267386,87.82692118977198,0,307.46106991812167,-903.5300364518032,15564.657344781188,-47.60741619146593,-1863.533417692473,564.4355099412857,CRITICAL
82.67461045071254,88.87516799755682,1,-1402.0397503495421,6457.072401629488,22746.425266471917,-3297.135199225754,-1386.4666734338944,-1440.3220391436778,CRITICAL
44.88904420513324,91.65698083182885,1,-3026.3563320970043,96.20036911740387,13713.6594948387,252.15450412313072,861.9655248901598,202.56202133725267,WARNING
20.848784842200736,54.95684188051254,1,-558.9947278819981,340.0593668608015,17055.48060100692,132.2845568166694,84.89461884958192,-33.61869319304887,HEALTHY
41.91535772399254,78.20689287810332,1,410.0398916015281,663.2971761205476,15095.259222429298,410.375262871177,-582.3480767534063,-472.36997096179584,WARNING
48.7931146811833,83.92573336948702,1,-5846.070500607744,-1538.381916903585,20095.14773206425,-920.3414155036174,838.7932256512453,-12.506606980759807,WARNING
55.93107246202641,92.03061610574987,0,1323.8136108201497,2140.603530741376,15042.606790472013,140.9525800791399,401.6148375609059,-127.24546294607504,WARNING
30.809244359955727,60.01220625418059,1,1000.5108677584325,-475.73581221467066,17331.013964159607,-182.9439010658823,294.76246673317604,174.41274138665517,HEALTHY
79.67965839721705,93.96329928842941,0,4313.483023220091,-7080.14348459104,5311.634048662575,1641.9641848338215,-2167.0923848970374,-3328.3659091420545,CRITICAL
24.679760304896277,59.30001680941443,1,695.5377575657775,849.1021107431441,16090.033052335817,-14.319850371613366,-303.57474933616186,-71.40584016132188,HEALTHY
20.66991824568348,52.38237206052294,1,-456.49729846836175,1284.4370527773838,17427.84544217267,-4.2690604344827365,203.95530543765764,-473.73824137043175,HEALTHY
66.20830349472477,93.39262950155992,0,7551.101205057701,-8820.757457111924,13422.918225742244,-1050.1386446282656,-111.75750897876775,182.08794139720374,CRITICAL
22.75163294605152,74.19896078245897,0,-325.9113127001942,-10.484976856004451,18141.583772231672,-214.7070570150612,-267.6318137246246,-17.43972975262984,HEALTHY
25.197862519290773,55.904495142114826,0,390.5939061992364,2453.9033459435705,17126.749961786925,272.95976194846696,374.3495637387849,97.85118339988892,HEALTHY
40.9045926184043,75.03745487838337,0,5594.623147921457,-5511.351265419521,18380.464256608608,-923.8599725461253,-735.6245626790871,744.7677560562523,WARNING
32.03964964693566,58.327475469515704,0,909.2161664531275,1428.0314852347879,16483.90554390241,29.192321942630034,-92.86406889949326,-69.21688343448159,HEALTHY
21.573037497987215,69.49620824375276,1,-646.5728842425267,-1081.5480036143952,18071.141635072563,176.3279513898901,-1.5945282633234752,295.98882777800526,HEALTHY
24.196189516536066,53.279931769510604,0,-10.937837016195571,-657.484937966344,14451.83283747395,-135.09623540798557,134.62640413794247,-474.05049601316244,HEALTHY
30.411085002964768,60.76652158298162,1,218.96391585597507,-841.8216318681523,13948.687668217111,136.8326417217909,-162.9512005647096,35.230090377538424,HEALTHY
54.72610031961821,75.74465209831875,0,3773.1000495687517,955.2929264812947,16785.713745314133,1130.3482779731291,941.2796212614304,455.9316663966427,WARNING
58.71343726163452,82.83787841871828,0,1301.9857642318814,-1232.2122809592954,18258.845982362098,-1180.813865961137,-176.64743739362336,408.5979938767649,WARNING
86.47922382782885,90.73799604159342,1,-2409.0787974174336,-9455.331171345064,9818.176716439537,870.3761498621362,-1315.59353919243,2566.7719524826857,CRITICAL
20.553304210317993,64.38257335919587,1,-441.76602322601286,-84.16508518117742,17621.01607293646,-285.2957769451105,67.60453177502829,394.9142393906972,HEALTHY
65.32834063807657,93.44955071234489,0,7588.617160649791,-1927.016394262092,10485.802079681478,-2126.8837325235127,1470.9370185633782,59.24228391383263,CRITICAL
42.176147804601314,93.64260146602328,1,2802.4757993495105,1619.2217456494993,16303.548378286858,86.61447132082849,188.67903464993884,-176.48225733421592,WARNING
43.33676468841669,75.4617096110354,0,2752.9441749051566,296.0931927249721,17041.912452174118,-709.7359823817075,-1522.2027189491812,-992.3078085045288,WARNING
79.30248315125642,97.04199147258888,0,707.0659568478039,-6239.8089097023085,12712.521684149076,1190.3146477694568,4897.624611480454,-681.4415430641637,CRITICAL
20.269185178527376,45.05015131170454,0,-291.8112689155441,-1563.190808696657,17267.109777147158,-15.567439402560407,-36.09598271812513,638.6215135689722,HEALTHY
67.04497784568625,94.64640337328495,0,-9949.649133859866,12470.806864114615,11993.914930307414,2835.905897419987,-415.9643299324484,2196.4154528220256,CRITICAL
30.013248489372057,43.82141255338673,1,-244.8002418063011,-1127.5043377405957,15936.853537616087,-117.21142037412497,-16.051809241509165,218.65418109198598,HEALTHY
70.03481601576183,97.17934134611961,0,8107.9832826459215,6353.496215371701,11876.549675393768,1318.05725298516,2429.2705481273056,3711.596485149307,CRITICAL
56.386692480612375,90.69707424711576,0,2164.186627918424,2703.292394421341,14289.442347080545,-591.2920990920879,921.0752880113561,452.7207547930511,WARNING
26.77458493278257,74.26919786023589,0,-260.10244982649687,-1300.8429736229978,14906.719292867874,-335.4582536118301,39.255784507121156,-46.87374014449141,HEALTHY
65.72190673164341,91.55457150450913,1,-3221.7354784057734,-1384.9654876060072,9777.086347707349,383.81351114982414,3009.581167136519,647.4773294548966,CRITICAL
41.30399533412301,81.14865065095674,0,1999.7782042209667,-144.5687707647285,20494.24194463115,-943.4508826487564,474.61394082689486,467.7492781052966,WARNING
33.12513049615956,52.05824745642672,1,-410.56207492253924,145.2439500734544,17687.33686620339,22.06427262233763,15.178207704154959,124.53263878902933,HEALTHY
22.30119323583632,54.66204749516905,0,-1172.9838514653932,-1734.6639215329903,15918.930550936424,238.37370126173306,9.747830805753562,-444.8039644722571,HEALTHY
21.43535174087002,76.58337740886991,0,-570.4740239305688,-187.30417979489025,14411.278471802883,173.39733450692506,-199.78540226026306,-174.1258062187888,HEALTHY
25.576089423594954,40.05414502861873,0,591.0215565598763,1991.2526016435215,16739.792974927663,153.7034228299112,252.38677534630693,35.943690619689846,HEALTHY
25.89484173468289,73.16656882826058,0,-114.53984525261788,1237.8163119734618,14789.572341205632,-119.87500459075457,1.0487399436366331,9.39611875294841,HEALTHY
48.49122476413114,91.74654867649036,1,-1568.8500068601818,-5133.716371639722,17285.889386659586,50.60184298740865,389.07821930258916,-158.56923066798663,WARNING
44.34968707725956,81.68492748314263,1,3809.004534229117,-1657.3892245870034,19591.473985363933,85.4566139234787,-473.4578261079076,-80.48698227376649,WARNING
50.52350641339183,77.56032130406872,0,-2759.396406505791,648.9891167473847,18318.692933607053,588.7288938731334,402.07044579371325,-348.158673198184,WARNING
44.20370207243087,92.30831763576887,1,861.9414261320717,1187.530625879581,12499.226188556586,-644.2493228297262,-829.5973203412123,150.2812427882639,WARNING
30.584229571764396,60.862039356438686,0,-972.1523982026615,982.3194827554436,16286.169187900057,-221.5883341829991,-261.75566241538576,386.877705581706,HEALTHY
59.438282602513695,91.64956000063817,0,-5561.883370095595,3821.5860395738296,16127.644503666608,304.12942001914803,1170.6003717368976,-701.8350145634455,WARNING
74.31362781038452,95.55411115691733,1,1481.3214091936,-2995.743544833366,21105.160412410944,1180.9046015694491,2279.713208723406,-163.20384869411984,CRITICAL
72.19726935238032,85.83343709076426,0,-5756.225247269999,-2917.875228573458,13460.122530195877,-1455.5627650424774,2075.8742295911807,-296.8588373862008,CRITICAL
51.781202283319274,77.7060214446804,1,-2158.8053325367828,-4142.940900753919,17456.095744513204,-197.9650855784887,-110.40571154893058,564.1559871407953,WARNING
24.729355067459156,61.57965169501349,0,1230.1613134571462,836.0610511595236,13736.747120102491,145.90855332716282,-43.62077967478856,199.1715057436988,HEALTHY
31.929317735715262,45.41978075715379,0,75.57637267003781,1048.8641418753616,16354.783594146014,155.0230243178172,-209.10589713481062,-5.252158653970428,HEALTHY
68.62626602003566,92.4319019975854,1,-6644.935204253041,5384.58063263331,14673.918248915528,-3997.2221434360185,-1736.8011488369195,2349.378605312074,CRITICAL
77.96841089472485,94.33472878580262,0,3764.98786031488,-845.6310095033542,17669.28349580997,-3286.405542117727,117.96544311475103,-470.8577032775992,CRITICAL
82.8427025568581,94.93785865575556,0,4175.419316943792,10724.526313209915,22241.79821959107,1498.2950235844125,-672.3748188922852,384.3656500696798,CRITICAL
87.52183981342942,94.02680746610673,1,6734.721440710589,5411.983394112719,10413.537408406695,-44.38405422049635,4894.959993420109,-2931.5962237452695,CRITICAL
55.956286451061196,78.52853393204803,1,-700.3705790592593,1304.4550966357447,18731.610923173634,-615.644966600963,295.3623994886473,390.0293711074544,WARNING
55.150735735944586,88.04513035547089,0,2764.7145596934706,186.32118327773392,19574.807542473154,1210.4506002933508,1848.7502247864,43.56617467321645,WARNING
20.46762363667882,74.80786761968969,0,-974.7411862859307,-153.45634989981872,16898.801229895922,51.495905695494095,238.84633889434238,133.01796765513998,HEALTHY
49.37502120868828,84.98791198342131,1,-828.4402278755036,2494.5480360244255,17723.4375974426,-164.5206525062911,273.4011971692796,-383.7456958546966,WARNING
74.60823054409254,87.04334911248948,0,-4369.633956113049,2344.3282555386063,16593.173056668733,312.87173471862076,-4809.487593059617,31.829926101340888,CRITICAL
23.56316196311491,54.9300716651736,1,41.689037131941404,-232.3991065004716,16835.09529658298,-209.80138451409726,0.556474184315789,324.0859290208147,HEALTHY
71.65280290499808,90.93677172960841,0,-9554.236673169633,8652.805576252762,17489.250655906853,-1779.312967092282,2290.3761139631292,2325.5707836377414,CRITICAL
48.751954875075874,92.12190664472767,0,3176.526976838854,2721.420534985356,19767.326289638317,-318.299818360731,-717.2450260533674,570.7494531224773,WARNING
78.74270550922738,87.26678013841196,1,3384.546596288404,13034.631729352966,12116.698999312188,4871.463718883779,263.912294792492,-3934.51132760162,CRITICAL
71.71126742720939,95.39833872145441,1,-9546.565800712917,-10607.793634872107,14068.30384062033,43.63010111200672,-3735.9700434409833,-59.61842453285633,CRITICAL
30.459131285807853,70.10553176287344,0,361.44203694732533,338.34666692159095,14298.184141076712,-37.37391937007985,-47.78256839680573,286.03112731197564,HEALTHY
51.73178801108979,87.26078512944771,1,-1467.124333871844,-5649.753418646191,13276.66663272358,-217.99704454748158,33.7321283235315,54.57836956830898,WARNING
78.29642773392911,89.22278638699626,1,3954.0907163666448,1750.775011742681,17420.386866512294,-381.7248378291865,-418.69348128757224,-3495.7283044380365,CRITICAL
56.04836574357407,88.40805782032729,0,-5150.4963680417495,854.8040264732591,17891.250113120386,-410.48845377953825,-405.3431209374573,1580.4994101803532,WARNING
59.807955921839294,80.0523892120355,1,3941.132272085386,3436.1721835777594,17148.49229612749,627.2779223109602,-124.67681214927217,-1078.259714652658,WARNING
26.184195917474984,77.38919661953204,0,-654.2002848756773,1042.3604624928068,14557.071453522167,188.7133763801489,-28.24450713085014,268.0565140667983,HEALTHY
81.7176542313587,96.31552812406969,0,-16141.65378812121,-1633.333030636175,15038.447251363086,1338.5051282523239,-133.54163542149155,1438.3667618985744,CRITICAL
66.183596613736,86.56309656306777,1,5662.612708795932,5547.467195177103,17783.725489344273,-322.254973372002,4048.057072758514,-199.52055062853327,CRITICAL
29.558022152124206,66.37415688823131,0,-1509.4219134067625,-275.7272524673258,16260.21041218908,195.2296716169418,-6.023093420019919,51.84360366865201,HEALTHY
41.77272467786185,82.7298021211703,1,-6932.09685774117,5175.632712167988,15187.093702287913,1707.3162310241216,264.15505629467293,-141.87577254982207,WARNING
70.69732744274816,96.41896421837481,0,5092.832746388694,-386.5331974631321,8224.190717966356,806.3403332687795,844.0287188213878,-433.4300227728548,CRITICAL
31.114607913660024,70.68779412434287,0,1271.1382259809147,770.8631014640396,16876.686483800404,17.774601226348718,-289.1219944944165,-168.82738270354795,HEALTHY
22.20522432349668,68.43577321842166,0,-2619.1522050533395,-1290.5227272912905,17003.688921612113,-426.16759947117515,236.83620327344298,207.2314522277008,HEALTHY
56.91977754774463,81.26018438393787,1,26.219956684688608,-3500.14134290845,20483.89170457165,-352.3497166346312,373.5384973715331,-1018.1929836713072,WARNING
51.40698856017522,85.13566763164629,1,1716.9351762583876,-1604.5535098608534,14960.621441047157,414.1676347851917,-600.4132236235137,-269.3544165228495,WARNING
22.94723978604378,50.057206087498535,1,-442.0371483898755,1058.1300987323689,15867.266258549045,-257.70482725289116,-107.20361495279565,311.88113644382383,HEALTHY
42.20272057304098,82.57002521746276,0,-166.52839001376276,-3131.290480519181,20425.602947472238,-1883.4244716125836,84.87832506908597,369.92332427659676,WARNING
32.356510936986844,42.52561171709565,0,552.2999376795235,625.630933646001,15687.228181570425,116.40531341694538,52.08845266671119,-107.76837123854766,HEALTHY
21.00763099873565,56.20992352110755,1,-469.1477201949346,526.9374126317904,18004.53344516588,314.0989270522278,-200.75157831267413,102.05927791646465,HEALTHY
45.06757189715903,92.83100098825741,0,-147.59957897671663,-677.0281820069207,23386.192369023476,343.9555960628423,-866.34990828962,458.89717889528566,WARNING
67.8640510849012,94.34607093224422,0,11426.58799889204,-3530.1068956308845,12878.898980647587,2902.332569766181,3256.809579726847,-279.8936732824792,CRITICAL
21.891729835631157,63.26886109893907,1,-462.35252379332195,411.44832758859036,15012.633131817618,33.24682639762434,-195.07604703386747,187.20713089678148,HEALTHY
68.55872426637924,90.97653368664521,1,1196.9459917445472,3338.727016542855,17588.787483871354,-1896.2279369003875,-1984.6203232719745,-3082.50284807469,CRITICAL
81.35895501018055,98.16926020876012,1,-2292.3689241283105,-7438.106615208073,22149.350050092762,-141.9389396920926,-3518.24439022804,1014.7537655268428,CRITICAL
22.618847768707795,68.29705100647729,0,347.56161380355206,86.6976994143966,16739.66894856323,38.31547923881792,101.24819786118522,289.4611398783613,HEALTHY
86.12071562386454,95.96986265011657,1,10896.227198177943,7638.275905906418,18206.513860884337,182.1487677364556,874.5709791496904,-2283.192613754126,CRITICAL
25.618101782710436,78.02857225639664,0,473.86083374482297,1368.4501232657549,15467.173156181629,-24.82943605455368,-402.1925779489256,-98.56068499268564,HEALTHY
32.568625622777056,74.35057117397889,0,-212.8082614816047,-37.37385979861299,16016.771009669505,-367.23489288649955,318.9468014633832,-127.7723055888746,HEALTHY
55.10286100232283,91.07503948608164,0,-389.54388800303536,-719.8442374016428,16764.168588672783,-177.97458808590463,-1422.4985438099984,991.1126867798112,WARNING
40.71688304649121,88.21501109826596,0,4085.9232363298465,2222.505289057724,11249.426399591057,-293.9609676980896,167.2418069697393,41.70187768636119,WARNING
73.17180374065721,86.29029966357449,0,-8931.267834191709,-3644.4554860568123,12599.846045934546,4280.617559673123,3331.3581610277915,1461.870868203156,CRITICAL
50.19785151461743,92.26053896299247,0,-2665.6759284677532,-2048.225713941048,14976.997393655001,-102.50840510028492,151.69080136459752,894.0784656818626,WARNING
31.685080908860566,40.80210839136034,0,820.2323983059841,817.3062037383262,17338.085102156627,243.6960429743373,440.4027849319232,-71.21840972381104,HEALTHY
57.58063943752942,87.88860987029237,0,1096.0788149184164,723.8420916096219,18575.40528699611,435.1549033076492,65.96145311292895,303.1897591956371,WARNING
46.87644982517505,87.28062396897302,1,-1348.0086993344473,-760.7249067933783,15843.791437184525,-421.54375180232734,770.9337030560191,262.11933547937275,WARNING
80.8849889369778,95.71184202741613,1,1992.4776357554858,-2743.9482628661904,13308.467974035982,2365.297056991312,-318.7325719048801,4269.191102844488,CRITICAL
57.56754839391199,85.62830480816109,0,-1818.6642655841804,-3051.035527027712,15312.494407628225,748.0934860942325,-260.622847499339,1095.8182619713787,WARNING
20.417746663741337,72.2005952047228,1,-35.09646678459442,-853.932908460056,17674.46074137635,11.039848506017844,409.74165153977015,-325.09845403996655,HEALTHY
28.475487874639246,66.7873588985309,0,462.26246445420423,-1232.5760546154822,16180.819263379119,-154.46356854456695,190.05143877370853,254.30482953078774,HEALTHY
28.200192498331806,68.37188547670661,1,44.06256740659937,-1835.7687561770906,17772.66452010248,28.475582502093253,76.27056691605698,273.10529250525315,HEALTHY
86.84079507965679,91.15125623583411,0,-4005.4973823537002,2500.246917845828,19144.745749829017,-333.5879047590875,1038.033961281358,6.385696786105442,CRITICAL
55.26762519567125,83.58685566741549,1,-1761.6082453083297,1928.3614480318479,16013.19519286612,326.208958709805,885.9983445504123,554.0469509544312,WARNING
59.13320176848427,79.47816263082228,1,-2167.4789350990777,-2734.214655527973,18038.249828093154,1257.5019336532946,1043.1146300118185,-848.883873271894,WARNING
46.382790310683866,77.09410313724842,1,-807.8538453315919,2102.553260564583,16346.365322495998,90.4391498125198,394.225152775742,-444.37915226380693,WARNING
20.70558580122122,75.16440895571859,1,-275.9154704361769,-1705.5515908996056,17017.036726250528,13.853976235175026,-154.1574806080553,286.8816090069656,HEALTHY
26.14509303938779,79.12882674106233,0,-604.6620674952156,825.7263629471786,15612.530354778508,279.39231609156786,-152.03614624574675,7.701396499151827,HEALTHY
24.079245891929464,70.37593049671855,1,-480.2023741470187,714.086112952531,16557.916083833763,-33.85017681126132,25.812959648033768,-97.7962974858316,HEALTHY
43.32838875863205,80.8474516866051,0,1418.8935260285057,-2319.229657080146,16853.033428542072,669.2637442282556,-807.3683793734849,1221.5722899393475,WARNING
58.33957498037005,89.13530563723262,0,2831.3886427080133,3615.8877623595554,17237.909829377022,-161.04809138053596,19.837145638516674,792.2983845112659,WARNING
89.83993414279276,92.32844576748069,0,-6824.778418734778,-1396.72467070104,12772.379426865757,-2016.0090678198314,-2118.0841663715637,49.90196340028355,CRITICAL
83.47761340521768,94.21494311591096,0,3153.052324407067,3298.5005713369956,16987.53296445199,4479.443859998128,-2699.019350706799,2723.1827806540746,CRITICAL
49.10022064613914,77.99273443017853,1,1459.9394887846834,136.70568954564826,16196.44905063383,-845.1202660052005,-471.1962502873903,2192.0569173669214,WARNING
89.37856748465252,95.68940444666967,0,6905.007898106177,-518.3099061089916,16057.892353598785,-1834.056057481581,-3120.4839551074347,3709.3242677191697,CRITICAL
66.39337202959328,90.42174259311942,0,-7391.211324939662,-7665.628944336358,17226.17744032506,-12.784640119574236,-2471.844347018386,-712.9115731118039,CRITICAL
89.83540893189523,91.38469499458478,0,8182.9510416022595,37.53924582442542,10535.882087694536,4002.635913732319,2635.553395451849,-359.0335724630765,CRITICAL
31.48787965827113,67.66622607466167,1,-401.60771065712936,-154.5389942298694,18310.20756273258,-209.56441082553843,-162.900842152322,276.86488363084993,HEALTHY
82.25723824833958,85.00072185841468,1,-2053.793573550881,-5823.1422083178895,15222.893744869743,1358.170049581295,-245.80490876280228,-1316.9362446375264,CRITICAL
87.01930271816722,88.26324145021538,0,-4134.736292775731,-3789.659964759505,5767.865375180176,-1596.923832563683,1934.763681994914,2139.5112024316913,CRITICAL
77.87346698968275,85.63027886899539,1,6665.247629238489,-609.5469603156615,17975.061719702688,-1407.268738109589,-2141.396565568451,-3153.362543705053,CRITICAL
29.539320607455927,55.52662824507982,1,1122.8639537338076,517.5437758122711,16232.586769889716,83.2922889512282,60.208895254890315,349.00328599755767,HEALTHY
43.83189899368846,93.86759437989502,1,-4059.9727268756815,2490.081245354204,13396.733459188652,180.70001673708168,342.16783715904614,262.6232804998693,WARNING
73.58205314718026,87.98231036276131,1,-9053.055546357133,1524.2755881312335,18841.86213093125,-1961.375877105585,1801.9010743562226,-2700.9579115711995,CRITICAL
21.264058387711483,72.47446799330336,1,781.8212109654562,660.0954605303791,16454.486092258918,90.21297632751131,94.1580887933941,-72.72391142659431,HEALTHY
89.15776772231031,91.8189416043208,1,-5909.582130976171,2132.567841295494,9384.467520813061,3751.038889632044,-838.408122032828,-3309.788206851757,CRITICAL
22.742566698032256,73.02843806242667,1,1381.783897451939,1873.020623575457,14340.173705077883,186.45801701325584,-138.59683946629983,160.14960426465984,HEALTHY
58.53881325564079,81.67663047404145,1,-1602.8820808949831,-96.33982015154406,14496.462785971362,934.3228008341104,489.17895973534496,-355.1397175891377,WARNING
29.54437030968872,70.44486148172632,0,206.24754573786294,-1205.141792204277,16980.64383353371,153.90629381019977,-71.06237722358674,122.04887512094918,HEALTHY
69.03140868812463,97.31032012321928,1,813.6193703310445,5630.829475761445,23341.4132615782,2124.087030637712,-4690.8911913154625,-2844.9228146434743,CRITICAL
50.32466195871658,92.46318574765652,1,-3953.933413115105,827.8256953616874,19663.535457985316,-968.8395578678849,-731.8452521221956,180.8439343227752,WARNING
85.1526716186314,85.89546733419871,1,-4859.50114073509,5093.242981710285,18599.593207937138,-2371.1920155489183,-1601.6818323255782,3129.1624821148293,CRITICAL
47.24919697229121,79.95472328070231,1,-2774.0089519409066,-1206.994606410466,15370.991497832081,1104.7137392855177,-222.0329084041656,-371.224876404895,WARNING
48.635634717020615,90.2262754907849,1,-5483.687763462486,-878.4736697869791,18443.23059710692,-12.248141958574019,-232.22345446995683,-9.302263510852196,WARNING
27.656487335063485,65.06370044372841,0,885.458958900338,789.1340251466785,16463.000083611063,215.90872416232833,285.18731629582305,261.6448155651081,HEALTHY
21.87305115358884,61.017805054487184,1,1267.6515111879737,288.7280030098363,15226.883381286729,-266.6256709555613,-310.30244981178583,132.41036695169467,HEALTHY
46.98948991916338,86.906215036869,1,-103.28525729431232,3803.811414400204,15885.27197135902,240.3547309076489,-99.12142570647639,-646.6584819943619,WARNING
42.56270080501048,85.24207710927598,0,-692.6874404656614,-177.90138485487313,18314.530427761565,371.12718678236723,-427.11596934142926,414.9839194431521,WARNING
28.025550980673657,59.06477936505648,0,-662.6237589458467,570.5986685931593,15620.740843457483,-360.9764201329038,-325.50848757663255,9.616989332276399,HEALTHY
70.56107389485257,87.38223844260352,1,-7329.117261418094,-5931.242224087265,11268.603887179755,-2584.7032179342364,-2663.6447327562464,-1660.1283307828178,CRITICAL
71.51692817086216,90.89832638206354,1,-6244.452146369097,-322.08998251930706,23016.008137185556,3336.6113273166707,-251.23992135226908,-628.394555913714,CRITICAL
30.31653809548602,50.938980614999195,1,-357.10719224891875,-244.68450883413132,16111.3219684199,48.60237140194017,15.758603641569174,33.47249070234061,HEALTHY
81.62996540534662,96.0066613438573,0,2804.19162891084,3687.8844942581923,16137.576820097951,4254.998554205137,-1683.0017430786215,-634.2225615021016,CRITICAL
75.54710249936844,86.31015123780514,0,785.4359409322029,12898.902124815511,17114.33194564158,-151.72618598673427,279.8947826476983,-660.4990446588017,CRITICAL
41.95219996459415,79.80891127351819,1,1086.8679727366364,2617.7682992122027,17353.670224208792,-54.195655477072926,340.82121087772,-25.493736386265027,WARNING
20.237803180603503,43.679380426832,0,-1296.833847167973,-657.2117082110901,15618.254681293743,-18.88365242720953,-27.105253795774175,154.46291688814117,HEALTHY
85.08282280518051,94.21688388960044,1,-5803.158797620408,1025.7649392908086,14113.43574559077,-850.1728725395706,-1537.6541307845407,600.571632834852,CRITICAL
57.75803676656641,83.08389759217762,0,-45.33560877020442,733.2110725121302,17595.83661992231,-211.25894537737696,1771.2587680491827,-159.52479113608385,WARNING
82.88650666686868,92.9410594503509,0,-9016.810267830419,-1200.8073253688258,8892.509865401413,413.63272358280767,-1358.8391218857814,581.1606957490748,CRITICAL
48.78086520938906,77.54886111140246,1,-2804.622110870343,1742.4927573078721,17468.483512547522,-1055.4575112124335,1054.363264777821,237.9334507660045,WARNING
30.30784994703015,72.59174670094635,0,-1484.056664924335,-208.4682105404079,17590.608154863916,-305.43357131792953,-211.01787363533901,25.253547246813635,HEALTHY
55.49120499829174,83.34682946532652,1,670.4714099101919,-2825.3131101331064,13247.767368656881,293.5723290702998,450.86928597849607,-342.2513467824536,WARNING
32.68480283416014,50.38413134833914,1,-457.84838618248926,-159.36223214590655,16013.417237599217,-269.6094223880334,-142.93613539808635,104.2559810027629,HEALTHY
83.93876987705725,96.16950710902819,1,-2763.918828166225,-17444.6212741238,9695.18507951712,1359.5003848858055,3074.5665947239013,-2809.305834560099,CRITICAL
56.919362893092824,79.1281773538379,0,1356.2605741612886,3146.9030994001705,17591.324862943966,442.416256531915,331.1316909866008,70.92902380232782,WARNING
83.91201449941407,93.76745895968001,0,7404.421934891231,-3274.0453773790337,23119.53268142511,-353.1520628791421,1159.8686633041325,2583.066827595858,CRITICAL
20.498046631870498,43.14313988620083,1,632.1161012683779,-978.7666478612534,16735.891067906436,26.556139652831046,340.33924170669223,276.629000174455,HEALTHY
27.954531998737373,41.67804893726545,1,-781.0204292648907,-370.50630168951903,15373.405913293393,-13.436716132383378,166.3256615328937,-5.534133518852277,HEALTHY
29.542660470623492,71.42606472320928,0,850.093989316809,875.7158624009804,16740.16687722484,9.734967665365172,102.34753381580109,-171.06610287785173,HEALTHY
66.78060071839305,91.77510592112758,1,5419.005551968658,-12071.888194234218,5996.05252674211,-997.9574861117708,573.7276856387007,2650.5272062547765,CRITICAL
44.888788919433864,87.3345987075081,0,3438.8797834080174,-1412.5856511662334,11401.65921079956,-495.5715594423986,1132.8649338239188,-222.39261174676514,WARNING
41.22359761836813,82.48838353804594,1,4453.499291502144,1416.5195820877225,17978.745790649813,609.0421518352389,1196.795620072863,846.9257720133729,WARNING
28.23902740022664,69.93443333714478,0,-157.84202104008324,-536.0817951208536,19275.702989956768,55.67163328907255,-167.89631825455797,264.43342924422524,HEALTHY
46.436932704026404,79.92955819153472,1,1093.730039677744,3240.639273054324,13855.300497458575,761.2190170764844,1173.6185521561665,45.02540469561791,WARNING
52.11543673244748,77.56049525722153,0,764.5914573173394,6372.675514218768,17785.413777822912,-653.5347190842255,-1178.295528209162,265.40482152604204,WARNING
27.03561121277231,72.03754886165721,1,333.012047116258,-2344.970383081866,15068.832257571808,-76.0197127020645,-144.28326994917734,-29.561300709423545,HEALTHY
51.07680584457472,82.65585662159819,0,3713.693423181374,-5118.592964426875,15832.178107604084,-932.8749087176426,-1156.5698741474428,676.8696517413716,WARNING
83.11552596646827,92.37590183747454,0,-3152.4058484264924,-2070.6908455773323,11633.481056976583,679.1418536054356,389.6197959552488,81.90581935243692,CRITICAL
31.308021240648696,63.115644507763534,0,-649.0537204283726,-346.6533614301105,17490.85018218982,-22.81183447447129,167.91870913344107,-193.76632630935057,HEALTHY
66.31723590833472,98.81055992184356,1,9366.137582687754,4988.185526855937,13106.677507076909,-1037.6740856433764,201.24422167088423,1028.2819815214455,CRITICAL
22.37955779974398,52.50730660111169,1,-197.14738095841287,-1506.0888450601758,17454.579467578278,-17.008867807604673,15.928537978779353,320.0990131622115,HEALTHY
25.40350878200642,50.81573145538102,0,207.64933540409174,1059.9405560591506,14504.439371989978,-237.81457316076947,36.96265415283707,92.08394588800955,HEALTHY
44.608439436286744,89.8747362990489,0,-3510.390599043122,2463.070932182594,12989.090807423912,124.1922419251149,220.3106289016702,-901.0163043752898,WARNING
55.697366239877766,94.5254320087408,1,4183.689622998977,-2754.899759869511,17531.34201690466,-311.8023576451879,-291.4929562331424,-821.3999074932381,WARNING
26.301780917715874,76.21439497111481,0,1615.3756894694418,-322.3204692113399,17601.1585208255,304.26321038449026,199.66217962959206,-86.32406254360968,HEALTHY
75.16904267096824,87.65896448163855,0,-4609.270146855822,9861.229196454064,17211.34093347025,-593.5688754823672,-604.7105026252883,3.957636015274211,CRITICAL
51.78075783230634,88.71356760332357,0,-1928.3938390397295,581.2750841436467,12774.953606832252,544.8278669018558,26.326612412616623,-240.942155316372,WARNING
45.08504805229088,80.179969090562,1,-890.3209070995534,2719.7606857645555,17686.577891535497,113.99883724880053,-800.1931008373806,83.88759059173091,WARNING
72.76000754832909,92.06691827495432,0,12582.763274238163,1815.6811556775244,11385.201197917919,1633.2071407154253,-2356.692249613691,-2192.024095742107,CRITICAL
69.8756746255469,96.90005832891934,1,5922.506050498805,-4403.965673271858,14898.066376975718,2206.1844671177537,-897.0050681261081,341.1756263065472,CRITICAL
33.135276913791586,50.85723457104213,0,1393.181257934906,839.3491142316022,17256.824351005635,-193.23134467408343,-15.877684881140574,-60.09318974414074,HEALTHY
67.67499928708999,91.5720635705435,1,13188.287101516667,-6509.870131360324,891.6154714226533,3389.1907740679158,982.6782102272934,-1574.7497711648068,CRITICAL
85.26031532852467,85.42706838815232,1,-390.0829366683377,3599.6496536450995,11403.015266288028,3932.068564929213,494.9918078360546,-835.0946145319709,CRITICAL
54.50621151081401,84.97248926532566,1,1123.6399863600773,-1999.1306312616675,14174.8281282909,201.48192991543954,345.6599982138039,255.40759999249744,WARNING
50.42192359160251,94.5386283359463,1,1407.276650712713,-268.6122044856235,16191.836482490846,919.4312129276657,-487.5227628506819,1304.9396681211447,WARNING
80.53989427361745,95.9381138384472,0,-3309.164400609778,317.63680940880664,24366.710029373902,-297.765592041766,-176.30973774078157,3555.289637638859,CRITICAL
29.910910896637272,78.02425486319491,0,-426.9059567438021,553.3824463016972,15734.672274304137,-265.3389060155555,67.94080626333351,-300.30610466423985,HEALTHY
28.644325402502197,64.26860185531423,1,-329.27370705581797,-470.2814467294437,15981.548891373162,-85.82760701351813,-94.68523854009918,190.37660360571078,HEALTHY
28.238399970591807,68.5838369080025,1,183.85551440955837,577.8971350988347,18518.641248007407,45.369764396157294,331.09232507578423,-92.58508441272964,HEALTHY
29.204568544840757,75.91741173774948,1,-1103.637871249398,135.63200877595335,17394.70216458611,149.80878890520785,92.40266198585697,-34.04537831834875,HEALTHY
56.691439137418946,88.18959356573572,0,2081.5410419536865,5247.3689307729455,16729.090887997347,951.7340041882111,-878.1927265396862,-503.1349602677783,WARNING
82.36562510955235,93.81563544927796,0,1553.018436410552,5703.747271020995,7411.90224281767,-505.3144314195094,868.534538287506,512.3260393056491,CRITICAL
54.479997482391255,86.01978488992447,0,-1542.3311757352972,-64.29768045139181,13358.345522882653,999.763950132284,-1205.776419815661,-152.71842771558082,WARNING
48.38116797326191,88.64952758098636,1,7.994976538220987,-1312.1486508110859,14009.010741200762,-386.9255509464254,-540.5042745983598,457.3578686571198,WARNING
34.57926267889708,41.502092802401826,0,-604.9067639281748,497.7883094177774,16921.41200282038,128.4602470022352,-338.8511791990156,201.32130820652557,HEALTHY
71.13002787161787,86.21453855765246,1,-7276.290454793105,5405.186643293966,15661.342824152942,715.6421250397959,-626.7372625701475,1172.857003318032,CRITICAL
42.53053828098152,75.97683246641488,1,-263.8133201633227,-1000.7011975242222,19004.840235701846,-279.25078649977354,-319.6233442925381,628.8591779334346,WARNING
32.89519377620499,78.37888731821647,1,-350.7104446234962,1049.9941674505683,16722.89159821852,-66.82728969196855,-268.92980549388506,42.32007611770137,HEALTHY
23.51841940002243,78.53387331281596,0,870.0677306887538,495.6818879726045,16534.418905143575,72.99220049324502,480.683117047655,-11.523759406717078,HEALTHY
80.2456678860615,93.69751350505544,0,-1330.8377444366902,-2911.8673227127115,15579.740728441666,-4806.691091810609,728.6515097997478,-3267.8808663580303,CRITICAL
56.950012407526835,81.66078470726788,0,98.65145116026146,5519.996633327421,13142.1682564499,-22.646927569485886,-533.9988095375884,-346.3800237937376,WARNING
29.79119161777812,49.52731124186906,1,1249.8053194112154,420.3245871845206,16108.190434398008,-211.50625028666846,-120.68725098055255,-51.42445424944368,HEALTHY
57.774715787732504,84.28740640364082,0,322.9187657393312,-958.3441355014688,13927.277681179394,-415.41102741640464,571.8890286578197,1281.9641735454697,WARNING
52.60869058001468,89.32445650023234,1,2926.696971766251,-2627.6048757167346,14651.64192463233,403.5927843562962,656.8879967113043,854.3334737567521,WARNING
66.7639488816356,90.21785981710136,0,-13064.370765946558,3804.262399323355,19063.036579489748,-1310.5630681388684,-300.4730149890954,-736.254971110634,CRITICAL
27.802548384661268,45.71503845357647,0,-695.4692313216132,1557.098540624207,16940.2175789975,162.44795618784394,-131.38212009949478,-307.6739997936206,HEALTHY
34.90367259228828,46.995357447794504,1,-636.5053626495294,56.92642087077602,15706.809762346706,83.11014829484617,-55.20452971111388,53.743705460933676,HEALTHY
49.44561928657602,86.07672165004442,0,-3101.3395730093416,-208.97967521218845,13664.392420521091,-495.51122188573095,-35.4368693158128,738.6480254339616,WARNING
29.401300228134968,45.84386262165281,1,818.8037757372631,157.95760278095395,18114.851545869973,-166.99007365753553,-42.102267319948254,-26.635628053536408,HEALTHY
51.069798610008675,76.76911481371073,1,1587.0128302955347,707.4670241140012,14003.226944560885,194.38643030432036,-68.88927882856196,-561.4344723808339,WARNING
68.73765774684493,91.26123092989667,0,-3512.5179650231867,11336.184701655708,12046.727627504904,-238.05654366061137,727.8532881762537,1011.4388962124063,CRITICAL
31.22310677592691,76.23894654037042,1,-763.3491867151124,5.685698039677293,17234.186553848376,124.2508907910385,194.8524526172904,-249.91118054789604,HEALTHY
67.30927098189741,85.9113059438203,0,529.7138900288722,742.5765433992227,17433.536466463895,1707.860356613681,3130.088429094789,-1227.6901417419153,CRITICAL
33.54951691083139,66.89115317896321,1,501.1712644886682,11.095220319579393,15934.892531170684,40.445174918392965,115.44967447510597,-132.1788673972366,HEALTHY
82.54187292461916,85.2478409467979,0,-6616.278084944052,-2107.9701652217086,13040.739769108568,2321.4826720178853,-535.020513533074,1064.3231304896335,CRITICAL
52.15442808523938,94.63007378606439,1,-4095.739785505983,-4124.7884800693855,14240.870248872649,-311.50243777641435,-17.80927083521748,483.0936437057074,WARNING
25.228605008629557,46.3714978097122,1,1005.142573278018,-252.3800434644497,16724.60001909986,287.0363098380103,112.88059757865324,71.11012593487055,HEALTHY
21.92894728940829,62.95402391900107,0,232.78674294016363,-756.7639770159263,14194.078295021447,238.91844410274615,191.67716396840848,10.33219537021596,HEALTHY
42.432363136392986,76.30091915474281,1,-2291.1655344808187,151.66249474182973,17647.471197738883,-75.80445053753078,-218.50585213505423,-149.5558308030469,WARNING
20.76895188763997,56.075050849469584,1,1343.4902081840628,-1812.334583770722,18642.827121908187,-135.66134650303925,420.4873353963676,-51.241914427996896,HEALTHY
26.313158746148094,69.08417796234028,1,1046.2572134371721,1602.2113887316757,15686.716319530186,48.591270426270256,-48.6156112158416,172.77433191040132,HEALTHY
75.14204751255326,91.52795637452792,1,7425.0042152275555,-2274.3359740728815,14617.31030528183,284.30994252592836,-121.6059636819982,1535.3427396822335,CRITICAL
56.9843828938821,84.60533851331255,0,1249.1957681149834,1643.9731488098575,16673.94539570674,1150.7277076411856,145.01222456866623,643.1276320256683,WARNING
55.16849451415084,79.11209838078267,0,-837.8578469454812,-338.33558480777424,13310.26210572978,-288.3462640701672,1268.0890412357392,405.3534106128521,WARNING
20.71746230591158,41.520873929498194,0,-365.3215513121087,184.6803058649084,15036.873710470303,-194.32280770213032,240.08278158888507,-131.37885579427916,HEALTHY
51.200079784578364,84.00780152811862,1,2756.7418157252164,2151.762931486085,15845.302042448711,1202.5951389726577,129.72269956301167,-1022.0875525971752,WARNING
72.80182545738556,96.9004001835502,1,-1146.523946512237,-5376.01621125317,23695.716068988953,3407.4012767675786,-805.7368889361176,258.69894333897577,CRITICAL
70.54136687342792,87.15386347424723,0,-1925.5034503875725,-3473.0419204924747,5993.0281619028765,2743.2659630568032,-2210.4392947851134,705.2271420832827,CRITICAL
43.49615787550372,87.52218147438785,0,3978.0382272057336,1356.9366847814051,16734.73356425136,-459.60387434284513,635.3282677327378,-576.9557075572171,WARNING
85.27958548709465,94.81980434860499,1,3027.9206432046717,1185.5722935599954,22689.03127262025,-558.2788762246367,-665.1582137711817,2356.136480562532,CRITICAL
80.72207396419216,94.63279084052195,0,-3214.9239343154527,1551.9361798989084,15606.898461621999,6431.89448622333,976.7991247248905,-2282.9135984152776,CRITICAL
65.54752689815919,88.35161424534024,1,4772.596240844598,175.04656060857567,18002.703576399617,23.18771865074288,-2051.8866793988564,49.2947564210859,CRITICAL
42.72455556636898,78.62161404615883,0,3099.839764086903,1987.7376743226175,14295.9510233421,-64.64830832950074,332.7593036975091,176.4843511569144,WARNING
40.71421898056286,82.30326711356058,1,931.2016579868769,-1273.1508325717964,19287.365831770887,298.79313915734093,318.24477514322314,69.22577136619515,WARNING
31.73727386845907,49.1136967017244,0,-1252.5890123654954,-502.4624869106166,16665.17956226945,-185.12416995487328,128.3374874309299,244.92541744526636,HEALTHY
40.507429760846314,90.00300562597036,0,-1500.5643252764273,1695.6842509743572,18124.14809294512,-1170.471939649516,306.93022989759726,-51.77469178048435,WARNING
23.873402198899743,49.7386817626704,1,953.0015927659814,-924.2924588558654,16608.35555774313,-115.8146201838806,-13.099416167945204,-320.6691819317487,HEALTHY
81.4626611798099,86.73900265986259,1,-8048.1491071453,-12551.6500354619,18154.439033083472,1956.073610171888,32.20449196390369,-808.6292870528338,CRITICAL
82.87307816052811,85.79113794859806,0,-794.6683181974347,6027.587202746894,17761.52438185421,-476.488603796908,-238.31853990246807,-117.6528183361006,CRITICAL
80.6805677215457,93.7025813625291,1,-3346.6521751125783,-6809.844989395545,11987.121033377805,1318.91704887871,3296.8252153889734,1510.9234277419264,CRITICAL
86.30521963277216,90.84621122010492,0,6089.553629925654,904.1446515782994,16825.20232629377,2028.6409320880737,-667.8728841042695,-1124.2489391986196,CRITICAL
28.636787941616173,74.14618195764447,0,-1395.7892021924852,591.3492417584004,15660.009668257391,-39.078070235404795,-90.38987438237554,-157.86770114393488,HEALTHY
42.65172192809918,93.40366806026672,1,2473.998323976177,-1398.0644948880272,19073.835306751997,102.03104752936008,358.0888699654034,255.80228997729637,WARNING
41.8781992966206,88.18750374838986,0,674.169472468201,-325.90320244837164,18330.568411605393,-785.5784851550316,36.87771801705738,-1101.4479868101014,WARNING
65.09039654428919,86.64606170818675,1,-5372.001451060212,-4198.003609709775,17217.365024161863,436.48359072951,-457.6031029021,-614.7202912991228,CRITICAL
20.101948228791677,70.55426000800855,0,-1320.9253060633012,-2123.6830173248295,16673.653698209757,9.174288976912989,155.80597352602587,-222.0851498504885,HEALTHY
44.21078293675686,81.77482525906964,1,212.1636459027604,1714.0484355462074,17166.164128727276,46.01636203310116,-187.85815939616654,56.90399752973677,WARNING
46.54183012003277,84.76120312539325,0,5914.1167369473405,607.8744290340371,17770.18210963667,474.3907658462305,-1123.1200860962163,-287.78552087969945,WARNING
82.93772381039949,91.76201920346404,1,7773.045492704753,4426.720537739501,25785.87308421996,6273.372096644546,2862.906041575711,1851.3338958157226,CRITICAL
45.07761692248064,77.78118251587858,1,-768.1155641543287,3422.7364569071283,16137.197763860817,578.4956269342364,-157.74603953093987,1166.6642814592665,WARNING
21.416936387016303,79.55502848550174,0,-447.09645128919465,-564.6921157579213,18018.666552519873,199.40394231635403,-138.14158518578404,33.03906819049138,HEALTHY
32.77137436617644,48.34042057429343,0,886.4481970162597,-2293.9763400335855,17860.146110720067,216.71698014845978,354.84250082760417,52.05311167354535,HEALTHY
40.686867687064364,88.0646253761369,1,3338.6847446266365,-1938.447574181516,14644.475973434586,-111.53000425654568,1249.1912221975103,-115.79683652732538,WARNING
34.779049821513524,49.90024514279216,1,753.3844599846924,133.78906286510542,16961.193317187728,-245.80358731063714,109.8859014871527,-132.00562978214862,HEALTHY
27.24276911615157,48.49142566674365,1,-164.33520588539142,212.09335307417552,15390.641300418049,-203.17576539799566,-277.7085107662422,-320.054220900742,HEALTHY
25.89755651846396,55.51057314118999,1,-637.9182339558696,-876.629201889481,17571.724512120214,-255.2421794014107,-192.6130226823691,-139.64220867801592,HEALTHY
27.67853181904436,52.78472502032285,0,2352.5850789570027,-1574.329254232913,15013.102641499865,138.53440685054622,236.53601101319546,161.79053227171443,HEALTHY
44.48694372743529,93.9059248987477,1,-889.5903108506529,2290.1877452422495,14541.60185797075,-6.342234632363221,648.1574088528502,-822.8407144173261,WARNING
23.23731541245265,64.91561903276,1,-391.4018120818318,438.02259742167513,18047.76978944825,-147.84728629102145,-21.4388950322252,-97.24345715062476,HEALTHY
74.8945986797854,92.19033351400365,1,10279.793806407337,133.88026695072864,21127.90689616163,-1107.440413916483,-594.6322134181843,1561.338951189683,CRITICAL
33.736823591811905,54.39176374181198,1,195.4817315532908,-98.84520123930605,16819.975389500047,-506.44921704393704,136.41389801252626,25.235580732393437,HEALTHY
29.42753255354306,48.60622486496222,0,595.4908976392574,-589.8947564628909,16251.830644355628,14.455793076857779,-300.0443722893872,-155.76740856408696,HEALTHY
74.46307608658132,98.95443911089643,1,3264.397577269283,-8903.25070366008,7522.943262493741,617.1495188379473,2571.636953925592,892.0909121126737,CRITICAL
72.37126792268431,94.78764660401026,1,-1388.8864174265666,405.6017773946952,12534.37029366031,3942.565079028535,1077.2531663264583,-1608.6245288977707,CRITICAL
50.309698187745845,77.6676898708568,1,2298.606041062601,2765.231307133435,17187.646964727315,-553.66771637689,-1066.0681303695137,-1366.2435385166261,WARNING
41.52786633590611,90.5693667983037,1,-2226.5085056785556,-814.8949818212775,16239.244371530382,-812.0964703385637,570.5844798169678,1063.6153741982105,WARNING
44.68777240434573,77.07875525177852,0,1857.2258238529348,-2325.7789278641626,20528.351375067396,-45.7996660955312,-608.590802086827,22.511033695627106,WARNING
67.15432499117453,90.41555510213561,1,-423.11215798990344,1109.7715625129724,9752.595589722543,1717.7213940293261,423.80067083513745,1048.9530193014693,CRITICAL
20.275574818071565,50.82087120687386,1,-594.2108723816666,-616.1434580489434,15343.801289044526,139.76313405609525,289.7640216675431,-63.01638558178468,HEALTHY
85.82773543549091,97.36460363228811,1,652.291612316782,3544.6616867273774,18128.008037331423,-996.5966250144636,-390.875932561622,1985.8763749651066,CRITICAL
77.31279145834084,93.03536755964403,0,5027.0805331004285,-3389.8347862254873,19679.88304370401,-1339.9851005513096,-1660.7657653376864,-2064.6925277427267,CRITICAL
33.93289324768348,53.27886018943382,1,78.92781907222076,-303.6385369878578,16817.11596387311,77.6932830096582,305.8733616696289,-19.057069429000897,HEALTHY
20.831238326633667,53.24585956656599,1,-2640.897679343706,-323.43786754460393,16494.389639107696,101.48418556665774,-183.18494545248544,226.85895877764247,HEALTHY
53.567201795658036,80.72372493368267,0,2631.3682768368717,-4607.34226561919,17002.17863027189,620.6056449303547,-1015.8584092308108,-646.9878818165502,WARNING
29.361523162727565,61.59124247658532,0,-1580.251936743527,16.053418643930875,16144.82133396983,164.62099514900137,178.48216396304227,19.124089177878496,HEALTHY
50.29964807391612,81.4365501633816,0,2226.371979280525,2262.117592967759,21291.09238776037,-484.02274385189344,-450.54392584974465,-17.72970546211911,WARNING
82.65378006340715,97.72622992629341,0,-13705.255855717605,2209.9619919278666,4684.7125459446,900.2316818303967,5174.396485677535,2720.6923101011957,CRITICAL
33.32963170754776,59.35399880132893,1,-926.4670182411171,-960.1287386482825,16528.907969330903,56.192664233019855,371.5857520116498,194.1609705074406,HEALTHY
48.53773391418332,82.73540469763364,1,127.62876685837011,1741.415858643855,15344.459475303365,649.5081358326496,-801.0472458418094,48.67542616087321,WARNING
53.81702350932098,79.41400799311134,1,2186.849053950643,-770.3690736328437,11901.116243864624,-33.82377511404103,-1075.9182007895504,1528.9614212284312,WARNING
45.13065235221957,86.27435359095236,1,14.462902521798966,1158.1395709492774,13294.55395842376,-106.85570081338298,-353.8713484688269,666.3530816311977,WARNING
23.301669888571297,54.02082137144647,1,1546.090168234707,811.1432591099114,14931.204104111654,-279.4315996436155,-26.09197380787301,-79.06109548794927,HEALTHY
25.52520820691527,57.293849056133894,0,-1699.9597206830213,-259.39175593725616,17319.39205379813,-40.81865940311738,89.10776930580103,222.23987133065606,HEALTHY
43.738190696541544,85.84070771012236,0,-147.94777702611097,-1938.8046234462781,15713.312436983793,-169.83827385988116,-93.1179731749565,-737.8339467217754,WARNING
32.8159926998852,69.95996069619828,1,302.6979943767323,202.67836338519052,18283.93966662289,-402.13878191641356,-517.8127869376999,412.4425048076513,HEALTHY
67.91019216162049,91.85348606371736,0,4296.276828676098,-7779.589064456158,17169.205149971705,-1529.8901506711911,1099.9714181975862,1317.7275911771537,CRITICAL
59.83596140091532,80.74599600073529,1,-511.19082356125216,-226.46755347028414,18530.832837898335,596.6858871119822,809.6326237405094,962.3441022446665,WARNING
76.9048365889139,98.80875578633629,0,-5316.236330315445,-134.30793898086043,20295.049431882133,925.825558986226,-1350.078022838936,2394.9890331287265,CRITICAL
29.426104364614847,57.54596073743938,0,276.6007655111806,1195.4806508254787,15787.37094138827,419.5878678264863,-105.12618679707688,6.481402668027243,HEALTHY
69.52327036855223,95.01552635623965,0,1580.8950637617615,5275.974159289627,-1912.985755528838,-1548.1008600476123,302.5357302060862,3406.1535732528932,CRITICAL
43.077259389076744,94.52831248547658,1,-624.4524629565465,1473.7350234191713,16415.89307263846,659.6105058916859,467.2599647780273,-215.8836045371226,WARNING
47.44847392350014,90.7982340044561,0,3539.84078782236,-1790.357213691412,16424.96729619909,-836.0037291489389,354.17789436045103,92.03954796915647,WARNING
47.58597585344375,90.43329876545404,1,-2111.802426919769,-435.9492685097516,14150.876256204006,-23.926930181342513,-251.7891851813307,-358.80607262273213,WARNING
27.155723377690318,73.39597713457566,1,963.9069340758625,-20.098751769651646,15612.799700450709,-354.79392322242586,-137.209951407036,-123.44244932959232,HEALTHY
71.18905167216914,86.38534687358893,0,3199.288521864565,-4164.636487801972,13675.81496046927,741.2475322509529,-42.74352053190766,1512.5050586425816,CRITICAL
76.72338932354594,95.2695749779466,0,3195.7868062623793,-35.413453923303635,16793.699655631834,-54.270465238285496,-1796.2024095994846,3176.6759144547013,CRITICAL
51.913869916271366,76.87178264144845,0,1368.8163260890503,1813.9754387058038,19983.885103571578,752.938755812362,396.73226678236045,748.0495537130594,WARNING
51.56189814919418,80.14427357503257,1,-2569.0078579334604,-1325.829751868088,15541.098621429783,-92.19339215422833,73.80373429580344,409.6755778795871,WARNING
32.57823822354242,54.247425884703766,1,-787.7837519082389,-620.847598251116,16215.85618141521,-94.41811553942544,-395.85996207515757,149.58205122350677,HEALTHY
86.50124699240543,86.80547142670345,1,1295.574906113849,1002.028645365424,16961.664246397177,-4202.630897988179,-1442.0880132390148,1711.716764484657,CRITICAL
81.6873286943369,85.71582975550373,0,3833.53813424731,1304.5238546177748,26849.867514539637,-52.85104273412562,-513.7799678497776,-799.6346621492005,CRITICAL
70.80015503204518,90.9857682800673,1,1053.766276093598,-9378.231684405082,11615.157619497222,-644.8413738059012,-301.3951400345608,-1000.8828049100771,CRITICAL
31.03930340772767,52.049251791756326,1,-941.4745524055496,-2089.5702371698126,17700.855659619898,-45.28334626905235,9.932066763316321,199.34027484790437,HEALTHY
54.08171337284671,80.20231966030798,1,4587.85797930875,-1265.6831679280422,16807.17089478893,-526.8241021861436,1190.1349354180702,577.379839313538,WARNING
54.389749407152244,92.93869241017832,1,826.0027775144627,-93.52662043465642,13848.504824549882,-556.8588855864061,-925.9577265674343,1049.0846221297877,WARNING
51.7533810294652,81.35878659413646,1,1302.167014693449,-1017.9329848455395,14268.07777912365,-753.4801171279788,-355.1953996141292,620.9676919500304,WARNING
55.23610509909905,81.58191760629519,1,-3586.039397119899,1049.2884718283112,16820.9620645163,-422.71918075840637,1277.8759266167915,-867.5012271130662,WARNING
71.53627121918367,93.47743500718707,0,5671.560467364824,927.8397517580842,12049.998256898774,882.1082256312894,973.9694153177267,1347.8887807006197,CRITICAL
88.2708103954372,98.44901437082467,0,-13052.285457455584,7839.74668211855,13675.48753728613,-1617.3362939710369,1499.9456933409324,-1259.9072833879268,CRITICAL
47.77966203200878,92.79515629946307,0,-2334.854768545021,-2561.212497538596,16929.99911352693,-188.36952307352738,231.48525865979872,-846.4741281231226,WARNING
66.40562289560484,99.21840734027012,0,-8831.774526285932,-2127.8725381666254,24248.660274958525,-2588.892858817913,-504.5746897123632,1721.985245390066,CRITICAL
47.17246814046498,84.10065238243989,1,-6823.510962309335,13.013154737365953,15234.9867531063,-744.2810805718947,-387.2687012878596,-401.5922010048561,WARNING
85.4291295866486,86.33883200822385,0,-1858.1094976577015,-3097.236788138784,17312.0024204467,-1309.6927059095472,-168.35069761306954,141.87207615557125,CRITICAL
27.523635498769224,79.04747899952335,1,629.5295842218109,-804.3157596599924,17279.3554307626,-126.31554583306628,50.63304760759624,164.0688025224912,HEALTHY
53.71406102777874,89.88829428071135,1,-1003.7292040187211,-1186.1262386724188,14029.462446381674,215.6892250352936,513.0073077189895,-359.33043067425314,WARNING
69.51191740227308,95.43067801008976,1,-6313.601854763989,5689.80786274909,10128.027362154255,-3115.0606463925988,310.7071538779255,-552.0112301498167,CRITICAL
30.407947428135984,52.23254045134656,0,-1146.4003067177848,465.7733184908234,18251.224204312315,248.64686609589276,141.43723701001898,195.83708711794665,HEALTHY
48.67642920969611,88.46979623026367,1,4009.6651681696644,1698.4534325297655,12506.4345450417,1053.6371992153277,1103.0043152616354,13.153357915558534,WARNING
88.80368023452999,91.55693584126578,1,1021.2169476812337,-3080.2649250878944,10199.108335299603,-677.4860235428216,1396.531072984191,87.62838566352185,CRITICAL
27.592097790419665,72.58500224103669,0,-2214.173733173655,-406.9169840002802,16836.32323296498,-436.6697836859555,267.2530720844463,75.97840736069669,HEALTHY
46.93937996740037,77.04123570275654,1,-740.8257066217122,226.5340043119391,13578.618962228686,580.4505303717866,1132.572800068421,-838.3179964455611,WARNING
26.389065627004094,79.78736660785948,0,-1181.8741254208012,449.47391283230684,18470.047049537116,-202.95189863717042,-72.29255333879713,83.2892076202905,HEALTHY
59.8378696628529,75.77233211224502,1,394.0863961023599,487.38773103046833,16323.677223862567,357.4204832872195,-556.9585936780653,979.5925486577181,WARNING
71.53410070456627,86.17080937008106,1,12357.256931195669,1125.1785618175822,22014.10187814599,418.99249545655977,2100.634812073961,158.35692594994526,CRITICAL
30.440309270806882,46.1558362535942,1,2235.674686984474,-665.9384827953962,14138.332801006163,-175.67423741855686,-36.19814778794472,-352.3727484079477,HEALTHY
83.09966874934376,90.2978385725701,1,328.46372723023126,-3611.9648813036656,19261.652717066827,2553.898509329006,3579.5813996747543,1485.4461228498521,CRITICAL
80.53099732023422,91.61562283384791,1,-5063.716930620975,1402.3104232702892,11232.102225959616,-1179.8333166815873,1966.902780576694,272.95964757628445,CRITICAL
22.575408615581743,60.00451008306508,0,2236.2996208482405,1384.4724381803876,16341.798605687956,386.28783022541126,-20.37267887313144,144.8820942867059,HEALTHY
73.81612016335755,90.08215630346017,0,-5093.69832785013,-4804.192869298558,27453.663173208664,3649.9052465535997,859.831280846209,-2772.4086516832726,CRITICAL
33.643331426558035,40.7212803930092,0,1514.974223933857,-1838.3093347090476,16075.03891918826,-66.4680343171746,170.68836047943861,247.13212907674875,HEALTHY
74.84780811878382,99.491787310008,0,-7374.2322116517935,-1865.2428892617288,8873.40768031646,-1478.06217201016,-1507.9545907742352,-1881.4090445615566,CRITICAL
59.58449944513222,84.88548722812249,1,-2788.116340942035,-695.7756396914407,15453.839186671685,196.62378862082005,-386.95364228162606,-416.7139883857876,WARNING
86.51812246207224,97.51407960487498,0,-6177.55716153875,7336.356060511583,16089.10127476867,2567.996666830253,1504.028092123488,822.2282826279567,CRITICAL
69.65243919457261,94.83429820667483,0,-4895.099522352819,11759.424924027688,16771.53496129635,275.5365881108953,-3076.5121182017892,-4223.978519704858,CRITICAL
52.161408953981635,77.16299196026526,1,3532.5650378060145,-1203.1940302309001,18281.248637188804,-84.36732364964064,-1526.083932562253,32.25305148511732,WARNING
20.566767598935193,65.73478900279042,0,-677.2028800797007,1249.7827578176905,17236.216006578015,-127.85716346281173,158.00293365700895,-48.11400643521623,HEALTHY
21.20134264506742,47.32678109713171,1,-1764.4481722305586,291.0068624638142,16697.64036740782,133.20691467797198,134.52515217439048,354.14113014675985,HEALTHY
34.4167740203246,65.09586221263386,0,880.9151690332453,-96.34663149429264,16690.698373659437,-110.14335762371505,-123.27308583646803,57.11117790807943,HEALTHY
50.36267826688675,75.23042024052087,1,-5642.413461191741,1593.9503444545294,16757.163775983245,1116.6596321324132,-520.3514831379305,360.8609438105649,WARNING
43.705363513954694,82.10632528650709,1,763.6156096509332,5523.467814757298,15062.475089405643,1331.59819824778,1442.4822536095428,954.133824893726,WARNING
47.776730340948,92.01861654866482,0,1100.7953035698754,1945.1627345433367,14503.99123285808,755.5122402976872,-337.19021071233624,-984.3729732070593,WARNING
73.63335790367069,93.87958889314088,0,8795.070953901504,-2299.5881300147353,25233.828589486908,-192.49509189007046,1289.1697861426314,148.59792554942865,CRITICAL
23.687711637401005,54.32558866116578,0,1105.631691524071,921.7034851003533,16121.45967671794,-100.27308389679041,-192.437835996137,100.48945334580146,HEALTHY
29.431010225899893,50.64405474149234,1,-260.7698462560682,-1238.5631890346672,15236.064181790622,6.720263328797927,-369.94082913439206,-175.83260312426634,HEALTHY
43.73388594922824,91.77155332742849,0,473.391779534263,-5311.112447401676,17364.55793968789,681.9229682942648,-250.0792273470951,-237.38092778744354,WARNING
49.43818219829175,89.334495653629,0,422.5863871623278,-149.4981550705153,14039.410238621347,-261.10866633717177,-93.56637109541352,-1764.0704769233234,WARNING
26.177613712209027,53.954730661719815,0,451.51594201896967,643.8026017043184,17067.96163747445,-28.90481707078092,133.6201903513425,-37.84153189913544,HEALTHY
49.90184899986312,83.63866846726953,0,-932.5586237754294,-3811.501778050769,14455.382103529604,-230.8155150625068,-9.842434140493204,888.3895744354472,WARNING
55.133835465520676,84.07865564607124,1,-2920.2173802696207,2534.167714667093,19438.270348799884,-799.4803158430295,-815.616631031177,-427.2892021286937,WARNING
41.012027742436096,92.85022838188303,1,-5051.8356961001855,1482.9211914222428,14104.867156723312,-866.2278954697501,-796.0565482816227,357.4531856494677,WARNING
27.709842337397163,71.34612050964573,1,220.07432880362106,-1883.8834892338937,17352.628484627345,129.1465577446495,242.43128664502035,-28.809859654903967,HEALTHY
46.349334872651106,86.96403791587717,0,-2140.2424915530037,-468.47329839126843,15198.595786254195,1196.9594356997206,-865.5889201041139,274.70639285335943,WARNING
23.87588971805555,72.74372921492431,1,-175.29452990401285,399.3176017191309,16744.39339501808,100.85757067685451,58.19294602748859,-101.40173185401116,HEALTHY
75.67859812774945,93.80478224510185,1,-13174.306839649127,-3443.878760659578,16162.412513649744,-83.04144658324472,-168.41001688514288,1631.812969738771,CRITICAL
31.187963575479994,71.7872230204323,0,-777.5331239548555,1161.6088136571377,16096.441889848866,-206.0811474455116,-237.70709079222013,397.76401075675886,HEALTHY
22.570974684871288,43.159223974649265,0,2035.0091093347894,358.2066338703748,16105.291075780353,52.85411461236087,-154.89232878486203,-77.26089969558126,HEALTHY
28.025382568983993,45.77550528534669,0,-479.0510573617538,-1773.504333949613,15693.613373861324,0.818601535091253,158.63387335861958,-3.3071500495251303,HEALTHY
78.65745174697201,91.45300145113987,0,-5210.717817160981,1242.1467345840872,15866.301088620286,-413.0317475485335,1176.277499200897,231.28914558516453,CRITICAL
41.46888940318446,83.01109195963664,1,-48.09190266014829,2167.0527147916437,17482.914436664847,-33.7458699497926,12.542416755341616,-757.9838438081317,WARNING
20.454398397194385,70.82570108059048,0,-853.8230875043771,-643.1833420270304,17082.95307171742,-125.80757224072218,-23.530986320432813,3.0055500574194016,HEALTHY
21.70469058045079,40.15673499804373,0,111.89670448859903,103.27915300694296,17902.624039456427,137.28350008934592,43.39455800737453,-189.5028947302784,HEALTHY
57.1905541049498,93.49225064665944,0,-2100.6301769881975,-996.9427195778,17561.528079563897,-616.129396763455,158.31473862693582,158.0629353847715,WARNING
87.53471538838933,89.37526015219916,0,-581.8231060118528,-5940.833350465387,19785.39891123277,-1477.7150026183876,-631.9932897666231,-927.8360806437203,CRITICAL
51.35642761000942,94.97446509075428,1,1396.211301948083,2921.4914819887226,17127.621513059872,273.92243634737514,-187.60541975375003,-611.8724940038712,WARNING
58.717425839289156,92.35288065824,1,4853.015020664805,230.94787348017127,16789.53229311556,-675.1477739927215,-296.48033337354605,-1091.1619385925424,WARNING
48.0341906682668,84.6079417640464,0,1290.1375369389111,2173.771205000299,13652.83239880915,840.3460411080117,146.54243512680011,104.5336878388606,WARNING
84.4339957109223,91.95038959596452,0,3935.763312848241,-9.430844239165573,13883.767098453654,-779.5242722328624,217.56981172159237,-2136.874971691658,CRITICAL
59.132237083277175,89.90145229182977,1,2841.624265938864,-2098.2238417711974,22230.627351386403,482.48876838771486,296.9746870825075,-68.05509111665832,WARNING
29.55953234807036,42.82786432737465,1,-1693.0848158309466,695.7374985106183,16481.963264476126,-67.60760818198924,-78.71057464982783,181.99915642424654,HEALTHY
21.37029864085334,70.26586197409596,0,640.9053137937868,394.39652418284163,15987.142955084679,-249.35564956757293,-26.13079379242264,113.15473993441267,HEALTHY
31.79439338894417,75.26890094065043,1,208.38231251962102,-467.3860752954615,14120.853209244857,127.4582910027979,230.8272473056047,-305.1235856596499,HEALTHY
85.46617589001988,88.72162128542203,0,-1823.3324822702166,-1748.4898243914738,11881.87189150271,1750.139882673368,2834.1613053712235,-1530.7074035262235,CRITICAL
29.33044218878014,60.229691934217776,1,463.6778349956555,548.021227119131,16938.833795968643,160.87515945006646,-89.1579667704921,99.14508768459288,HEALTHY
73.59758001457725,98.07512163375351,0,-5643.737956487692,-5315.178934502417,14037.84203109443,-3865.3494676146975,105.48836847617744,-519.1178956760947,CRITICAL
54.74497577513473,83.55254943374777,0,-525.5298547412434,-1287.0597409018203,14458.457713171689,-612.8934703032841,-452.5207466642165,-414.6663223411623,WARNING
81.34930814276916,95.59612960413251,1,738.2681581959633,-9023.883358929445,21088.46913755603,3157.4448146063723,1190.5037443398123,-310.7146820248787,CRITICAL
71.0754190742684,85.61617342006178,0,-6364.3897437332025,8846.761959641015,18761.625525670668,1245.328431836316,-658.4091266578323,-2616.438395792741,CRITICAL
40.7798280940999,90.01378436977444,1,-4785.466681852012,-3569.5163227109333,17514.986208225924,161.19061927854858,-244.83958490694997,1436.7422501578292,WARNING
31.563827669660782,73.79132912467551,1,513.835193065546,-256.81030841903356,18022.11274954764,300.2077680008921,73.10134696533854,-315.94461414235934,HEALTHY
76.20586583042667,98.00243308151968,0,-7250.111696973594,-3985.6858468459254,12170.216720852586,1052.5717373639586,-843.4237036870055,-3095.680922557323,CRITICAL
20.042632304959586,77.23592577485718,0,1512.5307023025507,-1131.56260654633,15819.885199388405,-74.0865202820879,-30.500014030062406,-69.19616618049815,HEALTHY
79.31035944932493,92.3000292551326,0,622.9801651720093,2325.7911720254415,7671.4631133175635,-1960.9145156464963,-512.5226139820699,-3557.3222407209846,CRITICAL
46.89965691391757,88.3989836200616,1,-6557.874763935358,-45.387316479362305,19377.99639654046,90.16600538918578,956.246303363786,-315.4014231097188,WARNING
23.47675385434025,52.74435851054429,0,1064.8767392902378,-2140.265878777979,14983.326008881437,2.8664119688313,83.5347396967573,169.39941753789165,HEALTHY
51.21486392030834,80.1608778807343,0,506.22562752264884,-461.0364342398449,12270.108401253481,-8.394759489086967,470.8819672260624,226.78069335243532,WARNING
31.390265386289194,43.954944705625415,0,-1835.657632862037,1171.2457893215435,17969.64649288573,155.91334544807629,-197.357209147909,296.4044987231581,HEALTHY
24.74322683844995,73.79883414560406,1,189.32830729237412,297.24427338012407,15194.76753492287,210.79715423657524,114.40125566009458,-140.94568712217676,HEALTHY
41.277515677237766,82.12835710315575,1,-435.36941692187025,-4972.654392072033,14495.251379082234,-577.5196537387255,-102.46643868099454,432.9628357282553,WARNING
42.00086568860022,93.67990733353348,1,3893.4753941241665,-2606.743522958216,12874.266621499615,315.22317874650673,-19.612335633799947,844.9022671267836,WARNING
29.93168015159847,61.75115631989597,0,583.9281853259639,-359.2920907870595,16974.65483069231,221.74071611658155,164.09643623947287,101.45480622145956,HEALTHY
51.43364652198542,93.7557526091758,1,2550.0096365904096,4893.723556714317,17121.809590757104,320.9364366609686,520.0615440160839,-633.060048529793,WARNING
24.728591519741762,45.328396965465146,0,842.8312447284311,1206.4801554150547,16573.56385643463,-198.5530351503641,156.16308556282755,-124.92018135366803,HEALTHY
28.975362264466384,51.889512308344685,0,655.6103982528916,1527.7236195237645,16026.89763019226,158.8766835958355,111.83185778063694,450.57737644394996,HEALTHY
77.95895665754834,92.44562211959281,1,-3798.951319278919,-7701.59186192191,6894.838590582069,85.0942958947996,1631.9247389237332,-4606.122370340886,CRITICAL
40.199419431132455,81.76927502483662,1,2289.1345106458602,2966.038976294022,13911.81913091104,-343.611026425496,-372.35205580446467,1842.6703432742488,WARNING
41.16267582053657,93.58232705382652,0,814.3392825722266,-4156.0974090579675,15595.427995063326,-807.3518631062128,338.8390266414553,696.6944968040301,WARNING
29.312282052588376,68.75963027412932,0,576.4513451224227,-1508.5559682128564,16568.970575073155,90.5512704153389,341.4659619118446,-154.1637605457379,HEALTHY
23.623775010062502,62.19467667996628,0,-147.13950481410694,-656.6240707997048,17257.989751006884,15.687849216734017,36.59888992905208,-166.8542686135931,HEALTHY
34.7358583177635,47.92123786524375,0,-766.0452024003998,-461.26705049830724,14131.20660526866,67.19363468811532,-54.56890926802617,194.0350165135719,HEALTHY
24.542448334681133,69.2351849328883,0,-1831.6822472060262,-1051.3099116393446,17881.431683179628,371.5404687075465,-20.686244858056785,-247.8105405053285,HEALTHY
29.58444532959927,43.25788851564637,1,-1896.4223760596726,-7.582887921041749,15913.696857396038,-324.95627187945246,38.298570334634775,-178.70529699066427,HEALTHY
32.49406088477991,79.43072998342964,1,159.64776940790298,571.4083877187804,17168.78158401419,124.304369723178,-66.5314361126345,218.73952813828828,HEALTHY
72.20653357683958,90.01702901329327,0,3298.507329870509,975.693741493604,18004.297680671178,2797.2492211188282,-501.70932245539,-2913.8750910414597,CRITICAL
34.96434233377078,47.645283537955876,1,-729.6024698074095,361.41731727310287,15090.858456241353,114.47806223513514,90.12068257250777,-373.9632679064328,HEALTHY
85.15441700184564,87.18294192572151,0,-7091.564376992953,-698.9391123354575,10129.958494400467,-459.4967565360655,-1899.0606186249154,-2438.2694424625965,CRITICAL
52.2429964322678,85.98502542755789,0,3166.507908866585,1559.118123268683,19294.10796545996,-593.9527532248472,-268.4460911436842,628.5898834488502,WARNING
47.48672307393479,80.44168315155956,0,-1200.787296014139,3167.282873727221,16082.45918793132,-20.29679455628853,-305.75828096994167,-27.160818038049715,WARNING
47.7832923302696,84.75626963615198,0,2102.2106993262887,3298.697426566097,19793.132109793998,333.5031468001734,-799.9859756680656,-1070.5686839502175,WARNING
54.30202677524934,84.74030783400546,0,-38.67711191761361,-2451.657280575086,20020.873838426473,1316.5328023418538,382.8227924161791,418.6712458328086,WARNING
53.08375711205869,77.7207716699961,0,-823.6027618120867,-3410.082912098285,17279.586485036132,1318.6677218293614,-333.88310196784136,480.7928839446036,WARNING
83.47108773136316,93.2213292563956,1,6644.995440708937,7833.873371040283,5720.4172078621195,952.0216001312513,-2613.642682322297,3516.5443157505565,CRITICAL
20.121622953293198,40.370100897436096,0,77.58372113457052,-1085.2679397855493,15186.196810122665,-78.14112278248565,-56.980953324306185,-113.45234293151634,HEALTHY
25.350980795600027,61.34047701198782,0,381.9354522315533,430.0416471910696,17414.283454031844,47.7578318053027,-51.80842916414063,-39.269969816995655,HEALTHY
48.97853418537789,76.22205912973207,1,1052.3360553107184,-394.3665200635377,14588.707577266434,1860.5453252295924,195.92199224055813,-993.9681304077402,WARNING
86.10350005163,98.90619107565455,1,10333.604345922155,8916.907950860066,19094.201205855636,-446.79683268418177,-394.21597587479073,1516.1314123479365,CRITICAL
47.7390540817552,81.99678051013464,0,733.2904620511846,-1151.4389161856366,16976.261574188306,-71.56426492990414,-679.2916056937694,840.3433197416118,WARNING
85.65728412343381,86.91352820823147,0,2207.3430097574537,6280.340113577753,8882.620646092324,1204.4893925824774,-3583.3219070235623,-1943.2260489170935,CRITICAL
23.91572789352272,53.73546808710577,1,328.76030034284537,27.802915739940044,16308.620387577233,140.2584653504465,-95.71597997283887,-86.1173120364558,HEALTHY
84.69740782611808,85.51427703389805,0,5513.78897080572,6832.070575027197,26666.02135506836,-1996.7026032271167,-1437.5367283421554,-1164.0450600781103,CRITICAL
81.60231132508572,99.34943830682455,0,5076.296090803094,11679.383523057968,24833.614448648037,-2661.0705853023337,-155.9347839335959,-565.4600295878041,CRITICAL
22.325624250916164,79.27363553242124,1,-414.5318053898915,80.1987125408146,15490.879726370777,-66.96344947894674,312.07602822657583,25.710200014216227,HEALTHY
82.63228481249486,88.86505469746896,1,4162.153411545602,-5915.67883778347,11849.343982227827,1863.4215008208846,-947.2593490388997,-188.28504841482567,CRITICAL
85.63911223363453,91.1045654564201,0,3674.755476898925,8250.319098166021,22275.309907264484,2280.082573499859,-1194.929573533659,-2931.2808566321946,CRITICAL
40.483407042670066,81.12689150404293,0,4066.0768365221484,590.1076595609251,15418.943005323255,-641.0285287934923,174.72662074679832,-1708.492810342559,WARNING
67.30069240416783,88.15237351010765,1,3286.2371589788636,-483.6981888904926,13020.250693748792,-205.6630126385817,2159.9663392684033,-2384.5148179875796,CRITICAL
41.65608549429091,91.55439495582016,0,4984.255170371886,1111.2938593323795,15779.20085315709,-567.9649506268918,530.2703974460301,690.3633766929208,WARNING
41.53698923722468,82.8588887874672,0,2637.697315674119,518.5895119513506,18345.753123216913,-33.31423208188598,190.22728533201737,-1003.4846165892717,WARNING
25.135754540503196,56.536657971810456,0,240.75317948856826,2601.683114180395,16949.509645631544,-352.1525518311635,150.6683242209065,76.23167697655555,HEALTHY
56.577942239517554,87.06835156944567,1,-619.3775236450157,-342.10008340700705,18842.97143487048,74.66417232758344,-803.7325506134684,563.8205044996241,WARNING
30.434272197452103,40.12873054417115,1,-393.9813633024213,-411.82615431891975,14939.442556475204,-332.25589865555355,5.8093544763487985,215.06282787187092,HEALTHY
22.439912226582276,69.37462705968873,0,-991.660442633666,689.4315705151326,16262.674720691635,-81.5100040340958,-171.11344728465582,-205.58735221466776,HEALTHY
20.165468966429707,56.64615992719046,0,1369.4409764241043,-384.0321778801405,18133.241622043526,158.8034147082267,91.50746922964605,-238.71938206419907,HEALTHY
53.703812140287276,75.53970071736984,0,3878.594414723222,661.2010026828391,16795.394726571616,157.31948370752207,290.15190439400635,-886.9710929812869,WARNING
24.058388847319872,49.95167154956708,0,60.13697796829224,347.5891025627698,16572.846357130915,-334.83713976278074,-73.93941119421731,-73.01964454813272,HEALTHY
23.338646263565458,55.866064078170076,0,-471.0383056183228,232.04993735763628,14935.915658502676,-281.49275487531105,-143.6888442504872,-42.68943034236945,HEALTHY
32.01124657229182,79.15725742463844,1,935.6783931474612,1271.5550949941587,17105.672064043236,-225.8103542434458,-104.90405325595474,97.87491224558362,HEALTHY
46.89747567386419,87.98088934536428,0,-713.2918429074033,1939.8189791568116,16733.91202730871,322.2152608790514,476.3849517025075,686.0765066785409,WARNING
46.89924169518464,77.09607979079178,1,2456.7601202387655,-2403.520783704524,15324.403485547118,-399.51632247966165,151.81884525797523,22.61161757150921,WARNING
24.207917327831012,72.81876065443414,0,74.86130625002909,1318.6179262194737,14454.219768194973,-79.43819330268649,319.8109030957377,112.63968069346244,HEALTHY
31.899471150481023,54.39530391018219,1,-1290.942219493224,-406.97436637337114,16398.00496737138,112.75757500138293,-118.27894596760949,311.0397068294684,HEALTHY
27.14503599951648,59.90159408584409,1,-656.3093912302666,-792.6942821860782,17130.100986869325,-325.0071938493817,18.43590192729741,-63.31167045250234,HEALTHY
71.09341655069525,97.22832781318178,0,-6021.43929194334,9560.74031735967,14380.22724847677,562.1196817222758,-299.9497924963205,-890.9552097514985,CRITICAL
26.027201879025426,43.052098166963184,1,-28.55198453568226,118.67908406769122,16824.519606380916,-183.79382421095562,129.46653710269572,-325.57718779104334,HEALTHY
86.00760103945349,88.81637207862543,0,180.3777790994792,-7472.941230713696,15256.634660268166,860.0441483003427,-847.2880192260741,-4405.861822715382,CRITICAL
68.74637301463235,99.18891791944114,0,-577.0336031134817,5247.1060472482195,13182.619907104223,859.4233568415267,-1664.9767272989086,3565.240406840969,CRITICAL
21.74034022022254,41.69166996890725,0,1568.778604102849,-1328.096262433748,16906.24368124801,-163.28079722020837,38.301387758546134,13.674125862052206,HEALTHY
80.04812381517429,99.56071081632003,1,2213.527904351138,-3577.3985992738394,20312.41151519466,-402.4247912875637,3583.4001193099757,-1021.7864384753734,CRITICAL
67.41553673842733,98.41998580966694,0,4527.478388916024,-10922.004658362619,18774.13820571497,2993.578442665098,-762.3154364340176,484.39699264226056,CRITICAL
68.48886511408911,96.75220222763217,0,-1138.806353067112,9361.011576993544,23351.650942827215,597.387283082691,3348.4299424169335,619.3292260927826,CRITICAL
88.67685774157474,96.41329375499207,1,7025.59671672216,-7375.169714271193,13156.268949855414,-4295.406478533707,2749.967272423645,501.0892566467271,CRITICAL
53.19463064521514,81.47155208079023,0,484.04123691746713,-1394.1924869329298,16028.979567465683,148.09344219526866,415.2774949944667,42.949998964126976,WARNING
50.87187936930339,84.35970732207883,0,3795.807061418285,1266.138116269407,13961.123168151684,16.97818772089387,-300.20438048808734,565.4080098485337,WARNING
77.16820120424158,89.81631638961302,1,-4699.70267280188,-7794.176898312758,5888.042303022018,2509.931457256626,1803.1768984444416,-531.2758586245507,CRITICAL
32.3476102339349,60.89924162064473,0,-969.199610313766,551.0373022425374,18230.626500830473,44.456543491656795,32.09524139976914,-187.44560976676453,HEALTHY
40.3746058412084,82.83203761843112,0,764.7494544563739,-70.76922325184927,21021.26462969916,782.4511343845642,960.7481360522175,-540.0885770060297,WARNING
80.47736105484005,94.26933281564875,0,-7884.244991515591,-4643.186017628146,9631.854814093249,2199.221474613907,2849.3507777460686,-1578.620464393006,CRITICAL
78.81739221906963,98.11658177741116,0,-4548.313685302798,-1638.7748709325285,13939.525488032554,-377.2382056586592,-188.49242022624665,1626.723159454425,CRITICAL
66.917480415378,99.0038207862432,0,1952.3889659419963,-4144.127135059423,18868.69280375053,-1763.1748260274676,2210.221807608383,1054.1033785252234,CRITICAL
69.00511885988864,96.67833189867308,0,2049.7136340233133,-1747.7516231088084,22899.556658117486,617.53454847814,532.3096410288681,2029.014057838951,CRITICAL
86.57301561420586,85.74803263459961,1,-8808.828759697562,7179.915209636867,2381.416556475117,1224.5539776134947,1404.1009677200316,3370.33426409562,CRITICAL
32.43325048823914,57.235500946472236,1,587.7629852837481,115.1517990245837,15641.980258443022,-260.931079161485,280.90867480217514,-321.10868132821605,HEALTHY
89.16694385625574,89.23982446341196,0,-3257.5005786132115,4725.404690941566,10929.030633616165,2364.031139417735,3043.4457990171322,-1152.2368287826735,CRITICAL
22.87754171901516,53.3525964683695,0,-1099.0392245318592,1796.665201675017,15530.504519938659,-133.8873827266981,-195.66158996449957,359.6960174276235,HEALTHY
56.621068817946764,76.97781679964633,0,-6653.039328596783,-1953.7817086589985,17552.9860850357,1198.6748328439055,-10.192058533423454,67.11103480237004,WARNING
89.66630886936882,94.22162127729739,0,-3854.9112558534516,5275.15311855921,23606.731939989753,1328.9989690971202,1056.0105763941058,4722.009874000718,CRITICAL
87.74634883495364,91.4670940317409,1,-4600.334047604311,12687.585716734688,16263.681155989474,-1425.1179429805577,850.1228660108336,-2171.5465986109007,CRITICAL
47.14132277506612,92.15234999536557,0,302.286073616345,-922.8748356481293,17750.71015930826,1315.587565125068,179.44174841639517,1384.9058440952872,WARNING
25.978388362161915,46.806105645780676,0,-33.37823654554943,1210.3780553422966,16425.338176966314,-108.5727210222694,-199.54821572735992,254.08945673172352,HEALTHY
26.477106426616658,71.27119303714905,1,177.37917091446778,-2099.8732322190467,15784.125831399184,219.66584013880959,-180.08584509289793,118.42039220862863,HEALTHY
82.46444821812912,98.30145467562927,0,-756.8492992639091,1960.0255292530067,10771.387567247759,-375.1976425536795,985.8996209339386,-650.8425427456621,CRITICAL
27.58545115672061,42.48165667826217,0,1055.5446021319751,2750.7230305373296,15868.991723644309,-64.4717101690485,-529.8199086534119,270.3005806912242,HEALTHY
89.24448020779396,90.22608120704652,1,1667.0568568310869,14066.516326582776,23861.576685992084,-496.19409926362056,-4838.258276151512,163.28546884231847,CRITICAL
51.82369574232146,94.38233061881478,1,231.25404403423147,4791.373188434335,15916.80663383776,-110.16743561530313,135.9210147057571,166.2772045156422,WARNING
21.08783475431722,68.13120216169001,0,53.54063061550116,971.6095632513874,17250.417585454554,-153.86691681825985,-6.070824372729837,158.81927499188876,HEALTHY
25.374341954358233,73.11314428264771,1,-1453.7985507462724,-32.027569158644816,17274.2605314672,211.4978558604357,74.18175812705738,-46.657712349278675,HEALTHY
72.80467234300522,91.51615335007813,1,6386.737248843811,-726.2489524052304,6658.239703278157,2043.3016701153547,-3552.5979231315573,-3091.909555846082,CRITICAL
22.47237013020143,46.8232764622836,0,1221.8005525188132,1749.5813052724989,15369.581122832,156.5740487162693,-193.09959716581113,6.03231450702498,HEALTHY
49.18398766790774,94.90566806283461,0,-1552.8981086130725,-4789.672565771121,20159.716628182865,-172.40309982616,-306.88622162569493,-36.737877617499834,WARNING
65.64680264731578,88.264379688243,1,-1099.9010521398236,-6562.610401353051,20687.019847679738,-1128.7208493680666,-2995.717349558934,-1078.221321403298,CRITICAL
54.26062912750208,80.47005731659414,0,-1147.2875544300057,1061.3420809208287,18884.850680584554,495.9107095148399,-852.6255369464767,-815.1320206210136,WARNING
80.8284499830792,93.49040695848507,1,-882.5879046269099,-5143.547891747478,3920.535735294378,1148.2601017340498,1536.2442384295348,-2301.0699413986135,CRITICAL
28.972736683130037,50.57617191718582,1,519.4304105141906,-1283.8638820065703,17360.54447515381,411.29026613119777,-17.619138132509114,-34.23908174080596,HEALTHY
84.9763034496972,99.29637809467933,1,-1890.381657594994,397.07299119061906,15815.37596796921,-3313.932911477456,3104.960747570146,491.5700347623806,CRITICAL
25.885905822927118,78.24888762595793,0,1142.326454538352,-1120.8223655203874,14784.863513552988,-81.34461660931677,-17.668531801819007,184.26992059729926,HEALTHY
22.75135465246934,40.27362992593454,1,-1090.8965899727684,794.3011319770063,16202.108081486627,27.638127356803032,25.418549768559533,17.39404351507163,HEALTHY
59.649376915733875,89.95343540160316,0,-842.8123241814892,296.5518711600887,17631.593238172896,318.95341095322823,7.051846272112802,-749.0654608803579,WARNING
31.954212560234687,63.617044124315655,1,-1606.6351746176606,-372.67227287317314,17569.01963795241,-254.06174537671114,-69.07464910427012,340.5289338744399,HEALTHY
68.36472834544908,94.01394400905565,0,-241.46564815311362,503.8894649685276,16825.833357641437,-1568.883837482493,863.4115706429603,-462.81600330651446,CRITICAL
32.533560649468406,78.68852827233073,1,-1279.046251076621,1129.8505923307946,15672.539206141746,129.71553452054195,10.777484378204411,187.69541101720847,HEALTHY
24.431330544706473,43.62237870403682,0,-1570.8814571259122,1355.572935710348,15773.142360194934,100.8966512766034,-312.6068613142507,-235.8919329015561,HEALTHY
51.86475443130835,85.77924238712842,1,-1970.5379182547883,-2644.8416550222732,16598.816523331017,353.7936913521442,-1373.771346164645,-331.83715112506445,WARNING
48.679587023743295,81.22005626306182,1,301.9261638784042,-1597.6633320800404,18839.027465303974,-301.54012607626885,-931.4543581144385,-539.6993089731101,WARNING
21.143588269603466,50.98815260191568,1,281.73506382937404,1568.3392760301244,16213.820333493448,-262.81346170680797,217.4390368790609,36.367807441012154,HEALTHY
23.024828169003385,43.12968394320091,1,2614.7989353617695,402.2988556883816,16951.06921878559,-154.60943735536853,-26.6760668397653,-21.489814551236055,HEALTHY
52.13535583941109,81.619038379133,0,-4999.966400775727,-5245.468658178004,19688.702480399505,-32.94097854207056,128.26933732110297,-1253.4556950696992,WARNING
31.292134917665148,72.93074612459088,1,-2217.591079358771,-1168.1778278502002,15287.124920616014,164.41321560650547,174.430621136811,64.80728854130666,HEALTHY
21.58586840646702,66.59231034320979,0,858.5154297756005,-640.5650925950658,16568.649072874137,149.9574823813469,115.32716140071324,119.81899404505465,HEALTHY
47.897073488073566,80.09635247288763,1,-924.0126530886855,1995.400638143695,13316.7885163701,-134.19849064633348,738.1612300939552,-355.0225247819664,WARNING
72.00373427376297,89.39986343892949,0,183.02888700256756,-3226.9744107198044,11227.683213575494,-2160.1149506034803,1568.191192744997,-120.81226443227116,CRITICAL
65.47900098765106,98.88760162447156,0,1438.7810024519322,6621.761462668721,1229.0098851723499,983.5597792013818,-920.3740977957578,920.8445359687779,CRITICAL
51.41141418260776,89.25811580729675,0,-3297.561337123337,-217.70251292078754,16565.848712600196,741.8600229695538,-279.35260896561056,431.48382030437494,WARNING
69.42085030228014,97.07680037231066,1,5999.442402990352,4468.7358734042455,26100.458703363136,-2133.2906901819424,-1936.4880606031295,2104.327362562816,CRITICAL
79.34328859555475,89.82174277063537,1,-6932.976252772584,-15420.885291482116,22546.026470725938,-7.497067603703245,3195.3499934099655,1714.6443838123544,CRITICAL
40.40435040295595,88.41520043423068,1,1540.4402125109668,1391.4450551889445,17638.026014839776,-495.45321507730966,-1068.8368574010365,-272.7650767093822,WARNING
43.851521946936806,82.12179347509493,0,707.3390772038144,827.6711894123455,17291.409000756586,-370.36024810635956,-105.96185457734273,-320.98588917218416,WARNING
86.9151359664688,97.27119525499347,0,4292.8705906982,-737.3162518614783,14750.052340031429,-537.3372328180822,28.15959692916853,1306.8747413441333,CRITICAL
27.641331922246845,79.86787415411908,0,-732.7536296899959,-701.6719100240756,16874.636221422716,-205.580553142739,94.12052015500895,146.022671301947,HEALTHY
68.84360071459889,99.21485900453644,0,-2158.13001719919,6282.450370613799,21713.66614993183,-1239.0283186521526,169.24064582331295,-843.1200667109104,CRITICAL
45.00669127469346,77.28644143617028,0,1323.2498348591732,3390.266785525813,15133.618296963177,372.4157025909502,-721.060238433101,1712.0386983795788,WARNING
71.5517731625537,94.81218388361908,1,-1958.14433589371,-2202.9905459551373,23263.85516514636,-5431.527482165077,-427.4644970431257,1486.560993599253,CRITICAL
57.408103398841995,78.40866403759992,0,486.0430528611912,-575.338836773883,16549.04687335799,-801.7742053194349,-26.42829537870456,93.81684632659172,WARNING
48.49735854136022,80.77774598748454,0,3018.4153197841524,1538.6117170212851,21287.872606964724,-983.947183763624,-929.201215064255,-811.285615512721,WARNING
78.80010699713294,88.16740704944128,0,-13528.30071141066,1014.7609385120464,20673.68012069406,3122.0359912209524,745.8371122816851,12.785406173322054,CRITICAL
59.7944626510943,84.68328494784004,1,490.6096255884885,217.86250679148685,15224.031788172073,1237.1704328616393,-104.30743142302069,-885.4959093827283,WARNING
23.599840458049364,68.4053056225815,0,85.20944963390106,-2991.1359709007234,16197.103841838016,-326.094648743028,241.1989033093632,155.48147055290224,HEALTHY
84.97442225097646,99.26772716274557,1,-2322.3181574023656,-1742.2979499047801,33316.00149903039,2157.303891919452,2300.2573567872646,-2920.571812117624,CRITICAL
25.345797177845423,52.939510465725846,1,21.092747850587244,-1131.0672355025877,16316.722535086465,-214.9322078865725,-156.4707845003987,170.63306128263835,HEALTHY
51.376374635329896,86.17362887874468,0,1169.2484323065482,-1671.9173245747704,18987.515738797814,-1280.0174214407593,-208.4277543832581,-431.1484164935092,WARNING
28.393682816980128,67.48156602329922,1,951.4492770580865,-366.5070203680518,14680.128413173281,-184.8931976259109,312.57775370163955,-54.798616365860845,HEALTHY
82.10300676764697,89.30386770635035,0,-4344.978107560794,61.46265772518738,13809.65221375305,-1057.9633375387536,1161.9404821610353,1573.8328098750396,CRITICAL
69.27347320338941,93.43596996302198,0,-1063.9367273402333,1517.3567741418592,12232.414956294166,979.924618905432,1920.121749403045,599.5923431458594,CRITICAL
31.14096094181135,56.57233249336692,1,191.1242338363922,-1149.7074728974058,16190.390488964491,148.91727969462602,128.38942588874022,-54.0535208727778,HEALTHY
46.187337342726224,86.23692749438405,0,1284.1880394832654,-1653.7197132037993,16570.570024542118,-438.92555640489144,-510.7010532542735,-285.893895091922,WARNING
75.2256780228662,87.9325388529483,1,3536.6658944251712,4549.018398033397,20728.29324953671,2431.3235853518213,1724.2217150359986,298.14173848948343,CRITICAL
33.839677094053584,60.09487279888382,0,765.4492384322756,511.25327853957435,15972.145488955233,162.272463480942,27.659623359982206,-100.84419278443193,HEALTHY
43.55408922393628,90.74245725878883,0,-1616.6242147471105,-3915.9333588529776,16451.08184328699,390.35789889797303,475.44527116252976,57.25216031680044,WARNING
25.366973979881628,59.76849789001199,0,69.77921349879786,1042.019483162937,15926.961664137603,-60.376901038110354,48.72650000147473,-91.81821271091721,HEALTHY
77.56005549267958,90.02115200435988,1,-4901.318360698313,3126.3705379056146,13205.428520495176,2151.5697347067035,4950.1698112568,149.46636107999376,CRITICAL
31.02138933274068,52.86132035353363,1,-1707.8379261395442,332.4680837588702,17390.5957152777,256.4271480720262,-75.67037651995328,29.063611065147565,HEALTHY
23.872598812867537,66.98431411664865,0,-483.0610516834395,146.79301198554936,17996.220628255425,179.36786317310637,-53.706129581166465,-178.23844508305748,HEALTHY
25.096553634482657,58.22476625749006,1,991.2586581920884,1038.3776547651487,15295.680512970946,-255.87409917056902,-21.71859414248884,-159.86969067520124,HEALTHY
26.44767004614733,52.25769346200972,1,-1258.0246952287855,731.6011021584401,17315.269595995574,146.38198123447336,206.51136247071946,312.78002897990655,HEALTHY
74.45762282458702,86.03828001114083,0,-920.6542038930825,1178.720277408807,25910.15780935686,-768.4400906919426,-2173.847633001107,3626.9277145971023,CRITICAL
76.15835064301595,97.72411901000842,0,-5469.102173737276,-1063.2074395560676,10353.50937888349,-888.8855820253144,2001.0083542623538,-1073.0532023479882,CRITICAL
70.74111694975367,99.59306987232858,1,3837.351393008065,3930.0188077167036,18629.26152274015,-1703.2969485665255,1846.5397810909092,-219.2353192879629,CRITICAL
34.139040507271204,73.28764609230231,0,-1349.925637861273,-455.1989048161591,15036.746082418651,-179.75996204876756,110.2034120452599,-146.69641333565588,HEALTHY
24.481743065813774,75.6480029225441,0,-916.2741005637249,1355.4428011054958,17554.198709196604,26.859299449558577,15.919572475207278,110.81155422318143,HEALTHY
43.04520260223753,75.89716672370771,1,-1752.812736042555,2460.575543777611,19858.376282236473,798.5218232427449,-290.93310476075874,-260.6884954973282,WARNING
58.902350577746724,79.12140504841246,0,-1146.5007154746493,-989.5759416748195,23313.474023729097,-1214.4829878621129,450.8479800964698,1699.1613690657791,WARNING
22.866584340367176,70.75056722884642,1,66.76212535438971,-795.4472358669886,16322.381955207728,245.8100612695231,28.58187752763472,426.3540164124327,HEALTHY
51.174468164251046,76.16092674037007,0,2103.802479702328,1938.3443022651343,17154.94219243946,-794.47649186693,1152.7544761287186,-124.71766320760072,WARNING
71.81429173546036,88.30485366043831,0,-5815.675190066192,5063.935512715179,21778.249197022746,4794.047836402373,964.0795944392984,1448.1884050121864,CRITICAL
21.519141857465094,67.03570491320843,0,753.419463502431,-614.5387836910952,15527.651481718796,-122.32674733891183,223.72646683084236,2.6086748753904265,HEALTHY
31.852633107968085,64.23839899124046,1,-839.2175232226385,-309.2123758512146,16715.263431403564,195.10902542447184,-95.83484756905798,-37.131795332763424,HEALTHY
69.39528885575393,90.15035786046712,1,-553.0444803198212,-4641.905471206345,9490.910390999938,1002.6732543617259,2109.801435194727,4889.962601332803,CRITICAL
59.831955510599705,94.66431973307492,0,-2713.987889932376,-60.42051835096658,11487.337141719276,404.808616107188,-89.39662657663517,-889.0809593720815,WARNING
77.46792840520013,96.95993628608403,0,8827.572751234888,-3614.9632134782196,13968.838008359782,-1583.905520026264,-241.2263392737726,-2039.6969749670473,CRITICAL
27.945709491625514,69.2955378639022,1,-1026.3692076658922,1230.0005727191501,15419.294574249285,325.69371095446445,-56.87692992130188,318.1164145235701,HEALTHY
24.753695207278163,58.69549341791702,0,-369.82908854451244,-327.93652237750536,16558.654680638967,-175.65616246580282,-288.73734734551294,273.937032472057,HEALTHY
22.36491540195362,46.96041792064497,1,-788.6965092092665,1373.4059423502538,16701.79555072337,-132.70593426184627,-99.74526001476465,-133.9841288876968,HEALTHY
41.379746165173614,94.3686255178494,1,1181.8724336892396,544.927800096648,14190.373547076299,991.1126044852263,-984.9339716992617,-1194.2441564186706,WARNING
34.205539816080844,78.69424711153101,0,-734.591576798049,-810.2524370143808,16584.569197230943,229.72746988574303,-203.16436379567938,12.33596996959433,HEALTHY
25.46531357642348,51.80967209958568,0,-2604.213856627134,198.94814679649454,16820.73855173351,80.85895099233949,247.1564383644308,-214.21073592980977,HEALTHY
33.65201955173201,72.32090519626212,0,1265.7078408647005,-866.1748482145007,17353.457200526736,85.43887237433697,-129.2454619687606,355.0621785219023,HEALTHY
72.96380343757757,91.2698203628331,1,6087.291227985783,-3831.695319559889,11028.319005754862,93.50197661368392,1633.5328375806373,327.306223816711,CRITICAL
79.63319632625597,93.20381941936068,0,-3643.793248651242,-1746.6394655692527,17695.993735551343,1736.7944593750653,-683.9679704347528,3756.74640693822,CRITICAL
20.46774702591927,50.490561771993,0,235.99975667733082,232.67635791379442,15903.877410203706,459.6937723469667,-253.60430232861364,-265.8291654323032,HEALTHY
59.022163641652256,91.35555767943256,1,-2233.952419945027,3967.249142582728,10232.910444759487,-98.12455087774076,820.5924717256477,-65.28246587923523,WARNING
82.82836883430518,88.36270996394043,1,2588.310710403136,-835.0307761146028,22626.097724039428,1624.686791440869,-84.96631773766336,-2886.3565382671427,CRITICAL
46.79356875458451,87.6896014634696,0,-898.2270989125443,-643.4781869943819,14868.638824599386,1303.816569020821,280.32511888454025,230.02643433259607,WARNING
21.078600759746685,76.36022355342813,0,-568.2717860755411,671.8296377336286,17028.31849407136,-179.3168826911891,-228.47449818018845,-218.3805391426989,HEALTHY
47.00323063936065,89.6861933321721,0,-1504.986327920343,-3896.127124839738,22871.741133530817,281.95413532213195,1030.4091411645704,-780.9235664320786,WARNING
67.64703875952785,99.64809249140141,0,-2357.4397062369403,437.04962781399973,5834.703980772747,-815.4108724604461,-221.2381570976304,3529.0702481563235,CRITICAL
78.97550634088796,94.2096821100786,1,1263.4245140036523,314.8683430227057,17662.482375829328,-175.24709250846212,863.7109869232318,-1149.2058430680302,CRITICAL
88.10535485466221,85.61053662730065,0,-1217.4538714995667,2479.3526981162127,4679.39603577099,-1658.2001042322133,1182.6403211476868,-1896.247892865085,CRITICAL
49.160476410671784,90.04722884794785,1,1209.6028125661537,-105.8297391505319,18651.085365932315,-1016.2843216179043,-465.2906336057098,-84.7528026733877,WARNING
56.27255760445961,87.37193923002202,0,-1106.1631391427463,4552.916339481202,21413.956076905637,1921.610847105862,-173.8292138365364,73.66154094559835,WARNING
33.10515671279508,79.36333876797181,1,-266.3173285227033,-664.5349296422127,18121.72942874446,33.695231882996914,-1.7728045312755008,-26.934550816519565,HEALTHY
68.5792355346158,92.37491688307335,0,1466.7266976332987,6233.038271892561,17023.268058606245,1269.9257472251004,-56.33381689910243,-64.37190188856141,CRITICAL
24.29134883046891,68.91074704043183,0,659.4512411136116,-803.948414727481,16691.34561670797,-49.55048364794185,264.08280195676684,-174.88712966798363,HEALTHY
59.14981062042442,84.17256974862931,1,-368.9379109929862,-392.2239383979452,18960.874164242057,400.3209233716948,-49.89791810321685,257.7469200422779,WARNING
44.11143450696813,76.42876766017656,0,840.1885312633661,1250.2820740521668,17632.897270623005,619.1097061672165,201.70502907817826,251.19365087524315,WARNING
30.907442146102078,79.23044697555406,0,744.1477889481191,1386.5401349918163,16955.494736463563,-7.035483300711435,126.34360637012306,54.58322285053778,HEALTHY
20.137483252757246,48.05596411175549,1,-147.09835219442016,-1973.765047615767,16737.34892653575,413.47643406748966,-48.779632689657014,-35.569155080684624,HEALTHY
25.17834714202538,60.29647754871235,0,-64.07030012849756,-590.2754833597827,17864.568055541888,-141.87005758721335,68.76896462485988,153.77947264489464,HEALTHY
42.3529245562847,83.09583188641068,1,-2308.6624913948817,189.73657960023073,17187.65771825746,981.5273116609732,-412.0164891935921,1132.4787064975862,WARNING
46.61201619940004,92.2102297317489,0,1212.1008530654549,-124.80249363368472,15785.989956511865,-455.5782174960371,-198.13022199279126,-33.190766721505526,WARNING
40.2925707841014,92.5864331853012,1,-138.0881130541909,-4632.566331188798,19128.741341833313,-1396.0713024588222,722.7681601377599,609.5871609254111,WARNING
20.829985807450193,47.92522967294308,0,-1879.9277746836378,1439.668980113873,15233.115707673687,-90.99988396751446,57.771580839535154,-8.341171217080168,HEALTHY
54.27885422414755,90.85182280393089,0,-1543.259175047042,-2747.12390250171,20017.773254887565,-759.1799438939836,-1617.3197171986144,398.13535737483124,WARNING
85.18604971486359,94.83476545333228,0,-4479.360303354646,3995.1471437083674,14823.336547515679,-1427.3231781872744,389.46450560322205,-2158.835403821967,CRITICAL
79.80007455398363,96.53217484357326,1,-3862.61319622132,-11339.206572252906,13071.27969048873,-3262.3442604309103,-1425.1636585892945,656.3007814089201,CRITICAL
71.05544109158981,95.22160398195845,0,10085.344543391204,-7986.841141643625,23032.925435832505,-2577.833123846669,-3035.148987735825,-2467.039833906825,CRITICAL
21.80545364314979,42.70418997889533,1,-923.7864361929601,767.4760725200329,15348.377652524672,221.4128472130269,-16.79637376123459,-10.141843973096746,HEALTHY
84.12563308725369,97.68093256240772,1,-49.39418741706435,342.32302095218296,15894.695229461327,-2594.4230783325465,320.26979396574507,-1167.2511709092996,CRITICAL
44.33886450814672,76.22343510331888,0,-2674.4476077728764,-3851.027659875869,20064.3445704128,556.8413864684217,568.3969027478925,-151.55743266955736,WARNING
51.136474217649415,78.42581109335346,1,-194.80683919628976,1373.9357901611106,20156.297235667258,782.8366957551896,-993.5690490572284,156.7964782307341,WARNING
88.52403158349722,92.66912245545002,1,-8550.400650865953,-8220.826456559356,28167.995415930607,2223.7067375932493,4147.32835086751,-740.4280612158211,CRITICAL
47.828720404457115,94.7984298254988,1,-3630.6088648957725,-1204.4151531061339,17395.774671474304,771.5939758111739,-152.10131968436795,-622.2217869171568,WARNING
42.66793177881618,92.59810866615585,1,2808.5682177394046,1692.4852434376355,16866.154607875476,1062.8954214565258,294.18797033959305,913.4738821532932,WARNING
27.069307510972468,79.16419752060618,0,-317.57319882373804,-675.4614448557784,16853.559169352928,-201.31219821758043,-44.85103175151395,-118.83534974599151,HEALTHY
32.2702214888374,74.42922333025373,0,127.01223937179829,-1249.4437227999267,18329.115614486785,-30.66729150322807,-181.39744508097607,-163.47083102456585,HEALTHY
69.07745015379051,96.49830055509597,0,-6964.142756998517,7297.652269797225,17104.4367878381,4624.566778321901,514.29245097768,-40.343418970107756,CRITICAL
28.935197362422944,43.22461620678407,1,-328.66201516229586,-1976.000447720833,14951.060879314486,2.3856474800314205,205.5764188041503,-130.50182808414476,HEALTHY
54.53052387219846,93.25205043477801,1,-630.36022598123,-1756.5959201489457,16377.229685562104,-155.69007150059187,568.0159328766124,-1427.4890221028397,WARNING
45.29547329254552,83.16250268415874,0,4664.318389921142,-806.3717755665538,18486.70384651604,860.1096386602441,711.9458807791075,87.89096573150455,WARNING
81.46875427665564,90.32127465973502,1,7706.966265210796,5946.356545335382,24722.651771924717,-316.49274488323164,-992.2279595667533,168.04352186618627,CRITICAL
86.65420279480159,89.55862204572732,1,4233.2913887759205,933.150225501938,10363.397135450625,-1937.6482280699888,-3997.2111331110136,-1662.6428182512323,CRITICAL
25.349133693115792,50.45589266241579,0,706.1285491093263,1190.7461160252476,16867.324827252804,212.23885525531654,6.4999725775723824,161.1187669990352,HEALTHY
44.31851201877915,92.68942627151056,0,-988.1108135704446,217.88142596090267,15492.278366780687,-505.9226244045994,-712.9662839762559,-105.7168104791996,WARNING
52.96847863543157,80.79916643607574,0,5821.136807341152,-1139.8137165458184,18991.764086773004,194.54193170625155,-404.6865641732186,-354.7208131124176,WARNING
24.768570106599253,40.35108847791718,1,79.50473236769864,65.35059609776401,16463.756526899215,-171.84662841928423,-41.224901450528236,152.06437506997153,HEALTHY
23.156895082648013,67.58332262132919,0,2149.5532637328092,1833.4845771769812,15633.100529038915,-408.7873389305192,-19.840070586311338,75.3020276341241,HEALTHY
85.64696693646138,94.77294528047511,0,-4309.949323702887,3805.2817865269913,25171.386162987787,-161.8520233685659,1490.8045392064323,2049.9677735964297,CRITICAL
70.45156432135175,97.49910526319678,0,-4650.2591644906015,-7804.97287033368,25207.489434515228,-111.354625733378,-847.5925648317271,-1042.4597547402188,CRITICAL
84.94475765015623,99.60967142630868,0,3095.740972445204,1760.43186349342,24988.45238722307,2443.7007640826746,-2427.795742250618,-196.6275645292236,CRITICAL
70.99608196273846,97.92404520659845,1,-3138.503980167957,-4377.366468885547,16866.27640125502,2740.6330002786276,3578.7488981903157,-797.9922884445933,CRITICAL
28.245758827449666,56.686571159028084,0,-313.74127735429073,420.1532939862862,15839.636418490905,186.2681846366005,14.264863224897779,-509.88461111693954,HEALTHY
77.10467707342514,98.7990768727176,1,-2193.075817684627,-12887.1009379544,22518.373020851075,-2172.7997732032377,-965.341743883958,1556.1939302963792,CRITICAL
25.85443320819156,75.64086731868846,1,1729.8853986834447,-1477.0148628144282,15220.142282240175,366.3244569316773,-146.65301869727077,-133.96067161517232,HEALTHY
88.25183995435988,98.27115077260034,0,2112.3090657109633,-11799.833596280128,12741.643090991527,1151.4984366333983,-384.17047168609463,903.7604830297661,CRITICAL
43.448821585864614,91.31418540004145,0,4071.5692447031033,462.09941090095026,20385.4062684249,-276.34768643679854,-371.5603351564195,-850.6908033588255,WARNING
47.371617801308425,81.41006787347476,0,-767.4851147085045,1461.8133675898512,13653.700225694009,-1031.202113652571,-590.5176287721991,-155.79554953998928,WARNING
54.33427219203853,77.20465817442465,1,-470.2675793048159,1048.2021947754286,16707.456082520224,-232.76372338296943,-242.44711656188562,-769.1927781848384,WARNING
56.820552755148235,90.23626193751727,0,2745.89937133537,-1191.877605233277,19054.852355058163,-272.52762626027857,-47.872833113760755,345.6502004898081,WARNING
65.15106742145167,91.04548501813824,0,-272.8354107827088,4609.413326318197,25055.210370657114,1924.2182277704512,-3191.4827269240836,-2672.570263676426,CRITICAL
23.98054599680516,67.51851360474836,1,1155.994016760827,1382.385840370535,15044.213971557141,249.28226020915068,76.80839513510853,285.52460746151536,HEALTHY
50.642222676740076,84.55754154245462,1,3344.980928717872,-859.7584494154714,15162.94666010905,-1085.835685653777,325.5572943999315,-1278.7333957955018,WARNING
65.08177313328126,90.00401768746288,1,-3251.9902325339594,2886.879654609698,19995.666566839976,3620.023459099158,892.6868249375258,-1666.1176366296017,CRITICAL
33.62651827819063,58.722762169371606,0,742.1528043764571,998.8166447781508,17756.11684657237,121.4490907366812,377.46717977888306,23.9005042529364,HEALTHY
33.70721783937417,54.73181870622838,1,1070.098484827274,166.78144440249736,16723.089160804786,68.10761147448467,-215.5745627256251,204.81468835321942,HEALTHY
50.940782872413116,85.65771273281739,0,-4811.371101915201,-348.46936570813983,16182.945254092938,-1390.536606883734,449.7292632792863,-637.9473810288787,WARNING
57.67714527199919,93.21355479836609,1,3150.9277201596087,-1404.3284061717372,19123.654494213024,-112.05296398679683,350.45468957625604,-1242.5272008763823,WARNING
21.66466286877722,65.37696581146335,0,-508.1401976473109,-147.78031881747154,15930.751590976986,290.49350689414905,65.34895292046401,60.09487192216567,HEALTHY
66.99335687737707,96.82369942742218,1,-5592.9663291921715,7303.002809379864,23465.90990191666,748.6261790929957,551.3271634704608,-1061.919294308518,CRITICAL
88.43154024472189,92.76574999453783,0,9641.5621615082,8592.740723878971,22563.141075274994,-828.2448849201575,-2625.7486376356414,1118.5941787848938,CRITICAL
88.22975341323325,87.99213527665985,0,-13073.476845982508,-8110.092213455552,23721.580147708202,809.273755952483,3595.302964012727,-62.276139338621675,CRITICAL
69.93245186346083,85.72254314704647,0,7897.483782967643,10172.180965079613,18844.909406281564,-2076.097162849321,-656.2185767204821,-95.19449023701407,CRITICAL
47.773120030870274,83.65935093998107,1,3260.166158372092,-2617.8745694498934,17847.84564584624,301.3971688433359,-526.3142679112553,1075.5739094227188,WARNING
85.79302813732964,88.17259881966044,1,496.6120875884272,-2590.868783137291,9731.276597868517,-1116.455458689493,-2173.016563187762,1824.9322803682712,CRITICAL
22.037486426198985,49.4770368292579,0,-346.5845816188192,-281.64738225493073,17025.709245191327,376.80022751397155,136.20791920890437,165.22196733877405,HEALTHY
79.31860965040362,96.45964126967861,0,233.03263872247754,-2386.466974991442,8710.23174722833,1228.545200638773,-32.687521256919545,-2173.360418504931,CRITICAL
21.870461706854048,63.44832664762036,1,-516.6141987601078,-1023.2532233755844,16664.045342697405,-534.9134256308281,-350.1951148810456,-35.498376754856636,HEALTHY
68.19903654004564,97.29200127241633,1,-9230.206111790814,-6447.9663562344995,14354.059191377157,-606.1444654316642,-638.2470541805781,-224.49929841899745,CRITICAL
84.8722082450312,87.92055523429289,0,-6770.512545918323,8497.219932503804,27742.216872421126,-3410.0175454769187,2355.2959689859863,-340.2361504624508,CRITICAL
34.18624553338895,52.516781921152905,0,-760.1730551152203,177.91680700987231,17649.366093031564,297.3327328506348,-280.54854464725344,201.2609659303048,HEALTHY
26.33288350821017,71.40255684185725,0,-842.4974913667011,403.1912107605219,16586.32681488414,108.41798496007473,-167.92405465100967,219.55440419432662,HEALTHY
87.39252754778795,89.86675980469509,1,13195.03876597499,-10971.303439617266,10780.518654134525,-621.4127974570395,276.5399999982551,729.076224858472,CRITICAL
76.28328033148712,98.4769502271783,1,1915.6889868317594,1163.4108222888385,8144.723731583635,892.113888351734,998.7392238760411,-2692.234059034026,CRITICAL
33.488905383870346,78.49045786436626,0,-1069.2868554188253,-1786.9457313398482,17541.346311723566,257.3194738795249,-33.105630270665465,-135.87691396127,HEALTHY
49.32981920673832,92.90258962985583,0,764.9000610945914,3239.9941765994745,17824.571798989065,-705.9369991004214,-1206.1322205038618,217.88318976725338,WARNING
54.962416002218525,78.77857110897389,1,847.3912861922456,4187.382527435678,14829.720860221425,-185.3385380979769,465.15739278302465,-468.93432063685054,WARNING
70.92151773600898,85.21555308890123,0,-5008.571276051505,-478.3427773558854,2114.4422746900013,-672.241196004582,2016.6478061014325,63.947973210629605,CRITICAL
52.834740896280465,88.3790328352125,1,2481.0909029628106,1126.9211113047188,15930.475065191118,303.569372664683,572.2804795765102,462.14423988569996,WARNING
30.083009953476683,47.870351106866224,0,572.3852323079027,-860.5697894225622,14967.063591524347,-333.66897762174517,-43.220874236663846,-203.30487243652047,HEALTHY
88.72603691541593,91.6619927613704,0,6220.969545864743,4993.147870623195,24828.0715362904,-546.4297109006885,1418.1115775788496,185.6147064845424,CRITICAL
20.57542332181962,64.85857690627138,0,-1051.5913932811898,-1152.4225793609908,16294.188826426447,6.563857075863146,152.19535481836533,102.66078211237779,HEALTHY
83.71640485087887,88.61457302357678,1,5358.406961920637,885.9110432247011,23686.779526936672,-3044.410609851708,-697.5505220137386,-143.6262857020692,CRITICAL
42.79481319128708,82.80341430543446,1,-91.50665673736773,-2825.110422910912,18546.678723687404,-573.6407170554684,-490.64724251796895,302.80552545939366,WARNING
29.080154419163456,43.48328198365714,1,1292.0536322271228,-1284.6395953877447,17061.85397484103,329.2658415390913,201.5713794909827,-373.454710327055,HEALTHY
66.88300106361385,94.61446593995998,0,883.8564298788316,115.40357700839246,16985.881128180565,3123.042610893156,2864.9129752285994,-3414.2354483043737,CRITICAL
54.09672395034673,78.1080225747803,1,-460.2482193093705,-2527.28811900537,16191.389269798077,-1991.1213542454827,62.09697439880928,79.953959112246,WARNING
79.45516663245046,99.82083577936163,0,-8523.607065109836,-721.9842766502007,17785.119740070004,-870.107424098745,-2495.524629943923,10.450362308844458,CRITICAL
78.10011439460716,87.07722413144451,0,2495.535954345545,-6544.52229493348,11877.839159085866,1790.9204473496645,1674.4189734573624,1447.5988328888418,CRITICAL
86.20942846681541,90.76036872964436,0,2352.250084094988,2915.4469814725508,9109.64802001394,-1697.074681167473,-815.6568460205331,904.6508292487341,CRITICAL
52.89029648869593,86.9940827302149,1,-5292.929219987791,-25.59849454306128,15440.497589866292,-124.58582418282899,218.80360273489504,451.3889026879579,WARNING
26.959781261605713,45.331370323286926,0,-1233.7728415555555,-164.74093010410206,17310.06824582791,-299.562691308086,120.93681938992037,-59.96269139373251,HEALTHY
82.15189910655425,85.33484309346576,1,-6124.904803861883,-4211.422749144803,12633.227663241028,2178.398854086453,-1237.2839640590569,-4068.226854559658,CRITICAL
41.848422009063576,93.31900941024689,0,308.82300460273257,-541.8294728911542,15735.945467489768,87.06933683540007,-579.8056322438792,84.13899112223855,WARNING
47.702814726231594,76.14013189299385,1,1568.3316105355375,887.8193115090419,15743.073491101224,-453.013905219092,558.2400387038808,-139.40721271124448,WARNING
52.32760052297668,80.13638331611304,0,-2544.3323502236512,909.4247668195758,14672.20961412983,218.0094592403002,33.97739787584467,758.8815821334347,WARNING
51.54818896587634,83.3564370567424,1,-2236.278054045684,-1549.3791416777021,16226.442556550273,151.12017062491807,1130.8443607230565,1042.3637112778083,WARNING
69.53228617971475,94.59630975733397,1,-4406.640000514285,4253.809438421987,16894.319324940927,586.3111119993872,-2039.4730946833372,1391.4148318796938,CRITICAL
68.57499155390916,98.13010430554303,0,-2868.8803362376702,-1828.0737755623827,17429.866021159465,-456.6368520503392,-3828.0116560269744,-1160.255285397879,CRITICAL
40.966778083561856,92.44550392006384,1,-362.58422882105737,-304.2217142181749,17404.24014642486,-632.3051775453764,653.8990095635862,303.4167091896365,WARNING
43.792952600390734,79.56244806640656,0,-3144.113594497617,456.40747673835693,15214.506340059665,792.8915212512779,598.3516009891326,-376.01162373646406,WARNING
71.6772444293892,97.94572065161995,1,-704.5238010302062,-5079.052249964739,16661.3437284564,-51.29509569860227,-40.350822913764205,-180.59250563628592,CRITICAL
81.62452563095077,89.58233133100525,0,6434.2989655031815,3758.718496829629,8785.581050966002,147.81035936020854,-2641.4885652418084,-695.8028858535936,CRITICAL
74.02000983147923,87.74685189676777,1,-3851.0728862710653,3008.259574422902,13657.966904864817,-1018.8150006271086,-1312.7370652919521,1707.8979130660712,CRITICAL
86.48664444926413,99.08182396319614,0,140.20380351357403,12109.889425835305,23301.225729337428,558.1108949216257,162.76411045246573,1216.7792043368368,CRITICAL
50.465160963109625,91.42022519302547,1,919.5954834972414,462.03541903062194,17552.009232069406,888.6155063965148,-244.90928232605646,-451.1870523236932,WARNING
41.977326769120296,75.84723863905565,0,-1751.7779104689346,3297.7613437465816,15545.926374921171,1209.1279872104315,1355.6104287925739,1479.5787080364871,WARNING
31.724488370798706,57.48206087368751,0,1180.6409124521444,-627.3134459513027,16429.222708999983,10.239580376217068,-100.35683856230642,-274.4931095768202,HEALTHY
45.58600778426913,87.2038966329726,1,719.2051091893055,4187.824849225565,16289.705125586022,529.7089019973997,1436.0566248599068,914.6319485065334,WARNING
25.931514019893715,52.528250442806964,0,-1803.7814217781781,-354.987284113288,16290.565929083,45.79648501221561,47.91530807264174,180.7845501473712,HEALTHY
88.7131582311089,89.59430490289503,1,-2116.204770021643,4972.44272211345,12837.72567563895,-2102.327212700388,-3189.6517098016416,2625.4481385453228,CRITICAL
20.665649952998553,74.08774133388032,1,543.4991027893418,1083.6096539054704,15533.443541337805,20.9470597276261,-349.70939699150523,-251.46806008576888,HEALTHY
73.08307748816873,92.17838072620529,0,1596.4699170351482,1755.0282691487794,12866.213427947889,-1805.3968046951316,-89.92630364973296,-2251.345707400218,CRITICAL
22.11917073913259,48.47929963608954,1,-174.95975669540863,-755.7451594928447,16920.509843570402,-179.69359635820746,5.636231473825649,-1.8237993288407088,HEALTHY
34.28332678546392,41.69689192827567,0,475.3660343472122,-146.34235365483607,15459.502790744396,66.03336823859347,291.34199001235885,62.362836695452096,HEALTHY
34.68471672762213,64.13972384173515,0,1481.2385485888035,-478.57744462146707,16982.05769645291,-169.877383031181,-27.356654993885805,217.96710729008672,HEALTHY
87.99053252089992,96.55055535536829,1,-6687.043608564416,-9493.050668659243,13093.577912418614,1250.240912679848,6.127274881348442,-2086.998990189515,CRITICAL
44.7755001663912,89.75222323464266,1,-1677.713822012168,781.7621422068074,22922.48391271782,579.530714908747,-775.9902541598883,-440.2181296402241,WARNING
58.55276598380294,83.14669841006521,0,-2155.905060524488,-1023.3325007568895,19989.2959411587,-634.2269446140938,-974.733703882352,-441.66861415564836,WARNING
22.502445574253944,41.86739279597095,1,-871.5073616580136,229.04973825211889,16406.1964972591,555.4598823138247,19.973900333014686,231.38795311286643,HEALTHY
59.543754782648364,77.22628642955101,1,4013.87623559318,3542.072257035683,20355.224621529847,125.43747138167815,196.32514085741886,-456.82984016947694,WARNING
66.0010320178698,85.26046113827418,1,-15155.767690616272,767.9301820635843,15730.876715603794,336.0512035190629,-1508.6492770928137,-2649.5718207984505,CRITICAL
56.53847817933722,78.12634442798476,1,-1753.1238610101907,2440.346725167303,12443.227508071886,276.3301723755953,253.78016376507293,813.8536410803349,WARNING
69.86350664144358,88.45929653880408,1,2832.4955716452528,2711.940605667109,12331.62107815682,2602.973888511989,-413.885319050222,-1176.7946944714852,CRITICAL
30.08351224700908,40.21356567878754,0,68.94205809604952,281.9867517062979,15729.12402604221,-202.4843997685216,98.43548068567944,72.46300023216192,HEALTHY
31.90764939301792,66.45441574645223,0,-413.42377063644136,32.39621368357873,17846.25460403473,-58.09078324555781,214.50835991455176,285.7520324073541,HEALTHY
49.00057024037375,86.67508377566139,1,636.01719686663,1211.2828269319307,15527.494398072318,511.52826281227453,1020.2390084821901,-1066.7010462131834,WARNING
59.21475677798943,77.39912415496384,1,329.4728955283413,373.53121230222115,19390.0772644489,-1175.9340225534268,87.47703355417943,-846.4036930154955,WARNING
51.7984635654763,92.41201685151424,1,-3573.167199177863,2061.6715617285745,20267.386747639735,27.85961788121131,-467.1688380520897,252.09166589429387,WARNING
80.18834478195126,85.93227890698851,1,-3749.9411097810794,-193.19103558984665,11886.722567516523,-3310.132229019724,-4004.671840890641,2027.8152284502755,CRITICAL
26.938903206577297,41.33071884677434,1,-1137.7379958113922,24.407339533162126,16598.826506116602,-112.35649896600299,-310.68555969335864,349.17426722703146,HEALTHY
44.9681121049371,88.69590804300306,0,-443.39137159977264,483.6634274705976,13964.06902406132,-358.24720688751904,1097.3749760502576,523.9376060685494,WARNING
59.367195630193876,88.12290085118717,1,-1443.3550392708344,-3774.982926448017,24603.402968471848,-98.80477063996398,-228.01722522783396,79.33412473371129,WARNING
23.46243783731018,58.27434579521474,1,694.9979007768749,1946.5428375147656,16123.501438061277,345.3667684437521,19.286743758697988,-136.17745640781635,HEALTHY
56.38064041672746,86.4553580575512,1,1685.360012799973,1790.6562411713228,13246.127331987105,-1026.2267410142106,-0.09218035885650101,1254.2475915293514,WARNING
77.02294189771632,93.3468156789376,1,-7388.997463329597,6495.749526013263,13414.716050924082,-2568.738816618348,3254.2361043195156,2214.6233386815484,CRITICAL
22.28435370601483,50.5590207883932,0,208.0550318240541,-723.1312980172579,17292.81241134997,-81.59429562025059,-266.8321518009982,-56.745500890655556,HEALTHY
71.9980871499805,94.5972678939779,1,7698.658303872289,-5488.1916358318995,20167.429047158734,-2276.3963609135594,-366.75258262584236,711.5331022402663,CRITICAL
56.99604521604707,76.19809402006727,0,1374.5046569266722,2827.1733963694132,15539.475569628203,752.1552988621253,1042.9342573650408,199.11173683185004,WARNING
32.40061039612231,79.36052652841857,0,-1075.264588226335,329.83995362334275,19016.92443692985,-361.12109458135325,-103.24841740183206,-135.30102428982718,HEALTHY
82.48609282346231,93.07007177327175,1,564.2567459661536,3408.312937871878,16879.097036501567,3286.532479819313,1503.9990571646908,-912.8494650230018,CRITICAL
45.05122142539051,82.44559313619816,0,-773.7747148180732,480.01059242169185,17077.789647204725,224.1314984453111,-96.8346974114646,-264.19638079123104,WARNING
78.29963738693864,96.7009411351892,1,-387.30896006663323,-3422.858806095073,12751.29228373424,264.08069336999415,633.3196239010147,737.4112752088467,CRITICAL
33.732324463820625,41.35783914343195,0,-819.2643935548025,615.7087491645401,16187.99736875767,-192.76150201944364,131.37667324486856,158.3298295845582,HEALTHY
25.772054258316548,59.57505795882681,0,975.816719344709,918.4544439424138,15138.282623553616,10.986822199969746,-141.91597094983453,-251.7009821350669,HEALTHY
44.860038282575715,90.90923842442935,1,1705.8469551491478,2366.4425089334663,17894.129112304057,-287.02058807723756,-49.58579354126316,63.78740707736381,WARNING
85.5712226380611,97.75735282873845,1,4428.778746355481,865.8612381730702,13777.468864674514,669.6012786965586,405.5856132377772,-4842.825276627121,CRITICAL
33.85614696899973,49.1922536569066,1,1089.90495909083,-571.1839740841864,16427.82879946043,191.16054902249618,-96.85167038616605,-9.185765748032129,HEALTHY
55.03652776852506,83.9937934673868,1,1721.9232208916003,-2751.5908445872296,16108.860660525985,-663.3921428520496,-1674.8212421634953,-102.18006717992442,WARNING
33.962109459747346,45.028970759689045,0,1075.1759356684586,-1368.7045435596683,17931.999753924018,-152.281508656961,38.45859562837919,-29.644575518354078,HEALTHY
55.64202450968213,85.6564972262522,1,-2765.860392692772,254.13940391507302,15023.313917688654,-754.4207544512404,-563.053051233832,158.05162385986483,WARNING
65.90786848339339,99.347901243659,1,-4063.346106178357,716.3412944270956,13234.751101246806,-1949.4334131916114,569.926160491981,-4244.676846240408,CRITICAL
25.98254044555594,76.90492232351158,0,-100.15407647995278,-203.67375017696588,15506.017413243439,-165.376070807972,-45.29577838030535,73.47310136323561,HEALTHY
54.82903536078716,88.93212774721624,0,1996.6205179778585,2304.8415032133894,18691.583593089323,385.8791456342969,-797.5003114471875,1190.68006359155,WARNING
83.71967844555729,85.85460288408056,0,921.6115191919439,-5990.462640219898,8304.348238663564,-880.840255148688,-2666.822772273677,1343.5938903724955,CRITICAL
40.59165689090475,82.25885184351291,0,1160.6593580894826,1419.9863488106046,19324.564266896323,-899.0603828564392,14.019137862821001,-747.6170631238243,WARNING
27.81152212751319,64.65998907580334,1,-364.9527295428853,-839.2096673390064,15339.190805978966,-393.27131787520034,411.2414259880644,-220.64167314433664,HEALTHY
85.55428351897037,96.52971753474975,0,-5609.762566111605,-4806.95806388185,9947.955865118574,-2124.7135993321563,-3182.3402119279945,752.4262876495623,CRITICAL
32.56050619655226,46.78913714307693,1,-179.1497576634285,-1268.0142073833765,18289.941348457563,-92.63352261455827,48.64891397112544,143.5381482878927,HEALTHY
54.84841023742796,93.97951329929802,1,-3009.7841224159506,563.1417049589988,17957.40158357223,-209.3483596610383,475.5056739876445,-497.0956247861675,WARNING
43.88738146532273,92.22110182435183,1,-2209.8073745708634,357.712342569986,17649.966868082236,469.481019508363,-1649.1432474526255,-919.9995684656841,WARNING
20.01926638290202,44.80637034942488,0,-2396.2750570256635,-220.4642438942764,16986.037423381782,-103.08277308908774,-217.16503445924732,422.835043588375,HEALTHY
85.32045313334638,89.52902406528099,1,-3476.1449600711962,-1860.869970064076,7982.52862749294,-1919.2146244236812,1720.2407839699329,603.6249721517374,CRITICAL
26.22660765282399,43.57359609167467,1,-197.61047802168252,-1613.4594081376322,17316.48385227032,44.01646591219633,61.70918052784339,97.65012359697901,HEALTHY
21.346392508402356,76.43305058745261,1,-1436.5427340442345,-579.9735991408243,15846.325418806558,213.7041766773889,34.66093985715882,-191.25549151302656,HEALTHY
72.42427393378925,98.94546247998169,1,-2996.544874391603,6210.946094177117,6883.08459673572,-970.5095145938692,-1194.0397942157701,2674.078251810039,CRITICAL
28.751330227745026,42.46226710399997,1,94.52756758846836,1806.0891178369613,19050.90522232001,19.431157417249555,223.33625501350446,46.41892758570744,HEALTHY
46.22885048664598,91.00468427866325,1,2010.5957367066871,-733.8448357180436,19578.660843475325,273.91722457361027,-673.9423958869453,-126.50560312724595,WARNING
82.58644607774175,90.79071649835966,0,-5493.967009082898,-9921.057503428072,16129.383525164434,-655.982774114482,2144.0989627665813,-1155.0471617127168,CRITICAL
31.276918810508846,63.53462756870626,0,1081.721694395094,-456.38646133747545,16011.059479569863,369.67012585348533,-20.859702275545327,-126.94637805332098,HEALTHY
70.15347295525993,88.7650926816156,0,-15679.61123502011,11553.89205524433,20810.95074071952,-762.125181666455,1211.264850209403,843.2878164320884,CRITICAL
77.46650052046635,98.77312901363162,0,6502.785457465777,-2343.428430228354,25969.555453583325,763.1919665205545,1856.6978470223219,-2323.397652590825,CRITICAL
29.19026517011911,63.415016911638254,1,-241.54599930938247,1152.7323912523345,15641.141214932524,-292.1170941598791,-48.51323640622891,46.382636512489455,HEALTHY
81.1645662273583,98.5531538880282,1,2995.5509134899844,-3131.300482230266,9549.660003161738,-390.5891595923974,-598.7876866644863,-1184.488755248027,CRITICAL
75.34032157462718,89.5631706588209,0,1911.0917326840674,-6578.649863646075,10777.20598098852,3624.4613244247253,1972.2250828729264,-125.940100554672,CRITICAL
77.87133221152803,97.82303537174914,0,647.9360789006545,-3413.9783990732426,9668.708502555444,2918.100092041883,1553.5513253953075,-329.89050841889514,CRITICAL
68.6463889720876,88.86705875487954,1,-3720.2056018331746,2361.539351885825,13837.22622234716,-607.1261517334336,1514.6533642114093,-1283.4540318852542,CRITICAL
43.02480500080736,77.89121707244394,0,2407.772530108647,2575.821830625386,20166.979210800524,132.84432974846936,-1159.014157348568,440.2098781167522,WARNING
33.838586073587,62.73888808627278,1,272.55441351927294,-638.5243879544184,16545.042131405982,-82.64133416926967,-65.50216401610889,222.0794767714903,HEALTHY
85.66707568177927,85.03743180401244,1,-19452.93520417828,-3254.481423660644,18413.79415425892,-806.8548795317803,2598.4093590785487,-1322.587397598706,CRITICAL
59.68499532982581,91.83350418542977,0,-6395.719648316074,-669.7731209138911,15230.340310356221,-358.1853574595448,213.03357032562553,-170.6682058856102,WARNING
32.29696707477091,53.33629288636442,0,953.1250453760866,513.085420097293,17109.095786847996,103.23565742299168,-128.29631904459043,86.38450893478813,HEALTHY
25.161132400555335,79.88527576633464,0,-1090.2350801857508,-142.24842863978577,17898.7146124944,82.13491708396016,46.57212239291514,-227.02090424314235,HEALTHY
44.55601511425712,78.98700257889372,1,-2431.783977342777,-3799.7465125008016,13043.187033710481,-752.7847544796897,-919.0252638813957,1414.8077425273723,WARNING
70.31691073737191,94.05981630748389,0,-4459.765984196225,10092.712472280973,17448.525529427807,-812.239996998626,2678.8501385991217,1759.0336964691414,CRITICAL
26.87307207878324,77.80068376993977,0,477.124347686055,-398.34300450052757,16475.835758268346,179.27801746972037,-272.67125157604994,145.17564411074264,HEALTHY
25.30545029871101,52.09916116671706,1,595.0294658355647,-557.4230531083211,15971.002177856566,-185.33966176946214,-6.287834074955284,-169.6857268381629,HEALTHY
29.93651017551602,44.74010494392606,0,-7.200045790336603,615.0301937723192,13482.47631730642,400.0735023016163,-146.21476701021228,48.38727389471435,HEALTHY
58.23215713914978,81.98238540288504,0,-2125.0206369009647,-696.9874494288827,16552.67506314306,301.0094666679484,-242.8814171735821,-614.1490146084257,WARNING
85.70922518075494,96.87296606747583,1,10386.903485186842,-1374.4238594010174,12530.59903574762,-121.58628093724984,2069.4334880497104,2762.912742547868,CRITICAL
29.029720294616787,67.89791312657225,1,-599.8220233198493,-1558.7869950238417,17203.373268139407,84.77789648879721,-193.15652657279185,-107.71473465932485,HEALTHY
53.389614927718625,75.34303361393228,1,-2784.363801054686,3362.546640678951,19212.64449086339,-800.2367263450273,-275.9005195470271,-976.806350176769,WARNING
29.775196923176406,68.50405629193573,1,-500.2788910049958,-2591.5412573751546,15585.696117626288,-263.0835817606864,-8.079230253287106,-250.73785009255093,HEALTHY
80.07218472511681,85.41143153149669,1,-4567.268988911355,-7268.961912479767,18722.87567490566,3609.973449480342,-829.306655597688,1783.89776700187,CRITICAL
75.16463524914523,96.72951344605988,1,-7262.2485224084585,-6540.416812436948,15638.59452785387,-1474.832555829243,-90.48907286210738,1713.4166300290594,CRITICAL
82.99849110868651,87.88574771836375,1,-826.0811392649897,-4696.909581429533,10047.372104511604,191.7137605988997,-777.4680435540256,683.00347935063,CRITICAL
54.51331527380018,86.93553191861889,0,1572.9496446863866,-4072.733221576632,19838.620089482705,333.1305841674864,2310.680326011069,1456.484757301208,WARNING
69.46553517574004,86.59157283573111,0,-1249.3362576765173,-3218.0761617391313,13059.73369547152,356.47948781011115,2801.554552391303,911.9367997611781,CRITICAL
28.986489876541288,43.557180910200955,0,1415.3109524196223,-414.7170383836437,16894.679919359052,321.0366502666301,49.520875255872426,254.65841317341815,HEALTHY
24.43621343892531,50.229748061932014,1,-572.1940702934435,-790.0128020810761,15754.647900313315,-149.84312341778448,104.51238417506543,-366.96160592691103,HEALTHY
33.49269147644465,77.63519625365939,1,2205.529568265414,1199.3367809282508,15124.934374069253,157.40331392817833,204.75526032416326,-80.6875397242716,HEALTHY
46.90101738644114,77.75104222950279,1,57.89184017652232,2099.0002088501014,13481.36190311603,1291.0474826727595,-350.45865263203143,-61.88779600700185,WARNING
41.24102105270865,84.51951937319492,1,-2080.7816600862543,-2311.7020458772427,20845.502638534672,559.8268239675162,1048.7295870478463,787.4297827469626,WARNING
89.59694048542731,93.49095195594094,0,-5211.080323826327,10042.31860489588,6713.862492667177,721.197798525951,1380.6058561838695,1643.4042450296388,CRITICAL
56.41350766802141,84.02328007375192,0,1634.3973200018088,370.6601351202305,15049.139109995964,297.8569648497005,622.7544626550527,719.6152431216929,WARNING
65.79164492851845,93.0880373160939,1,-1560.940677760051,-897.1821872596138,16918.02466332089,-785.1233547151797,-1109.2882160920176,-3700.7553697636827,CRITICAL
82.18037602952786,98.21384948632358,0,16.73217601120167,-834.716845159051,16542.28689320826,-851.2186774696718,2114.1143365803837,-1521.365372962476,CRITICAL
27.60499430215021,62.88687847135079,1,839.6638644311888,-1357.517539841935,15483.32861748752,-192.84001428464893,216.01121182786204,188.55770282801512,HEALTHY
66.16900034527916,93.07158487838848,0,-5995.351372837586,-1511.280815193403,20789.461499716494,-1717.0673914843642,81.5223234698387,30.958721148764486,CRITICAL
41.65477369501714,90.37000214725556,1,-1156.5731914822265,1137.939174672061,15778.279754554029,-412.8314684669949,910.1235687691975,-1613.400020817402,WARNING
33.66603054151076,73.5306143818282,0,-228.59991534001858,-994.3493746085122,13821.66634120469,-38.205552520033805,482.52308432258314,156.92085757960476,HEALTHY
53.31563607087954,89.0031938414627,1,671.7636323671838,-1287.33090745301,16367.653640827844,-541.8640371338408,-1358.386109292555,-195.8545159892889,WARNING
80.57518964061332,87.06249331236135,0,-304.3600589824747,2118.2183013903987,15979.4260219435,-1492.2874070767407,-103.25490404333438,-227.62110463878295,CRITICAL
43.271314946725745,76.26979389629412,0,2957.237347194813,-3861.1372727088856,17684.44105400068,-8.112849023174851,396.240221182447,-338.4387358826712,WARNING
34.553530166223155,77.2929103291551,0,-892.3253901884467,402.08825820294015,15092.4743982318,58.170560035341424,-181.7300591482876,-143.00963659332507,HEALTHY
49.630788953931486,85.62783586276876,0,-960.4541642674388,-1905.3336212852448,22848.93793920974,293.33551432742206,429.2858812628007,796.4437464680636,WARNING
33.22891637456966,57.099587516824606,0,389.8868194723951,-772.3697843143,15881.89699590112,111.73819320665508,58.6787911283806,-14.992990167809547,HEALTHY
27.399212410078402,40.15839772048571,1,-421.4777473057731,-1131.0423742958853,16804.963527127402,200.33070067542002,178.1044355290937,73.18186758296548,HEALTHY
79.04233437128687,97.13062967231116,0,-929.9316137253868,-870.2545807791882,12441.523373857084,188.88363903447726,-2362.7727868010943,1494.5051127513211,CRITICAL
87.06810360686147,85.19253402095106,1,-480.8224072788564,1158.1327963076603,10199.049239683309,-1129.7429884138232,-1236.0641478121156,1690.5606092136966,CRITICAL
45.790854955874096,85.47396772542618,1,-3067.590998265817,547.8808991352,16823.69856714568,-1262.9309767878708,-621.2260123861486,-477.7787746813429,WARNING
51.471692139075785,93.86468566693938,1,-354.15657968060776,755.8072508706863,19822.992410760522,-282.86671828267976,1424.8720197037164,1394.4660852482173,WARNING
74.6978157596782,94.61254439942122,1,3941.7480253932326,7131.703134034169,16000.980120224312,318.394733986253,-3560.226401842935,-2220.3962479348943,CRITICAL
66.81288740843907,99.9108393515217,0,940.5404727463776,5091.999281808049,17181.548210253393,-1434.9859826098093,560.242080258897,-780.9289866499533,CRITICAL
31.533766119730963,42.64943911407463,0,-6.199139673872496,403.11932708557714,17506.67768479802,-288.2391520991997,-24.58226131029103,-15.06073095102467,HEALTHY
80.7886192848886,99.8392683596391,0,-14201.813745038171,457.1545286923336,21744.83736655594,-1039.8836748444144,2043.3174563958758,119.3091300141682,CRITICAL
25.127984026435257,46.730417773520166,0,-886.0402469783771,-332.57937984987495,17087.14019723605,499.68609674429894,-45.60114536194357,-281.3954924207978,HEALTHY
84.89839595135886,93.10785788408273,1,1293.976724916386,2614.098671547018,23829.793592431193,639.6461252281315,3077.694580938688,1822.524566075647,CRITICAL
23.88442407537463,75.1498609470772,0,293.27496526031456,-742.7748445287092,16334.795083826632,97.81677563014853,30.174374255094033,76.06136848030886,HEALTHY
77.92943453596291,97.11920850815424,0,-223.68730811754222,-14088.006806426061,19155.988142218557,233.30130003121408,2312.835542994877,-1500.1873149766127,CRITICAL
26.19012989125095,65.84384700020252,1,1176.1751052399197,-1733.9835294173527,16590.724047244996,151.78772002438953,76.30771251786624,127.31926516436587,HEALTHY
71.1835801639721,95.6933072357912,0,-6486.587087623137,9390.608643651554,20177.328210912998,1603.8158342562674,1917.9288865605963,-2713.6483011064743,CRITICAL
49.590728900860526,84.62862405624011,1,-5051.4837508308465,355.48283785327436,17134.952342394714,-33.480892338539526,100.39530810055317,-844.48723376789,WARNING
69.01748316206759,92.10497135428282,1,8214.686206048505,-2364.9485791564425,6681.089713359738,-1053.910287129984,554.9584826749319,2074.933339130087,CRITICAL
51.473331950980196,93.28417579361624,0,-3579.9669027006785,-1632.9742540914326,19516.020880298915,-287.51691680470105,66.28651240036777,227.44521871962186,WARNING
59.72711591011482,83.50616300602307,1,-776.3578670072259,1915.72391877233,18765.221151211572,-59.70506013126067,285.6306202373252,-156.3416107195798,WARNING
42.09275613855251,90.27004169440733,1,1025.9581919672303,3036.666950332257,16021.833112134764,284.07686067167,11.461969351905593,-690.8599155510898,WARNING
81.92226541472061,87.15341682336067,1,4212.669596934812,-4418.460062748579,9956.20677839872,-841.1830688800806,4361.6300994083695,95.2143288923155,CRITICAL
51.15605362418294,92.22572665509527,0,765.3279725124888,4609.814356288215,18340.75984650463,262.3936548329744,-1358.9357866502987,-1055.0459960993646,WARNING
28.387788199697724,61.285309583294094,0,-65.10053875530416,2722.948687724303,14721.88528644856,123.93262363248492,-139.99306720810668,-44.760610210192624,HEALTHY
45.180784202410294,76.3951402462402,1,-1598.515089686303,-1542.0815024429191,17503.826683448475,227.24575330058184,-841.1135751714149,307.9659823821773,WARNING
33.57442820254871,72.7140265365933,0,1378.467355453808,-671.5122069805457,16329.221639661175,-184.48259696879066,1.472536284713427,-295.7093873997598,HEALTHY
30.08376030941292,59.25111804876948,0,528.517884394926,1281.3925489828368,17224.838759366656,-71.13658205157711,-386.2753721586077,174.0497987822621,HEALTHY
26.814019583286495,61.94412471752613,1,-601.9686788963846,760.2510946353603,17490.32910482844,154.32762986026725,-144.6678164902468,486.7696156804833,HEALTHY
80.52006304432882,91.70878519779419,0,480.16253008528,8409.468833996672,19781.258194895203,505.7665542601661,488.5532579410547,6297.793290093747,CRITICAL
88.67218705687132,92.54068162091991,1,-1260.9818853360453,-2211.46144044082,28454.329452656482,-1645.8071819529487,1855.6389122321177,3.825872041987873,CRITICAL
76.0604867997034,88.92862727011662,0,-2246.729488208277,-2789.478453336139,8383.40712730259,-1897.6637432466862,1962.2990388015698,1007.775742758801,CRITICAL
72.17759916720276,96.55504182545234,1,3876.2994774090344,4674.9350804519945,6350.972273512009,2709.6804721674057,-2952.903862494742,-811.7981752419319,CRITICAL
77.75849399377014,92.50190437751182,0,162.92945533498553,-1211.9999823517037,13408.00446798812,285.50317469285505,1538.4126949950962,-917.1053202623968,CRITICAL
68.4087927474977,99.47864113300416,0,-898.8326750510302,4363.51563835241,14799.202014934779,298.72739230265773,-2876.460826274294,-512.3985606623947,CRITICAL
82.65006023917978,97.14917513729354,1,-7731.6707661907885,-8493.68426155205,30073.66581630215,-2820.7391544833954,-3258.001775718213,-617.5241554221144,CRITICAL
24.323179526721592,46.41236158062276,0,908.9780363588295,-550.3655277315041,15680.643540262974,-153.93115523397333,-268.74047695773754,170.7985734187035,HEALTHY
31.743854213863585,57.70619393041733,0,-1063.1733557393502,414.6328952413382,16553.63170618562,568.7894793051361,217.42047240314858,63.04898531417089,HEALTHY
72.75989650711297,94.11642974527611,0,-2551.4900743770404,5027.002065146657,24347.14733681072,-653.0732067526569,-499.34593561652474,-323.37821605012226,CRITICAL
45.387138363609886,94.7814893094741,0,1519.7598994465077,-1506.681101122816,12760.299477340313,732.9435299498982,313.0517610899714,-221.35972131736594,WARNING
68.53438315952639,95.84846726432069,0,-5948.653706376941,-5277.637854983939,18752.92012247306,-1052.330742120375,373.8541051089953,2563.9567247533723,CRITICAL
55.96991927207826,85.48075339735173,1,2670.6093739462717,965.7180205814856,13793.72784027001,454.2187129833448,612.8455458668732,-57.09533150452418,WARNING
56.19393874121175,94.05485746252941,0,-3523.8722010190204,197.67567052207016,18134.181740815602,894.8876266833214,348.4110766912943,-370.5418665685316,WARNING
54.0146376072653,92.11249132351755,1,-1174.597584376535,-479.4292797293243,19016.69953398029,242.8339475822407,-874.9733015771181,-495.42383409532005,WARNING
85.36516710937302,89.69377405982829,0,6549.365051921192,418.4022129832735,10684.34361574068,-1338.8196325708682,-2402.2262943698292,150.8390616708236,CRITICAL
76.79686466928227,91.73707805716698,1,-4578.306777338825,8709.733466359427,5263.031455756484,400.85065397798945,1857.4889531550104,2025.3222574002284,CRITICAL
51.21854492088523,79.48850444991066,0,5672.479029148633,471.13399107320674,13207.779386045446,674.2585737257574,-75.58858020882712,-79.08678617462733,WARNING
20.489269225123497,42.30811713663596,0,-1866.5399513606162,1007.5136898369221,15699.370174239995,158.12511983255374,-394.02076354236715,178.51946765986187,HEALTHY
50.04362283078255,87.91529901385874,0,2049.4201736887194,4275.625977793285,15157.999483567093,545.5103309125649,-704.4014276865615,141.10877244825386,WARNING
43.931738458217204,93.09276854229898,1,1128.3688696615816,-2952.9838485737446,16201.943918524144,586.6098381754174,-70.48711097202391,-662.4196759234576,WARNING
70.11458430376096,85.17968034205246,1,-844.7105061071051,473.26173156523333,15374.486429326384,604.4459809815746,-939.5597001675809,-277.26630069994434,CRITICAL
89.30269319751949,85.65400547978075,1,316.4373498089953,-493.78458438965157,22395.430952989784,1236.0822250447284,1389.1361211779592,-927.2965944609296,CRITICAL
75.78874463767711,96.60349732567944,1,10889.555460519075,-3583.5922396410356,22732.633707976216,709.6803111405949,-2825.364134013824,-1392.45676074436,CRITICAL
22.058407199253065,77.50645842466368,1,310.8581907948114,-1578.6752019029893,16171.498635308835,235.78967984733353,119.35172926036988,-404.73079560243343,HEALTHY
32.053126652396415,79.82416807214024,1,-302.51438765993623,-631.3090201883673,16803.883726061707,20.151527395996848,52.16512012687794,96.14916551125832,HEALTHY
31.039030879061684,45.531021107112345,1,656.4471869104684,-1958.3409157869407,15341.317723703907,42.52921523946805,-341.33391547494966,-62.50357582697277,HEALTHY
23.575058159419953,71.75820338862363,0,2583.8068488176677,1248.7919005495582,16603.645160283046,-62.121382979914664,-40.14698360039838,-251.22585892208994,HEALTHY
76.64463932949931,88.3509104507981,0,-4777.344736642915,-4162.187805700003,15054.379658904103,3461.6303860894864,-1332.6344330892514,3318.5413284383812,CRITICAL
29.824116568509822,51.33186111990809,1,-304.92951907956495,-503.06939955509233,19068.656339055986,161.43390315864445,-213.23770918735647,527.8617738324357,HEALTHY
76.93099687022328,94.0693715830338,0,2862.6349715109054,1464.8386251970737,11064.599598952496,-1546.2282737671928,-592.6240130429463,-1005.3179613883543,CRITICAL
73.65736405070992,89.58334951241521,1,6434.436518980962,12175.512366952085,10927.342319866724,-168.38478207676195,-1053.715615345178,962.3901982750646,CRITICAL
73.64697124935988,94.5897237831795,1,3647.2819987185594,-7161.549384204107,26787.298830271648,2554.7480770264447,-3819.5953393178534,-1603.87495012743,CRITICAL
28.30207664314775,62.81147754925562,1,-183.4872429985071,-1669.8001530963472,16430.771430840847,-21.430576207107304,236.84182919233817,-163.9731090067504,HEALTHY
27.112369188186197,49.03158208602517,1,-1621.1194770561797,-325.7257767370883,17553.394073696258,-38.50324476851067,79.68877267133637,87.44621950940817,HEALTHY
31.43688028611036,75.07062547046998,0,87.03522814667257,-947.3413799421243,15604.573804122467,-439.3029201664018,11.031175283722414,501.1378419283945,HEALTHY
89.71883542988152,98.83014430734666,0,-48.23553072967034,-8802.757977951069,17781.788510469523,1600.9596783841032,-433.8129895889232,461.9149021108967,CRITICAL
33.10692035629821,60.072815021620436,1,-801.9092044499574,-2454.973541273946,16155.971970215121,287.7652758908446,-178.05088400973074,-304.48293885334795,HEALTHY
20.406599785043497,71.34006010351635,0,251.92536330908277,-892.7695258571691,17776.16400522138,65.25395658567604,179.25679202612136,4.23362888297195,HEALTHY
49.74939616631088,82.3043391026797,0,-828.7484707487856,200.90581490757535,16485.307355792524,532.8218273361472,-84.45012389088434,-244.91974438610208,WARNING
66.5350754823839,88.70599968136314,0,-1256.5861903559412,4589.910250583831,19034.0279445763,-2512.3532757777634,-1186.6638088881368,775.5454844352383,CRITICAL
56.386375246939295,89.2133449188567,1,599.9837628167032,-1332.9028226629769,15975.998730629855,-397.7545856991584,118.11835677269863,-516.2972996736431,WARNING
27.870084600284333,65.57499202171103,1,2233.1938466511856,-887.3923901075258,15810.717377423067,-301.2250955377662,-219.3514334058642,142.62562153890326,HEALTHY
67.83417665586208,98.76664378559373,0,-2672.761210512973,-4263.371176826197,6369.001041017495,3126.0357857189206,976.7596227207852,-3221.3564244255135,CRITICAL
47.931274335941616,77.22433150004431,0,-1608.1164742325723,402.65151603225365,13294.905441281619,1336.271818885788,-270.55784180575864,-495.56189955550275,WARNING
43.41810579888547,83.65501738222,0,-3224.1902449026393,3134.3369655493366,14471.876929229742,-1257.1879142088164,166.51260944420716,-178.2255902097185,WARNING
44.85596529055345,94.45179073503115,0,2610.9651296914476,8572.276195020533,16671.88078610119,-918.2156845715875,-410.39953468650634,437.83320021283555,WARNING
24.94295620660995,57.62412456236699,1,1731.924682322397,-2117.0080522063486,16760.177551283734,268.3498967503195,21.067808965879234,60.4717386033823,HEALTHY
89.9725841984863,92.78149343326676,1,4925.816663458567,5563.030183207545,2379.767096266194,1409.728553628806,4552.158035655332,1518.8275484436308,CRITICAL
48.18746253856334,82.91850814347258,1,3263.956789526309,-1783.2772507005288,15729.137483939116,-1635.2487235148842,1214.333955186504,-749.3277701140498,WARNING
88.2506528311574,91.63385149712336,1,2544.0445704018894,-2615.1947160842396,24838.527001299455,914.7972756724187,-1498.3797228777885,-1732.3167330521433,CRITICAL
33.747337266732714,53.11352795400136,0,0.7101215659635721,-175.44882972951027,18055.5829507444,351.93943846686227,-28.878563690594262,-69.18326011999882,HEALTHY
59.570262692146244,94.03616776138485,1,-2084.368101797789,-812.4486106533157,15596.598968863138,-247.76597137163782,505.74703861005594,-221.6604353156506,WARNING
56.421444461140375,85.91718802039524,0,4192.6479382427815,-1140.3142337365086,17157.829825760597,491.1970405839649,-478.5800005203596,-321.92848985867164,WARNING
75.11764409621063,85.7325380602047,0,-833.6661051920073,10589.831124758668,20291.138617452303,-2738.2653247633934,-2549.703142024605,303.6381854875175,CRITICAL
56.62254433435491,75.3096491827503,0,-2014.2249825052786,-398.6042600450067,15742.336684096197,-313.3779828063088,359.1736673746559,1566.5741124769525,WARNING
22.02825970569282,67.01824181345702,1,508.56587735831937,1630.5819703300629,15343.545034386072,-36.84760788910061,-350.81711253387084,-219.02121038712025,HEALTHY
49.72640454498053,77.827182617723,0,-2582.840600196421,1056.4179116856,18269.135712114283,506.1160326111204,-847.9527937646724,699.9610403177209,WARNING
84.76647627516908,92.69642868503027,1,-9906.320370371493,2490.4350581945055,15368.71805100672,-81.04476705386342,2408.0022601713026,-913.9880771129186,CRITICAL
23.344250128366305,47.52234265916302,1,-1121.1693203821078,-2334.0228586009707,17633.44636729539,-294.2667014639569,123.15529842761764,236.4302161254514,HEALTHY
52.3195834882089,93.84246627515009,0,-703.2341316739235,-296.3355850721604,15098.327571073398,629.8806472930701,-504.27185116033013,-388.78027960963715,WARNING
21.58497026392616,65.63305258760825,0,49.05340927435707,-230.70041319547823,15071.72061466108,-312.5309570532157,-266.2459585428141,55.665812244042975,HEALTHY
27.72854082296316,78.92441397080417,0,-530.2576183724408,-792.8728322623442,16276.969640045441,-207.04846448387482,-110.72986106943641,-239.57557851776969,HEALTHY
24.733302116646662,71.55780495739707,1,-1064.2200068173488,-9.844808650383005,14695.4948119315,-224.00948449397444,134.18224965537502,120.75810405557883,HEALTHY
28.74658635919847,68.72056712508007,0,-978.8478383233464,-295.3946186991623,16921.160501460956,-314.1856114243535,-129.77043668197794,75.38178832528027,HEALTHY
76.42220500015306,96.2675424276683,0,-4210.3640795753245,-1939.5417182916456,14241.97306329391,-1435.2711839433248,27.74414435195222,-1116.5551924161064,CRITICAL
20.484739266644755,51.19054028675783,0,571.347510326788,970.5238200132106,17125.963016529466,295.3317250859258,140.0485906724838,-26.459888788492524,HEALTHY
59.431449674685396,83.5156375212836,1,89.50650008960085,345.3688909189396,10345.591844803675,10.259136909088708,-1560.7029018783142,512.5526511636964,WARNING
47.299143753364504,80.47419834345685,0,-4961.719853614775,-667.8437148543867,17484.884984694785,-364.677985861767,-735.3063401291771,592.2829285071535,WARNING
26.398878515815902,75.56477422909771,1,441.80112774607295,-266.2933693969185,16919.47288702,189.69333605453912,212.06561380641702,187.8233639207027,HEALTHY
56.12164330789855,80.58530556081979,1,1170.379949210634,643.0943766913057,17082.289604431262,-126.58336907919663,70.20280575492713,-149.76880043128477,WARNING
24.16071774471699,47.52484638895045,1,-1352.450554909997,-558.4203694327604,15585.764781968466,-267.56896476167566,-64.67455980064034,-332.02348411126667,HEALTHY
25.115302583840506,78.47459497391995,1,-17.894977008350054,-976.4000486637974,16338.745698035664,-246.62026100297103,278.1944716002801,-271.19406897199275,HEALTHY
82.68886042446894,91.44014105949483,0,-3187.2677920880187,6716.746528291528,19004.759896465832,-2002.6437008041373,68.01433892788953,3807.460455293189,CRITICAL
79.53515392141416,88.06189426994796,1,-11054.292170798497,-1955.2850016186287,13157.406653873555,3627.619330532993,-707.5334285147459,807.2048926980742,CRITICAL
75.88180597159854,91.76867580048173,1,9254.8749525866,-34.51396117121633,23214.785546394432,-2105.616226503599,-142.43240964563293,1499.9109323086966,CRITICAL
48.147096232589,88.97772170234136,1,4468.099911511671,-1084.9761555398925,20122.929341206065,894.9044705760006,-700.7066811379699,723.2329050542035,WARNING
22.987353463956005,56.99176725325647,1,739.463469235187,864.1807048417827,15730.488800666959,168.5412037396902,186.68369659165762,-352.18728732617166,HEALTHY
53.44297373864814,78.07490063991573,0,3615.8917728653582,-1012.6146430031911,16207.460474196227,165.3333230538481,582.7878974653408,-136.12181184126206,WARNING
72.50421996679185,95.63094727909683,1,-2743.8774393402255,934.0523261303209,16716.879512592284,485.8050814225029,-5056.490200627429,-2138.208582331926,CRITICAL
72.29593808651163,97.72113424563375,1,2287.2860703416313,-7591.99643852922,13968.598809614317,3257.4267059440554,-1662.2775238604315,2107.3651115976427,CRITICAL
54.42954165468034,76.2394201395882,0,-4171.992555918529,2770.7130511111723,15067.495679278847,-757.8132853648347,-803.7269312437085,609.8583386679769,WARNING
28.29147450253235,62.891698766833535,1,-452.46223234466936,777.0497949036082,17429.571168346316,-68.42834252107625,-185.2093238422956,-102.59306352712436,HEALTHY
72.66403035823217,97.6499923218189,0,-7639.3897688291945,3556.0674435710175,22555.843660438484,-646.7516918089441,-1373.8468309187106,950.2359066768106,CRITICAL
32.57228275327887,51.411613534292655,1,70.05216311318136,1161.8783026081903,15456.646865809425,47.67379654695703,195.0395259564859,100.218833987969,HEALTHY
84.43246964283145,95.65236671900847,1,1646.8944314211928,3565.461160765208,14586.226760950014,-581.1108142450123,-222.21657031334493,-1137.2303886437574,CRITICAL
28.476279686791344,70.8650764391443,1,1137.7062027147779,349.5949993602971,15834.853022954283,253.93576792042683,273.3980865357687,46.641192797041484,HEALTHY
88.94790217100982,91.37177750047822,0,651.6681482509257,-7059.28784364746,21062.0500862318,249.27868789569678,-2003.7975013482715,719.445850287156,CRITICAL
49.99340487458107,89.93493545025188,0,-276.645292725679,1999.9364062754405,17181.26260438304,1153.2732042254613,580.16249208875,-825.2724059937967,WARNING
56.569994242885386,94.61115881818587,0,-2998.010812739108,1119.2406659875296,17745.149673818654,-766.1460525844274,-98.19290988529983,-234.86108242314626,WARNING
43.03933373684322,82.86985342237219,0,-136.87888970193657,-239.56770189576582,16868.37958168969,-974.7125685522316,1125.1935429569453,1053.6670825844894,WARNING
33.73891619155672,78.32491181918452,1,324.7582395335419,580.5676870356151,17593.23064722394,-4.857299134005169,327.7921055199667,181.6045325072383,HEALTHY
76.63800013285373,97.9749941890908,1,-2528.897758143525,-533.2749823093378,14816.133611451465,-3498.1057265302343,1149.9303903365833,-1640.8429693818337,CRITICAL
31.600715716733745,76.59863460311874,1,-814.594793170439,-546.2590381260407,17605.23566006696,-97.43160452914123,285.8234037102062,-122.99008762966714,HEALTHY
59.5606837777137,91.59844625966981,1,-38.413619116853205,-914.1883368165221,12744.212701335486,1472.6330338620558,516.8789143423761,592.3739560007501,WARNING
44.760515589616524,91.75011915373874,1,-1908.682807225731,2351.1414459354924,13770.363730300223,-697.7028870991531,355.793501833068,940.6750006836878,WARNING
52.53863661859715,90.69208250688936,1,543.5977018146059,165.35278787250436,16321.924214683382,288.8489530100762,-300.8829762034975,-340.6099687904573,WARNING
81.99478003178349,95.54119861733615,1,-6970.007649254304,10670.355537965788,17206.615702715135,-976.7672849016025,-563.1636151538662,113.64473792742108,CRITICAL
50.90948465476395,91.66099262137982,1,-1528.1302946408437,1860.4647968544343,19804.112333058187,-497.5212332110452,-847.952246007343,-26.079533021768068,WARNING
54.6593933544331,76.87654613151929,0,-3210.4955272779016,-1408.8829531217523,20357.908332156443,969.8064471594677,-433.71998607258297,-1972.8130003415251,WARNING
41.79934557721922,86.26767481332331,1,1386.0668162693191,-960.4580073794488,14958.26388684616,-55.81339926997577,557.6086528670633,-536.272143297066,WARNING
58.5635187813247,85.00124653180416,1,3070.7516593601895,1560.8846245957238,20435.430215579214,-137.36443602891939,89.78720815353951,157.09856947456004,WARNING
45.905639409658995,78.95395777087161,1,2346.0721439504614,9.958704060208966,17899.379678838402,-275.8871293904544,-727.5601241516857,-607.7965122599724,WARNING
68.226718472468,85.5490397777203,0,6755.035810375379,-4505.8061868193845,26480.91743454616,-620.8917304819345,-965.274742268803,-1441.5324930969593,CRITICAL
33.720966724347555,40.459226389975115,1,-1328.3149514650509,77.47371873722987,17897.597974652777,-122.67216250365658,-128.5514605897116,340.3042140841469,HEALTHY
45.24739170577949,89.08081986621474,1,-4845.977653155538,317.4227001994687,13025.2481754387,-121.25500194623571,1.0807778885767705,1595.8918380821594,WARNING
22.530524642056186,52.63182578033005,0,-360.2768468769759,622.5313439371939,17210.943460465194,-302.40126241231525,4.5025948795455,-455.5125213698169,HEALTHY
28.70701401490544,45.56786805382782,0,324.3999717879111,-357.91109038116224,17015.056518021505,-130.816001962864,-180.41725317034846,212.12858609723307,HEALTHY
47.99717390274431,82.21613652491503,1,2649.982798509957,2443.4393963860334,13586.95178997709,-130.64134724419787,869.0009663140626,447.746301880737,WARNING
33.38703640928018,43.14506843959032,1,-68.52724485752469,-349.8658389957932,16563.628599455005,-301.2482771252617,79.57040155386386,203.32593497726177,HEALTHY
77.74655321111669,99.38856857025101,0,4448.182768776678,-1519.0280905533323,16355.460198634973,60.106240126055326,-1044.0146959761507,-1627.8182747574187,CRITICAL
50.20809377438063,84.3482100051493,1,1262.196805668691,463.81443409570005,16729.896705895186,-950.5905149423259,391.54818854785134,-293.21229547722515,WARNING
55.998940971697635,91.68511007170343,1,1938.1049796601476,810.6913561971755,14685.146873979058,280.32792668792126,-555.0723115604992,-217.0810815454579,WARNING
52.67806454096225,87.86547987620592,1,751.3686210024944,-5591.065508762909,17195.599352866622,1021.6767224145589,-11.942480998325339,133.07440499449538,WARNING
57.792027902487895,93.23366008659472,1,1792.781329070169,4225.588840448278,12656.086461877605,-194.15964361310392,781.6295684245459,-741.522119868959,WARNING
32.93304460487283,52.55501986889882,0,173.96114968570788,-1039.0735663917812,16400.549398909112,-70.4111215423873,421.1669650696977,-78.62423783998128,HEALTHY
69.65470547445358,90.75871840751813,0,9379.188919542219,2213.3130093010877,31907.695422539266,-179.09623102070003,587.1322677891267,-1237.2952611879207,CRITICAL
50.01510549481972,84.79121812455212,1,-819.2514786386638,-81.66265966747355,16595.44555029364,50.63729460683154,306.2649046155754,1356.3234488959135,WARNING
26.626197374565606,79.36937996937736,1,-1185.860547130203,-2321.9564173418107,16925.842089336318,328.2319078183147,225.89471786878926,136.33813798076096,HEALTHY
57.95662159202839,77.99195312295117,1,-2119.2091056285885,-1076.850396884633,11992.973234038616,304.3623778460868,-370.953654220917,-980.2326413491917,WARNING
65.24999488639509,90.89679688277772,1,-9503.373546527098,-7061.519352789506,17319.51151630667,-231.94250552292726,1188.9329631064547,-2457.4535208911584,CRITICAL
30.94655767360522,69.41854114390733,0,1033.8810549242085,-407.4601072916016,17291.96231362705,24.69596183291884,-24.857155432487257,-42.27684596359379,HEALTHY
71.47638988556089,95.13234430914422,0,-6179.592481870755,-4013.077757212659,14559.7534050801,-1858.6491764832545,-1555.8114483491302,149.06800044448698,CRITICAL
21.73512835472175,77.85057972012328,1,435.99277306419697,-191.53532273753353,17113.78679655739,-257.57663102028386,11.350010311124407,-357.27102486798844,HEALTHY
56.075098951383815,84.04016575974163,1,-3004.3391228715923,2207.0984999484813,20456.031536035556,-487.4873604341162,539.6991330530318,15.97281968107885,WARNING
24.58634191268562,42.91381190180799,1,-658.4099351183407,462.4539861271267,16021.213672465828,-173.75527019873124,-121.01335762294796,146.80007696271161,HEALTHY
83.03726568922549,90.04395819493773,1,-929.5692218841309,-1809.3002522099139,11836.996301362744,-2604.63582460522,-3788.7023908427664,-2586.6531176388503,CRITICAL
77.01725053936978,91.67100475632508,0,-4667.81498171798,5099.139010426942,23231.969577381344,2719.193250967309,-2887.0856749951085,1445.420997970782,CRITICAL
42.98863804284038,86.60352739593068,0,2953.177580506124,313.3976390447286,19124.228585399855,1087.5752723119854,-1021.7732246103793,631.4307337680049,WARNING
76.00208611343567,98.82063984292218,1,-3811.8392062092216,-5780.994363096309,2073.9472121741283,-362.2191248090191,3038.7563659039056,1460.1601850751947,CRITICAL
30.147082152386165,47.597310649214364,1,549.6831862902596,1801.430099266488,15082.41201719667,-370.6036965795137,-24.97737707001348,3.139559191551676,HEALTHY
59.61686736447797,82.12506085797602,0,1182.706679987643,-2560.4566011193365,19617.25027276557,352.47992970173414,584.9079434378092,-546.0461670475806,WARNING
50.20431868156808,85.58206535320878,0,4942.816301302645,1266.3155458491392,16388.155160648137,-277.8693288057836,-1233.2837926720324,695.2498892402624,WARNING
81.27013106317085,86.36559503814607,1,-8296.761315538764,6446.898111645417,15875.713056194798,-3724.4993464929826,-276.0571956591124,-2709.3877368879953,CRITICAL
52.32917870332592,93.46478767456375,1,2598.898379511625,-1246.1924391397836,16650.726105282192,19.890588791197754,55.96989073603263,-14.649555420276142,WARNING
25.395133418346017,67.48937373842732,1,646.2341311577152,-1274.9914506155353,15765.903377051613,-104.61144800771724,-33.00147227326838,216.53670339673639,HEALTHY
58.581527205136474,92.48593120444349,1,-10.605054522597293,1894.310339303018,15432.065713482243,40.87366047695533,-1117.2180959999328,-585.7286890293797,WARNING
83.74638488495407,88.81883769115544,1,-1180.6910002964164,-9193.094496488735,16479.90260033319,-500.85443487352364,1023.0513442357746,162.49415247960494,CRITICAL
82.27354735042145,94.1446418887626,1,-10011.776559004715,-2670.84307578805,13453.323451968094,-1756.8009546786022,-1407.4739134499257,27.67144644478925,CRITICAL
84.94053786711335,88.12889980018836,1,-122.83921181574097,-7545.401579161899,21906.51581988115,-416.61631393940604,-2069.6297771491813,739.4574820678845,CRITICAL
86.41353051721987,92.7531361479239,1,-2180.9893262148144,7976.540360068929,24576.38678994016,-1365.7828442189975,181.7758937067909,-3157.930838910571,CRITICAL
66.88280808642824,95.785830966653,0,-989.5414734855051,670.3423819378056,13078.291125717667,-954.3479372927053,1408.377488023944,-468.9923185587617,CRITICAL
24.965243892423423,69.61212239596337,0,-668.2689998441152,-524.8128336822896,14550.43578601291,52.09434981417619,-175.78940064957067,59.31026428626108,HEALTHY
27.0269185563063,63.932243027840755,0,644.0770744584495,153.89111148142632,16190.464513403464,-24.77282163536324,-212.8420307680147,-353.14203739000425,HEALTHY
84.51059172428691,85.48285224774952,0,6272.389261485479,3546.8000780758116,19968.300539377673,-4680.012753004286,-1927.2393148117942,-5255.693988536781,CRITICAL
72.0215166669753,94.94976765511721,0,-4677.242260241354,-2883.346261871938,23314.430043463337,-1181.7255970601805,372.5053507235276,-1541.790284989471,CRITICAL
31.759287771467616,58.130470901034386,1,-881.018348955334,387.73500193448996,16952.847609468434,51.43897044560285,228.02471635450573,413.6577701683751,HEALTHY
76.56309078526476,88.0582588290524,0,-794.5535096600205,508.78637415686063,1261.36917628561,33.41476947594978,-3654.39187494252,-2441.9011419977414,CRITICAL
67.20013125764254,94.41718643605007,0,836.8583716141843,4348.704043048973,16204.888916573625,3059.0274726030752,-239.0935324195385,-270.80986233030103,CRITICAL
79.27549377260759,92.19875197446359,1,-2022.6418352310116,2021.0581374992257,10869.881253586349,-1961.0926542326056,-2209.261984836977,1335.0178449634768,CRITICAL
27.101524003910733,64.52681442972468,0,501.85919039552516,-663.5690580127323,16448.128093839972,-61.31887229795997,179.9823732777547,108.06445414748356,HEALTHY
31.85904447154633,45.341723580222045,0,439.4860480085117,-98.30984745437601,14580.249515907504,66.29417926617907,72.9122954710914,-136.03469526959017,HEALTHY
88.00039442490016,85.69606537868732,1,-4009.9697884095594,9097.588213442712,15880.357898828388,-251.45041709800893,-164.50632814416664,3139.9887014799106,CRITICAL
80.48437071433705,88.19815834147869,1,3303.3176874921746,-7264.026365304609,14662.060495239513,-88.27155233631561,-57.85808072952268,-945.7413240066942,CRITICAL
27.235345723273873,48.41398319675474,0,-220.96417382966393,26.88583899453078,16592.382807947553,-408.34697368485814,-49.435476504119386,-136.39684959955972,HEALTHY
55.5819587958634,85.0185880883301,0,-1414.7391567139814,3776.466937018893,17136.10473079035,-326.6491936011949,640.7242497413499,416.5728537273464,WARNING
77.02168646590565,90.10429700647596,0,-838.2176810455716,3497.2208285074526,14078.806206355572,371.7099433985905,-413.3867071882371,1140.1766484414989,CRITICAL
85.1994462278535,88.79379119970952,0,3952.9214681367857,-1373.280978947651,18933.517614362103,3353.301605522719,2012.5015988654304,4680.600431713958,CRITICAL
22.924141534552398,73.07471388693448,0,-729.7752831743629,14.819231562963214,15377.833087584868,-420.34086562196046,-170.50844861180508,14.576306594174943,HEALTHY
28.3486764275323,53.70923701711629,1,-83.3936211288835,-3187.811476040143,17066.636083568705,-62.932723469356176,-269.6307148036532,184.51270336962838,HEALTHY
40.31786786280007,85.73802541040844,1,-3327.76524685349,-1032.3053625263274,14566.037793367828,-116.73734161213994,-746.2268540197755,589.7421160645976,WARNING
49.88085733871466,76.10435253500812,1,250.70628635436267,5400.190620157918,13738.256080311117,-368.31431207678094,40.20384220834435,379.1648171611567,WARNING
56.59915018312365,78.08829888679985,0,4377.838993536108,-1443.5054805735963,17416.053431832865,-834.6544907878491,-650.2897212625137,792.5387342044771,WARNING
82.38029174618394,90.13168701146249,0,-13625.791674765813,-8344.6836205996,15476.172584657836,-1448.066201971574,-1490.7631683217203,45.85794420513106,CRITICAL
31.61629241909455,55.42214257605255,0,-760.29094756398,1932.459497449553,16827.523738462416,-340.42574130767764,110.15754702335276,-38.93533247159944,HEALTHY
54.45294404122137,81.42702200379442,1,-2427.517058526598,1061.9982836919633,13668.020305306134,351.1477775826009,-544.7270348628498,848.0837798382329,WARNING
33.93932603393089,55.16906148721796,1,-208.95415522401407,2110.135582085623,16652.53398646481,302.6018532007978,279.31937831625277,82.92959702095654,HEALTHY
20.779840279665613,41.269750614919545,1,164.3183319010117,-106.41888000298847,14995.815289825794,127.28190928414287,166.84568131990986,328.7380990504477,HEALTHY
65.42167954337147,95.87052719373408,1,6105.232387450313,-11811.067375973826,23147.46605495474,707.6175768768153,-1508.632932253722,-4318.41874678,CRITICAL
86.09024572843605,85.90617987541741,0,-1205.1260011630272,2440.9046122878226,23100.34145839217,-667.3992712869806,-3067.262949020241,-723.7651123423192,CRITICAL
20.73949493613755,40.093898954698126,1,-300.9380690949183,1520.6862456326455,18563.542639975774,-82.50350667120384,-30.833807673617216,-189.54370048127979,HEALTHY
85.44952124822538,91.60811331583656,1,-6463.000956951168,3980.2982930843123,16496.666340327683,545.5867725719592,1916.6654293702823,-2565.113386010575,CRITICAL
22.159128703583463,63.81438645034416,0,-546.6800845872654,-271.65511032605326,18057.45209029854,268.09221035806956,-259.9162473855195,165.9464835758349,HEALTHY
56.49231478591559,91.32668797790166,0,-1827.9606022851005,-3797.7632281064098,16441.70638925601,-774.1532572059691,686.7496467150996,1015.1535616835962,WARNING
73.13677227765098,91.55471164218693,1,-1271.0763332325828,-1682.0382440554827,14579.56804279981,-547.1470870220471,-1179.410589022459,-206.69955416705398,CRITICAL
23.220017959588052,66.59978064951095,1,-23.55215087423812,-174.35425790283585,16609.30792204094,-73.90538576667166,-26.294519134333562,165.20943428830125,HEALTHY
48.30289007736575,90.9858001180843,0,2743.0533241795624,3452.0164711375232,16276.988756079769,797.1465683454904,-288.08426381192356,-500.04624829888365,WARNING
82.32915344554851,88.35523790358991,0,-6595.4913453990885,4352.949433578087,21674.90968120399,52.85781240098551,-2455.0484852767822,87.60911321442924,CRITICAL
54.465798966856326,76.41336380616157,0,3190.260454964722,171.75850681004425,16673.58535238651,1136.9485143887034,-767.5948453131209,1213.700280392808,WARNING
22.41476647531062,62.5265755381582,0,-1122.5859389502434,-182.59187778104524,17112.007847834026,132.6856238642194,195.02690424865756,76.85717763345956,HEALTHY
56.00820126650207,84.68736302685316,1,-2560.7317137691402,2951.9885720241828,18156.599419257705,-1321.9006286017243,-235.80072194318618,730.0574256408845,WARNING
33.18468350423401,62.87089408193289,0,-517.9126500537901,241.048477108165,16308.176378481738,175.10159610230173,-77.7148206478253,-176.9632733379294,HEALTHY
54.27910846484103,87.24094159315511,1,1977.521774433046,208.77637475243006,14565.339235815183,85.61300306196605,1491.85923326907,1041.3890226982032,WARNING
56.169205789542964,78.19881604733857,0,908.5933076910258,5522.825583042782,17106.192897848156,356.1779035275475,-1784.2867465829947,180.3052491076968,WARNING
42.816384362675905,91.5398921981,1,2443.1584257578056,449.23845276551737,16260.333571691872,-176.24507174846548,-146.74799539341356,425.94415407465516,WARNING
33.67588815369164,41.61155782938168,0,-806.7463802094888,-1692.681615510937,16943.700472411423,37.5077568827924,200.87532695262644,-140.10736560190767,HEALTHY
87.46681888909094,88.65945222127844,0,-13204.037354081705,1888.071277100824,10419.632546821716,-2420.399691185492,1955.265933602858,-308.49154604842795,CRITICAL
88.95876407503482,99.71211142735008,0,940.4773594043437,-9835.967504028618,6097.345146770424,2392.4968724997525,-2400.185776855336,1574.6766008770005,CRITICAL
21.28024502117966,79.8749700738379,0,-1060.25827394612,-1117.9451563669502,15021.29639646002,-382.2507359788048,-113.432633587079,225.7777486093815,HEALTHY
23.261714510115503,50.1671085722263,0,610.9643442466431,153.59913525416638,15838.9802717352,44.022774660290466,195.50904037086306,-19.6672684384998,HEALTHY
27.184909004589656,40.697221820081836,0,-771.1349672336279,-532.633852777348,17322.415421789115,151.80653537344372,359.5467681154716,-63.26710894801292,HEALTHY
32.25436531091393,45.10305875666772,1,-1063.9936165655536,1661.0939118967146,17796.380671092702,12.708010100467341,-276.35404849671096,-312.09963157487135,HEALTHY
55.09863466144476,79.54252731183732,1,2866.531827721489,1135.4046237754958,19884.339277831266,-145.1442954068422,-29.20102274815541,-1177.4092622392304,WARNING
67.22306147216844,92.1633489934477,1,5962.600600744758,10934.668817024392,18650.33937961535,-2095.2849723132617,376.4840325610352,-1127.5316337066179,CRITICAL
87.41945292173087,88.6222455431121,0,1053.7437158944972,129.04417071059802,21442.431726081715,1106.1951775741127,-350.686549928607,1825.704223154717,CRITICAL
54.699928765891464,76.23722848766587,0,-4379.389791974707,2822.0818673586173,16511.0963165246,146.98549653044796,388.9387759564109,-687.5168653394517,WARNING
32.925363556810176,50.96286357368764,0,641.815530241691,-1113.8530996011334,17121.373135260823,228.22654630625016,326.82699869777366,-428.67346482747183,HEALTHY
44.77054878634921,84.24043567920482,0,779.0857470185622,1613.2423960776073,17479.059013320242,-183.97177630794178,905.7924493041676,-203.8146392984389,WARNING
55.584102294777665,87.81942648244275,1,-3584.636144095743,-957.2336169366158,15977.755589160877,-565.0946067613887,1081.6577865599618,771.6061939743576,WARNING
26.99561891756823,54.46664332780171,0,-541.6856022956805,340.86784512582705,16035.817429037379,44.13698902596826,-15.194215891662797,-74.49837597402939,HEALTHY
74.7353385637276,85.43631427883462,1,4413.605489961264,-1286.1102678612344,24142.14477189584,-1889.2614757590065,-255.94875918580107,-1837.8781923276845,CRITICAL
23.632938380197132,46.76230996534823,0,-887.8095524334758,-859.6791369905953,16028.579728512823,296.1813728171195,-200.13663668630718,-105.38500123133092,HEALTHY
89.10882241600414,96.06032215037291,1,8367.604022972206,6768.453470199587,11440.409179354881,-171.2905672909211,-904.3845292042455,426.53813188522696,CRITICAL
75.25776487407154,85.16338801735489,0,7475.154487130071,-3137.862602778877,1832.8650779363131,1391.0229865266665,158.62295280561423,622.668364501428,CRITICAL
79.76093201947288,94.77899589213625,0,5433.422373610864,-299.49846613353805,20298.835272636195,1364.8550049227358,-1221.9415817990441,2457.8676520340164,CRITICAL
69.87088806480693,95.96808373818243,1,-5233.644570812381,-1015.2584299537641,17684.69243028164,-1960.9057919372037,105.62440498852712,703.2751346657165,CRITICAL
23.163910041597678,66.90089616952558,1,1662.5550811140222,-240.96058285591823,17601.927141974516,95.99939886700753,283.6805092073165,-67.68715696296384,HEALTHY
65.25531874032109,97.88060234897729,0,668.719183291634,17254.73930456797,32798.054229631845,-643.7042758214006,1918.839173466052,-2507.554144363086,CRITICAL
59.87003120791416,79.64671091848037,0,-2569.192938239355,-408.35112779095533,22220.88651704746,-176.89830198010955,363.0913601095501,665.3834123954587,WARNING
49.830236408096866,92.70881697021586,0,904.7695909024703,-3055.9070175106344,11774.617603018425,-573.3368501831641,1006.7369096461238,233.99282625356477,WARNING
22.0628141621899,53.64265404201034,0,205.65013400667064,-1443.4833516962387,15356.289135911511,148.2481270090436,-342.10591570500617,23.795698379197063,HEALTHY
52.58928820353182,85.09756324044668,0,-1988.459198426764,1673.7133879367927,16565.715312659253,742.1077403220256,-226.2903578006873,517.6673605630056,WARNING
46.29092195206715,86.22220217536801,0,-3280.6375818986844,1688.3078577818462,20425.91518703427,-297.56636564798066,-519.3351361290614,-64.4180546297583,WARNING
86.19485557570042,85.16801673082352,0,4913.923651578002,-3013.332597449186,8324.94300475637,-181.65342042181848,-986.618070248179,2423.5714623035033,CRITICAL
50.6151835437165,84.66938128646703,0,2233.0272325283013,404.9979218724594,19580.092556049272,-268.0020780643314,1222.8472460299465,-424.25416327370766,WARNING
49.79380084321763,77.20868742617434,1,1441.3746536316587,5836.948800728072,12807.385705905914,-1081.2065017498667,-782.515734974809,120.94537631435358,WARNING
41.55062823218345,91.10557570656825,0,-2085.8454664566566,-1727.63594348474,16679.87550280859,-562.3523029359858,-26.694198177248328,-147.37445824709474,WARNING
74.04194712581315,93.70009863028548,0,6092.289134304399,-12496.297564137201,9352.474403698809,-1028.9561948353248,-1591.9095604049137,-1440.2040315577742,CRITICAL
71.60713053031205,95.90823532027963,1,3658.1490848618773,6873.772657029141,17260.49955469569,-2634.92178837401,885.9634590137017,554.277289531254,CRITICAL
49.767092405624005,75.53695868831333,1,727.629752565908,-3299.3520450849855,17802.141005145,465.11736905182755,187.78599667254127,149.99774421669179,WARNING
87.1688851521697,88.61364754346077,0,12774.935174459566,877.8358472412745,11960.51997774386,216.9966785261913,-363.1389083862248,71.55097059157067,CRITICAL
27.647810143256866,60.051025785029175,0,-1425.593315478103,812.9142448974712,15606.609924141096,138.6649380665202,-85.66904794117235,-409.38693734455984,HEALTHY
88.47174184773286,99.87100812328204,1,2872.827255127089,-10545.314333686834,18807.391143235032,175.47866697466986,-729.3679258524414,879.5242828627997,CRITICAL
69.1085150307067,85.30783767568774,0,-2300.328977529871,-2541.298491314923,-1507.5914770608495,1013.0988700037462,-213.855189819521,102.80809717957786,CRITICAL
54.438479398578664,90.47038380484206,0,6302.576565071585,3410.713634367818,9857.517492943296,-121.10888338395442,-412.7818848224972,-1029.645631268201,WARNING
34.600739287472315,58.600380701057105,0,-444.15535763277154,329.37314558352676,15563.87827990379,-387.1531094422477,327.36513802248976,-201.16253407242186,HEALTHY
29.049883484668975,52.48005224433801,0,123.44434578613944,516.950688562923,16271.535423573487,-303.0266628195246,-236.98464137953223,235.68606512844647,HEALTHY
43.014739860623365,87.41118390837997,0,-5705.754237748226,3673.063194333106,14222.250714080868,-765.7045479870735,249.37452448830257,-261.28953013159673,WARNING
43.6195915521199,85.81419909832394,1,-1199.3547382389058,-1783.0120074450842,12580.85090080435,-516.8975041607048,468.2432134406056,-417.38261918146736,WARNING
41.63183260773854,84.63178110215756,1,2084.604115573153,2109.7029701814317,16340.364151335596,417.43707952986273,683.4518378693369,367.53253170874893,WARNING
74.4281274964063,94.47052793650955,1,4249.640649815588,5962.764005458788,18434.70983153642,-3320.4904654414668,-2897.9130426352986,1534.5899975991592,CRITICAL
85.03576015613292,89.98749059019458,0,2151.486987509348,-12303.267599187995,21621.719277655517,-717.6056915279373,-585.3605675986865,1347.9871153206627,CRITICAL
44.42979450040285,83.86080017112023,1,-2057.1690124949446,7423.773769364161,20052.439970819196,-557.628798739585,14.00966350112734,527.5509971434245,WARNING
27.02347742662069,64.9990394820421,0,2569.926839690334,-1107.1044546000214,17772.58226904029,-531.8702714098746,-415.6753309837886,-248.12801553751416,HEALTHY
72.54210484186139,95.0038338769881,1,7109.906685601895,10903.864918353642,24763.587077339067,1720.3704215636883,-2008.6805245991798,-817.792349978991,CRITICAL
31.051918530652955,58.136649224970725,1,-1055.2234901240367,257.1384658080956,17895.080195135128,-426.7271683317642,-308.2623756154227,135.12199230061162,HEALTHY
48.646677997573306,94.58523731217285,0,-1466.3219554599468,-10.323104458448936,14950.554720352602,74.92197916226952,890.8137056407473,307.5826914326891,WARNING
23.426821119969482,79.85335664226967,0,-843.3731545393807,-13.549548047459737,15014.301820314933,-94.83486328598073,-268.93708504878686,-74.03412611067807,HEALTHY
41.69596032492693,92.17290934324967,1,4246.7203844589785,-1036.3652857194672,14363.20115350619,282.86272995183975,293.6957211918122,-410.7521652297547,WARNING
55.93975309517971,85.29959621296689,0,-2620.572552401209,2170.3086819732466,15469.334298264055,-104.51326712540657,440.4848814407504,228.88183740062107,WARNING
21.692872474155457,61.340857239239355,0,-2367.4776533732784,353.7706308913895,15404.699769717365,32.6720709831601,262.81499630492084,-189.74973905360002,HEALTHY
77.20237890552583,93.57935356231178,1,-786.722779498032,-2059.3564122280554,18505.083906690554,379.11972101735137,914.8014855834886,277.95130472656774,CRITICAL
27.704165698164868,50.134286802386455,0,-763.2861041785816,37.937835447602026,17067.328992811068,-41.862763915872314,214.59560955320237,472.77449892387216,HEALTHY
32.5474773592705,42.00857726761821,1,225.26411724754956,692.7227551168596,15114.6695034533,340.5029316259211,40.465759284560406,326.3713798178218,HEALTHY
45.58040354837291,77.88604964823706,1,-2341.3419675657756,275.6115802979472,12929.056563318358,789.4669859700745,747.5704209808052,297.0414607029813,WARNING
41.989818673247456,91.4552787093474,0,-4251.568124128445,-1836.8580336817731,15897.77128783806,466.1144765944731,132.04175709758607,1125.6470730209103,WARNING
20.725440665731714,72.819503379211,1,-640.3976790586057,-817.2954608806424,15618.777633995307,1.2569049783746427,-486.8352771685185,-302.04604908337956,HEALTHY
30.78867800863748,77.206608114502,1,70.89065282206512,-896.0315637655879,16964.09884163521,108.69129219082122,-138.99319825987294,-5.565508925854759,HEALTHY
42.77519930771027,77.30518458052073,0,-1061.2107913354064,-92.59295149783583,14232.759314011342,-7.849091727602894,29.09395484348859,160.25815061518364,WARNING
65.29216508841546,93.61435048305728,1,2919.815736868868,-6969.884313822848,9182.0772868161,246.70958441432745,-2107.045240632063,-266.1688558413745,CRITICAL
78.48069856671059,93.87473991287379,0,3974.077918519719,12770.806611009599,780.7844354258583,-2471.4120480442475,-5697.054177303213,-150.60884148166963,CRITICAL
57.66331355951235,78.34080327240036,1,2304.840945019042,2128.5248419066356,13094.506479454647,-326.16568465043554,576.092014402325,29.079288394726227,WARNING
58.648919113700295,77.93593794754098,0,218.39356315065925,-1827.0328140218828,16997.22935659234,-869.7505858435712,-661.4361058795469,452.05834912259803,WARNING
34.50579022139052,55.71175103237373,1,1804.3481097867432,-190.90379172729868,17103.757942148182,-258.65459157423277,-191.28727536360174,94.48125557607547,HEALTHY
20.80672946266067,40.88343381204719,0,752.6823152860572,-1187.4654017384385,16565.513331507555,242.9947022584474,94.78681984227018,-144.12521151815355,HEALTHY
51.66185486928072,76.09152183899353,0,-4384.957051855449,577.6776862048013,18850.72804998625,638.9248459396925,-581.7334938177688,948.846873012505,WARNING
29.322609667071262,41.5519781891555,0,-1604.2489559198527,-1319.6183084333327,15461.427727641296,310.79178178257087,200.02534475650035,-91.64412812406405,HEALTHY
73.7477927054992,96.84012843087707,0,12605.923138878668,-10555.722120243463,18900.05123476975,-1597.0407843680564,-3814.443999377606,-403.54875259831715,CRITICAL
77.24912940817825,90.32749287086062,0,-7118.801437667771,8141.949014340886,4884.002980829047,2452.566010651354,1594.46127068707,-879.1290151130745,CRITICAL
55.30126862731128,93.95834157868994,0,-154.11010407819617,-3963.0929913588816,14429.782196017382,-145.5320926494685,-62.65492181307664,1644.1056815725512,WARNING
88.09957998477329,95.54441008272077,0,6340.977655192282,1882.6822389666875,15393.227114994566,-1294.573624866343,-1442.165433425202,621.6614480277938,CRITICAL
83.89152262034,94.06477202372925,0,13388.978011214796,-2114.8736735198872,14116.783276231894,319.67070381619465,3460.2335384176786,-3359.4906530379913,CRITICAL
57.75636229929997,88.8751584069815,1,1292.8386415111556,-1869.0052353106016,17352.85714119637,13.791934434509649,-295.7466004503197,32.894519219098726,WARNING
31.922143231248942,67.74728903125954,1,463.72385739043204,577.8168908811396,15899.690819413632,-70.92483658669887,-369.35448689428034,-113.33388250202113,HEALTHY
45.08965508197063,92.23273246708618,1,730.0893043272699,6871.956039775162,16550.472067257306,43.25178916075379,551.9492631457138,28.75660486632792,WARNING
74.87584080691882,88.72090404269447,1,9421.773079929846,-14758.002882429946,26788.888145106623,-1214.3059326047558,49.72726550648803,2373.5438079706796,CRITICAL
28.4498696304957,57.10007325312447,1,-805.1092398862927,957.8822281769768,17163.273887394163,-58.115020619472446,282.21018021184483,-81.0820015227557,HEALTHY
70.94605640220831,98.71577573663214,1,-1998.0178319178578,-10335.328967281692,11604.846549037917,-923.397431175168,1284.8008450942282,-3349.832795836442,CRITICAL
67.65096202122031,97.50985788654164,0,-4308.198493033645,-3598.3310755882862,15493.464117044801,-2259.776175805502,-89.37280288037908,-777.4905873430029,CRITICAL
69.58064667263386,93.77563072217113,1,-7308.519456671544,17527.946237493612,26154.201521677955,-1149.604881797527,1299.696106110758,-2795.508417298223,CRITICAL
76.44747742691203,87.42221209137396,1,6295.439231750518,-4890.074657070384,22056.95397226886,-123.29185360437127,85.77119844879999,63.54445187263355,CRITICAL
46.58486957527154,76.75906016737459,0,2171.995845763873,57.760865001827575,13939.152911118403,-428.6960236306077,-1385.3130854427986,1418.7719812296748,WARNING
55.64388072092905,94.11623486348749,0,-1224.900672449674,2594.00451420188,18191.77902962136,78.2512989140944,649.5752549294929,-611.8204275282964,WARNING
84.15597254366057,93.6262855883856,0,-4175.413445487276,-3252.27879601545,13969.702919933248,979.512452725158,-1570.2012997490062,2487.361318697391,CRITICAL
23.880674632331615,57.37613276026439,0,263.8517010739347,-1524.4153381209771,17603.503568712244,207.2403664263444,117.42753684256945,-225.6947259495093,HEALTHY
40.90218012570672,82.7112576022064,0,1293.10517750609,-775.5376842829497,17432.905530672637,-87.96541911937011,-281.9299733629317,-673.6609922572288,WARNING
46.56206951683644,91.40690030095061,1,3347.8716878938535,-53.032437291781534,15523.131615823824,-695.1584169860078,495.19997395605577,-298.9530170035996,WARNING
74.02486896981168,97.66061370169113,1,-785.3994877239578,957.2563806289885,13892.983911018799,-1591.327736256362,1749.5399802578481,568.0176382643106,CRITICAL
26.529390862814513,61.006155764465134,1,-16.610342325908988,-105.81875749769789,15930.363612408317,345.2453091271265,-177.46589177115425,154.35923544713225,HEALTHY
44.93937695940424,83.18013796986801,0,-2210.2728525748034,-384.4629128654794,16025.441958852678,-22.859132618216957,45.006415011307176,662.803023152326,WARNING
71.25200157789371,95.72703211687302,1,-1343.2485070882017,3939.2362928161574,22520.51997202388,2684.927544325296,2324.307761711053,2731.2135325013705,CRITICAL
85.97979227855454,90.71407903758566,1,1338.2281489588506,413.5863138508358,14873.325555144293,955.6236925387689,87.30546860592224,-265.6126041533899,CRITICAL
46.704333696520166,76.90925357399657,0,-3018.448505269261,2672.2900460632804,12210.773675138827,498.53066033892605,186.8972678003957,-199.0017594384438,WARNING
43.886419467678145,82.3016975501374,1,-2120.9163410577266,-1458.3573321962199,16641.413106161526,-438.5501512303287,-775.2229860393834,840.9919222509174,WARNING
29.96229147581723,56.775513260787434,0,811.7055716132655,331.9184477078873,19319.406206388467,-205.58475300214778,-342.1206708873028,-78.6180401402923,HEALTHY
67.16550572523909,85.05349649019392,1,-842.3912102832184,-102.97476423486545,11960.376469182676,-1357.218230441012,-2091.3958066790933,-968.4057504723603,CRITICAL
23.074718142902245,69.02508801097663,0,338.81460081073686,-994.1800924017872,16777.269223470223,282.598951125366,65.14147156263995,-73.9171057834274,HEALTHY
34.877476886954454,50.64431824677197,0,-841.9937797616008,132.7878150770647,17892.012273789776,-104.0877970784222,-2.9372828783746936,-360.3005993016153,HEALTHY
46.53482124954743,84.97460730183863,1,-3215.2088748998713,-1870.5257874061872,18973.331167432352,523.7370490759031,119.98685713245371,410.96854841020706,WARNING
32.72638068635787,56.90516788054437,1,-853.9397083876927,-923.5253917687301,16025.390680542458,-164.81176830780237,141.07304204569022,-150.22521138528916,HEALTHY
65.36221701487707,96.26138140423535,1,1132.0226850599915,5634.174944994875,20109.985395236414,5486.225744927492,-1430.6751381893334,504.46295983859613,CRITICAL
20.226660263217127,78.60061477817888,0,-1655.0629923331867,2136.559128802725,17240.450680015158,352.7114880013436,-329.559621676807,33.88836617193728,HEALTHY
44.37096923041126,87.50993674233408,0,-1267.701073844585,2316.9058997954094,11273.552742261625,448.62478860809574,-1323.867819733705,-527.4137343923297,WARNING
49.90903382882813,93.25516463893477,0,-2359.2635785751904,-1262.5431768629412,15974.18505811121,281.58364126506416,664.4801112970365,-324.6490599646756,WARNING
29.113328334403594,49.77412621858618,0,27.69093161621279,127.36547853715591,16022.577160573022,-47.69867347681162,-91.62198056627528,-125.19858605088005,HEALTHY
81.73146357473915,98.47331545690722,0,909.8086764490417,-5655.452591945978,11803.858519101545,-3698.3688525322214,1574.5353320593317,424.3278925800242,CRITICAL
20.784145584083085,50.13828518692065,0,576.6901467841237,1335.2863306993884,14791.054951790025,151.47395170675057,204.75324651955614,127.72404398735337,HEALTHY
59.12015849032403,77.4076092933025,0,1806.9419348319325,471.53085493752945,15929.847682035488,-173.17505796320503,817.0371883513664,-343.4170193324021,WARNING
49.013525086833,75.25953341300479,0,-2472.8862949824666,-1034.5252965547427,16665.5917045641,32.677213913372846,896.246414585995,1079.0200363825775,WARNING
45.46767836227557,86.54798534266182,0,166.85080732467927,937.1606978359105,12674.791394347181,-202.16175526380644,922.3018646337757,762.5515772012095,WARNING
21.808376246055353,76.09813229143367,1,558.7697845606267,917.5452066641205,13931.593076567739,311.5937698305848,-37.224469550433916,-153.73726281400846,HEALTHY
27.74941387781413,51.38401529218724,0,862.2235118869771,-1416.2270557926456,15232.84626344713,-567.8157318970854,-161.87616421655082,191.34063727713172,HEALTHY
67.11321939108767,97.80406609020052,1,4992.661303326763,3281.8108387631987,14797.117907388265,-1087.603190922733,-319.8842965976679,-1101.3616933135252,CRITICAL
42.582728081326685,93.92004386678096,0,-510.96778531610556,2673.3078007316053,20126.70524060055,330.87172408746625,368.5261812781856,-220.88868353460717,WARNING
55.15875479212332,87.35718308124511,1,47.409845414643584,98.6491906384135,22004.4174025146,-83.57796022660796,-1170.3320541560774,-500.2994507989536,WARNING
73.19242760639098,90.15820639180977,0,11448.065105874717,1556.306000656813,428.312895715608,594.5741895199462,1869.4962590826951,449.26463171215016,CRITICAL
49.96301440502297,84.1526374909035,1,-6454.394006438184,-2081.3021822599917,16712.83778246541,787.4439959355418,-218.66005992692234,1351.7020636215484,WARNING
23.47374486933499,47.24872174454469,1,89.52205076065128,67.20345271021127,15414.60624662917,-246.7726620917274,-216.90249127720332,-44.170431760974,HEALTHY
52.90936851036335,75.8954474503619,1,-3050.985328910208,643.9667353308465,14373.053893324992,1305.3939257592876,294.6191317522,369.28652846199503,WARNING
21.548975133125726,46.90095507785448,0,392.59766446598354,1590.503344564839,15924.323131510706,-305.14718064073645,-139.57475372317745,151.45338670708102,HEALTHY
51.13781276546189,90.74113307980733,1,-2903.404577257294,-887.2071683346726,9760.40879672972,237.45433552755463,501.7079234163996,-638.2670796648971,WARNING
65.35918397958474,97.71943886933799,1,1630.104109602493,681.5132745805112,19589.45067443583,144.6276801169746,-2158.579627713436,-1589.593219907484,CRITICAL
41.70428173803542,75.93036992690138,1,-203.53186727917807,2142.0700239860334,15099.627566088577,806.4261236254597,172.2210519524224,190.03430875210395,WARNING
44.13322014461431,76.79638706922147,1,-420.349115122918,374.98772476934784,16149.385959441584,561.9093007063885,-467.447676001803,-1537.5123831501694,WARNING
77.03762732944081,89.56917721984975,1,7644.357859600776,-5700.251281594899,7233.366153913837,266.3329787254112,670.2522661473279,729.2036074096636,CRITICAL
29.578155911028702,42.02387414706327,0,-58.72042710462872,446.5365069407115,16583.610418402783,218.8359095042951,95.80062867855177,-172.26191593942158,HEALTHY
30.861549939097078,65.48926319157947,1,-70.165711458647,-1660.960933515991,16813.618219132586,41.53753743262223,54.315767439074705,-255.34971516406193,HEALTHY
47.55282765952623,94.22595948265885,0,-1718.3860858957341,2745.5895088085663,10456.786566733903,-371.74141926507315,572.8196154239733,-205.86601587204365,WARNING
27.076344640863116,59.83277890594157,0,-82.53538932085887,-67.29787834355973,16640.461784536667,-17.494836945114532,465.8506248211645,33.68186865453946,HEALTHY
28.558421069369096,77.82518710995988,0,-2545.2495496365364,324.9845745767454,16884.771294120208,-168.58763857315765,-38.40916012461773,131.54340519478995,HEALTHY
83.9991757923931,88.1663870749322,0,-3770.454383773044,10089.530255549786,21145.50470601486,-278.76079251955895,3398.230037741495,1258.0759679163407,CRITICAL
31.258976851161897,49.4398642363695,0,-2904.464396577087,591.4155092863859,16455.880935718877,94.28797329896801,211.40325658962706,39.75891766777072,HEALTHY
20.61623547433333,53.89153897222791,1,704.6540869993421,351.4247749419854,16364.495471459135,131.96365718899642,158.27710121559684,90.98354734833623,HEALTHY
22.909308009016623,75.19265943767755,1,260.6628331504074,-1400.5079602749431,17103.83729087139,289.30078718931554,-102.92830984362942,-222.04467730191996,HEALTHY
43.93580267183599,87.85159831609081,0,-405.1552550920598,2987.943528778541,15183.463914669,188.19555048069435,146.54420013428214,-31.530882607646767,WARNING
55.44351368564485,87.75561304636994,0,-2437.5534623462854,1894.3869505204584,15267.86380436238,-57.21567322204592,-282.99477094845525,-571.71655230543,WARNING
20.814067780840602,63.86522129428565,1,461.2720843178312,-924.3573336303755,15933.005982970692,58.78987758863242,-154.50842236844719,-11.592799933660505,HEALTHY
41.487913715283696,75.41812708800538,0,46.349863222585284,6414.604148110995,15859.230522230097,246.27081563972743,-524.4068584069428,609.3748801267766,WARNING
89.0325267348933,98.02185416832032,0,8344.355574848585,-1896.6976837824645,10587.24086122546,3491.8072643712394,1041.5528894680135,8.877045219628714,CRITICAL
71.22458165578786,91.96969001711183,1,-5361.368910877549,-5241.225297502903,20353.87481508854,-475.2683501354825,2361.5957039086447,-797.5886048400313,CRITICAL
84.37593566357985,98.26696980428751,0,2300.052838230769,10223.842630392204,28763.10051589348,-557.1361972469742,1824.2295542113184,630.1804669391494,CRITICAL
44.481651831560065,88.35312875459672,1,857.13366445412,4546.160945953983,15173.950942009304,563.3512104691794,-229.63951547373202,77.328129120295,WARNING
24.19009227914839,54.77564657820455,0,3076.8603701805037,1360.115900180313,15139.457499915277,46.57361748537965,-121.60122858746472,-202.8959453414828,HEALTHY
74.46417125472841,88.92050638732603,0,2289.810230493266,-10780.059768713822,21417.761533149278,-799.5455610534924,656.5616529097464,-496.3990974567496,CRITICAL
29.6990887013429,46.990937713095086,0,-1243.8632353912851,-692.9051977959073,15665.592734430802,178.98487538888824,-58.98993565840556,249.54841453474677,HEALTHY
43.87850448639548,79.73273481267053,1,-917.556536804105,-976.0229660540838,21305.893273584898,657.814837222973,-532.4204650975973,399.65869575953883,WARNING
77.43409800541794,94.98689642796424,1,-1386.3883609816055,6250.500845074108,25007.639780516518,-3664.642990537051,2303.941034139714,-2019.0103069188901,CRITICAL
25.336896917314895,60.64539218697991,0,2927.27009247333,-994.3550656308734,15462.548976571079,-113.0785940570803,48.626931027697815,-94.04066775706227,HEALTHY
54.36696649041485,87.24530457459753,0,6296.785248236158,4451.562389793036,14649.68672782904,735.6217686628086,353.855430314257,-13.660361926191158,WARNING
46.76221841472264,94.35508646746243,0,1093.3012720964584,-713.5520906936729,13983.829137957326,183.2842284735831,445.7129343798771,4.8252060469476366,WARNING
69.8021745589006,93.44470090902922,0,-10063.69464646472,1753.1560185529927,14444.043988960537,-2291.374340731835,-70.33525245194481,532.519924931907,CRITICAL
27.301132294391827,76.24395150874216,0,13.001891877907019,1453.534077157317,16119.343166762044,544.0338333179237,125.13346955300125,-171.4315112832565,HEALTHY
81.84328758070463,87.56406686812403,1,3137.359256574342,4812.081616379827,1886.1273419587224,-942.4151164563856,-178.0600500660073,-590.7449510756564,CRITICAL
34.3643792675807,47.01211769430638,0,-675.9862729743975,522.7779504658918,14827.993267226317,-364.3809465304708,-467.11454483332557,-99.85944791439945,HEALTHY
22.404807070504017,51.28622336144557,0,24.97126237099896,-673.185236463088,15191.973658016814,3.2241794921308986,46.13946366688692,-167.7936879288355,HEALTHY
34.258880196139074,49.784650962090645,0,1108.0382094830468,1172.086162249162,16914.570024962522,-303.0809269861663,-24.229765027402728,287.7051550785707,HEALTHY
83.00750833187737,97.30424687530304,1,3672.9715583721218,7219.184148854258,23465.90703506575,-2496.02117778732,999.58346099392,2867.5000684284714,CRITICAL
89.72147436835121,93.84210569893659,0,2693.1267234498655,-4016.2596492975968,17188.71752868188,-285.8608167798437,1285.960914669982,283.0824416804575,CRITICAL
22.944414534666006,40.90258046821389,1,227.92967000995293,-978.8092107990611,17403.591813030795,-295.3894619290698,88.41580736020158,244.22621570529864,HEALTHY
86.6489150486217,86.12308056203236,1,-2949.8728616529083,-2808.168070610916,22317.627287735595,-776.7949434127275,1059.6719005334512,3418.680276849182,CRITICAL
24.99035269539005,57.531944321326634,1,681.6409636404848,-764.5669832026972,15523.344407488767,63.48583942946973,396.0206108745878,-35.189724794932644,HEALTHY
23.748143152482164,64.64869585176557,1,-1191.8747041912497,1943.5288811221972,15624.326982247447,132.72926940656828,211.91311452467946,-111.05609938106589,HEALTHY
76.88896845312841,88.21001352567586,0,-947.2267172329138,-1816.3619364292138,8610.330886058113,905.0123211858055,-1685.3404866201709,801.3736536822903,CRITICAL
73.62261987485256,87.02605534458901,1,445.3256887728312,2519.4285216655735,28749.85897695466,-1003.0329265060236,-809.7102802316675,2417.3718063205474,CRITICAL
26.693018314663156,72.23378130471332,0,-1085.150526557798,-825.4105299789552,19333.094425308725,248.93591614735735,-270.21487324160427,-264.49159134871405,HEALTHY
32.54567866115599,78.97757242553901,1,752.3248930274368,358.8897599468525,19347.10845630671,215.13149376517967,167.08489437860968,-152.75773999897652,HEALTHY
45.90329490597406,83.44650648959207,0,2771.328943132536,2518.0227574944124,13216.731344854461,-1255.1873490351484,449.6193538126967,-1554.3176260527312,WARNING
49.17457648400482,94.63082786088626,0,-3849.767257413648,-216.10917737865557,18071.220232287073,39.6400996996016,1194.7750292481433,-599.1735111080117,WARNING
21.21723767804359,78.05962840707149,1,-270.6205795279368,892.5895171143521,14556.52564594701,-10.961726983495588,-94.83583131592901,265.19293485704674,HEALTHY
28.137065051939842,45.9840579810781,1,85.31814256502406,-808.2657216409264,15553.555593443434,104.5028210531515,83.67964417773675,280.31971858928586,HEALTHY
28.80151861766887,57.829192836114764,1,600.7877156684375,-1547.8734610230863,16001.574041867005,0.9160278690968098,206.05984272370569,136.08221278749653,HEALTHY
24.032802715732902,54.737956796663156,1,-420.3951223616271,1362.6170266133677,16714.142615789075,178.8735774424749,-0.43329064557725944,254.41179646797661,HEALTHY
83.40864656723316,94.62628115697325,1,-4800.244082880524,-694.6776685868695,13244.736726104127,285.9233000139253,-2875.1294335242737,-3179.806006844342,CRITICAL
34.159938600659174,41.913552500281554,1,938.7236162381593,-1223.1388144094233,16690.950750112526,-247.39978027241256,-56.98246957549296,128.03392722461007,HEALTHY
78.78642537842173,85.93661086026148,0,8755.977909609192,-3913.5791024625287,19135.520679691497,-2811.492551780776,4045.732236733584,537.0718604891496,CRITICAL
48.22321931692698,88.4542505297354,0,3290.018549296246,-1346.9620946184716,15916.356208815845,66.82342895080741,-720.7276797625805,158.8523606601735,WARNING
26.43984148556293,56.315397074014356,1,539.0380265659215,-999.4441417782044,16612.976139191935,-3.772979160776872,-145.61941130045756,-210.23805859323633,HEALTHY
58.74379097751709,77.15728676888484,0,2252.186402926912,3211.5641010059885,10592.737088035221,-560.9103370822163,40.45918673147649,580.6493339173414,WARNING
71.63224694372295,91.7729232231863,0,4070.134259433797,-1168.2534014107243,24961.334278039067,3232.888844062761,243.56955718594728,1681.7448193991247,CRITICAL
58.99598706924006,78.03333920715241,0,234.39294726046882,2304.878893137439,14059.5762016836,518.4092695116243,234.4318003902167,-233.5718916817556,WARNING
88.63858905439923,89.61254161695145,1,-6025.64195755424,-7226.473155232245,8990.831316008613,-817.3365718405338,-2179.197700695258,2439.6287581939,CRITICAL
29.378173007862724,79.45528686515568,0,823.7012973771112,-1227.256008664707,17062.286870707176,-74.18470222996031,-357.10945977636953,2.7147318768409847,HEALTHY
22.52436563259396,48.75056878292281,1,-943.0568084672624,1403.9587386592937,16365.44919548836,-334.70092439804466,-214.5063668871316,-198.5172358806382,HEALTHY
27.883690610933627,59.865808495580175,0,-187.03362887472082,1954.7111972612881,16093.185387292413,-76.46838819513066,23.662229623333886,-138.70817789243705,HEALTHY
25.025128549365437,48.29130090198942,0,1245.7086641696612,-721.4304640536182,18109.526579008983,150.4603876283014,364.1797351578705,132.92776591593469,HEALTHY
65.53249594817323,85.41864706593226,1,-10677.258715047667,-5558.626033658701,12801.929034282892,782.2729895528604,5783.790468108414,1172.7621546130563,CRITICAL
31.135549056346726,49.13325009474443,1,-758.4629622998692,-970.2767839358373,17842.204488387404,-232.69232637999835,44.61751207609997,211.23682792521902,HEALTHY
68.3079253964275,91.81736620398182,1,2440.22210368974,3970.670877475735,19484.173204757713,-2575.058348118418,-2405.024081941761,-369.57341749611953,CRITICAL
20.987176410358646,75.65272825441195,0,-561.9462476951015,1014.6453864394118,15566.28452426987,-326.5205491374646,241.19120358090842,228.3706489621943,HEALTHY
85.40271106523613,87.73597179372209,0,-4775.986299716126,912.2508645916472,20551.300624021867,-1488.2279302122893,7374.933602996601,364.3219088892401,CRITICAL
88.89632186168228,99.91350453264543,1,4148.138286483152,-3542.1701508319843,20881.330224670768,-548.2229507614429,-3442.0942512593256,-1964.8324809618741,CRITICAL
76.67890101417639,97.25981757796046,0,-1781.3158961537943,14071.82738083097,19230.34639093634,-1012.3949532852356,1605.2495201569561,-1136.1871031820517,CRITICAL
57.1755057045693,88.03600206762134,0,-3972.1997995126244,997.9717922036491,16327.976379004496,428.6801125586096,-708.7320591080737,-374.52315928409905,WARNING
45.62108742347637,80.74531661983497,0,4637.796432588366,945.5657135787754,17582.77640735326,377.7583420415493,428.83846413597877,-58.02088871240575,WARNING
54.93949209373541,81.90041333220933,0,4099.826640890905,-555.6026762808689,20846.99769634981,-621.8398436500302,695.8622611572072,11.759745066956791,WARNING
22.72668300826043,46.27250821267223,1,99.06907592340971,-1517.3062156784931,15842.91617032218,56.24431029529183,-175.3860901567309,-222.95678094330307,HEALTHY
68.72521358529129,96.05082465439602,0,-5389.357981491997,-4011.527895790189,18324.830570446706,4633.9077931591155,1456.6794368749092,-664.2770599850015,CRITICAL
87.82184607441158,93.52075381604544,0,-652.5061370017072,-11700.570960112555,20089.7239905079,2444.690512935949,-767.887244126918,-270.26001415140416,CRITICAL
47.68094765515049,87.19741836512712,1,-2038.2930916696507,2032.3077522248623,15679.088778926984,75.12741819388336,-232.73127675811494,237.97925169846772,WARNING
66.46641112209429,90.6349459750844,0,7352.526368751999,13163.550910826669,25746.200905029287,1754.2692387557,1178.5668659151931,-1013.8973805192519,CRITICAL
33.045438272774504,75.63328593158533,1,-4.621688903522312,370.80718554168567,16774.22078431848,121.71692907003566,555.2568232306116,7.938351466370184,HEALTHY
25.767669914672187,59.50668274485058,1,-895.9988068145019,-930.8811941934042,16737.207394507845,-3.9570630429931204,-124.72108698584132,-309.75258442465577,HEALTHY
55.78666964681105,85.64661205174205,1,116.44895368985419,2382.3026589555284,19210.515752557316,-72.81596263846997,-67.80538554776624,401.1900196994554,WARNING
84.6549644208757,89.09745535628583,1,-2921.8305902405373,-3074.091482539747,9286.721295215637,-652.8186659334398,2751.2187379044,-2636.234659136524,CRITICAL
24.664734825734932,53.007332881069885,0,-1574.1552869440548,637.9529432248899,14339.576978180085,213.89617723938605,-186.75256818241,156.8416375307877,HEALTHY
57.550910851189464,77.07563856353343,0,19.40754196855532,-3085.8603239799804,17387.86681235291,594.2299408741068,-335.4041700133187,460.1744335405342,WARNING
21.580182267219996,48.89445218992681,0,-669.3860527711348,-1020.4045638322368,15875.610628741932,-132.14840720706167,-173.34459492569064,-245.1535633515204,HEALTHY
20.218507321269183,49.89598988233383,0,2272.434720446882,889.0371222798921,16957.744421004412,-255.2608833076672,-257.66152349270754,58.543096428370674,HEALTHY
57.857425046562035,87.79289887516107,1,-3386.854148230691,1876.2400813143374,15932.06226815644,-951.4573440831301,-983.7383129734507,444.4390448495591,WARNING
24.455043146823233,74.11287286767606,1,-1933.6783011075602,-1207.3958316463745,15313.421920322833,136.52464729142926,-33.14461062932303,-165.11696860349227,HEALTHY
81.4268522567303,89.43263282571691,1,-3357.925084950973,-1080.813626459108,19340.292516768404,-608.1305161315161,-2243.6576008251686,-106.46733512686427,CRITICAL
26.062104824765495,53.081326462529546,1,901.474629947786,-138.86258719467168,16019.797516512062,150.57513552279403,-63.911352463816115,189.63536507246025,HEALTHY
23.38310213665603,46.433018763127606,1,-1591.4046474962884,564.7010625361559,15749.394964706644,199.15044733627116,-55.379767959275625,-5.0778092768974314,HEALTHY
86.47732835517466,89.99688190783917,0,-3247.766934830572,-1368.6281067090997,24286.352067804186,-363.46848970723784,95.77756535042988,-563.3766415782593,CRITICAL
70.87433856131008,91.66569182016491,1,-1788.3627642852,-326.6645456881475,19259.449719127544,-2896.892364642807,737.2862808994938,-1382.8827507829117,CRITICAL
48.08749399141641,79.52608572302469,0,1486.7463249520304,211.824846250345,17300.81938046453,955.7002951239562,407.4023481000313,138.90906997159874,WARNING
84.53820546811639,85.50271461018039,1,6854.427753495656,-2059.6895657758128,23210.503154972794,510.2549038559457,-1473.221867015036,-83.98770245720222,CRITICAL
71.00083960935825,96.96063062155271,0,-2426.1977127804516,-8032.4984466155465,11589.023031950272,-2144.9995402141635,-3139.7206011632097,-1793.850784089356,CRITICAL
50.61257378194387,85.1457151058127,0,-1294.05686105209,1399.370068974757,12793.848762909167,93.19495237493389,21.30769367634564,-734.9647045514389,WARNING
31.305482510757788,71.55227927482977,1,-446.43361455052826,194.08999289830757,17457.63174985977,-205.30305988221204,26.5939348293752,-140.02416298783464,HEALTHY
50.26425316863496,83.50830988545033,0,-163.63494605542857,2907.1942343678893,17444.898599808246,306.4400229124309,-170.8331610162846,351.5470319949057,WARNING
46.719184963910266,85.85106487553223,0,866.8100406048765,-842.5659367034422,17624.621415613572,1037.9830064701353,493.3526097072908,566.6793217770581,WARNING
79.48768606085943,88.29095065845364,0,-2674.386059480245,-6009.669143611186,20260.46785787007,-1714.4297056269795,-1180.8641920293664,207.27902566090594,CRITICAL
81.00712748945797,95.06058097083358,1,-2962.520351169392,5854.433668652642,20127.707907259595,-999.4313433314126,-421.8388205949567,1831.7061166281667,CRITICAL
71.99848276409499,88.63181140943556,0,1537.015559331958,-3751.1624898780333,19480.24034699179,2031.7616761600354,-3346.0390952218413,-1249.392182277237,CRITICAL
42.816668553060246,88.67529649555608,0,-725.2026684614625,-2318.8390206217246,15226.38709869543,710.0154615714878,133.2263290851978,194.2930730369877,WARNING
66.17490958257123,89.20969587113224,0,12591.054717479134,-8194.037609991272,16915.764776610406,1095.8055860002942,126.69585529022368,-2464.687184661543,CRITICAL
23.533489018917518,77.3001581238953,0,1254.2848891068952,395.68155684010867,17136.92266528783,164.28012939835202,-213.3365406611726,9.997207071335817,HEALTHY
44.41649831755632,78.07914651503684,1,-204.68544297709772,1409.1841356753907,15712.305306187607,243.37147957149975,-1525.8520629731718,-39.785796544864816,WARNING
72.40538154129264,86.45218084892714,0,-12945.197180812309,4774.628354201706,19765.055975131665,-920.5512832965954,2400.714184175343,-167.05673198210545,CRITICAL
30.038986937654865,72.60061266704592,1,1103.933546701907,-256.2808242515724,16148.083470687876,-81.37704890087494,-106.95133416886462,58.99429114176431,HEALTHY
42.382001152187115,76.60886400418669,0,2462.7125694982174,885.4677992584304,10920.280660364271,872.0050051959961,611.3657921723467,236.9503405011739,WARNING
25.105772565163235,59.06271774320074,1,-537.2051013525145,1239.0111344152779,15790.033719444584,16.48358498919569,166.35665468024717,89.61616482934195,HEALTHY
40.35233014282215,79.71951154238903,1,1777.7221355196434,1134.415649959976,15108.860480841033,-419.77783231495926,827.0199402391365,-29.54970061678613,WARNING
57.69606161920392,89.4759046034957,0,-850.8395652345195,0.7413856863742283,18166.693898840716,-1281.2355507465563,1503.0730175268475,173.61730167987395,WARNING
74.66580480534265,92.91844576065088,1,-7342.63688226841,-7917.948401460689,7134.625280080143,-1270.4170530836036,40.96729899112957,-2844.388642300972,CRITICAL
32.99579771377013,48.62119475165328,0,1028.682610696392,-1316.748846822057,17107.610587228875,133.49215632786243,-242.41797838765305,166.8465331480322,HEALTHY
71.65906156710047,99.21954348316746,0,-5645.863567696302,-8329.754588909114,8473.591705159202,1201.827564830669,278.90493205839437,1564.9320437493475,CRITICAL
82.67623262307471,91.28309840043029,1,1710.1411118980632,-2476.0669327011237,12673.254838889728,-4659.739886123008,1846.9607134647442,3499.387226754593,CRITICAL
22.978142883023025,59.79313826485681,1,1478.1397139005312,1013.2378874349863,16678.05039668672,-76.89041142368866,-2.723695466904881,-76.00084780714289,HEALTHY
79.08505439932568,96.33663608698498,0,-1322.016155614307,1562.5347667443007,12910.678510861335,231.87660776433373,-1179.1739568964836,1644.4968485739414,CRITICAL
67.81166089903411,86.96232139397773,0,-3209.147433037185,-9909.238280581145,28226.400656415113,-326.55677045660667,1488.4582391231945,1711.9945806130918,CRITICAL
81.32841027045308,95.633841960848,1,292.10330940926184,2780.762133997303,18723.085896264518,-726.4983645056609,1694.2224148788046,-444.78830215931214,CRITICAL
72.39379243158825,92.6212080427851,0,-1189.724962312764,-3159.4962010472123,24868.55642043516,156.0650811391789,-3027.662725516293,-1346.0600973453002,CRITICAL
89.94746273556157,96.37582594745328,1,-9146.154421183062,10173.659160775438,14645.06854678962,1141.78317273661,-651.3193611872022,-1405.083259103252,CRITICAL
27.220000648034972,75.90698690711827,1,447.86174775179376,371.094051313922,16431.961445981546,66.36877265170311,-84.75528228960616,-323.4725900217136,HEALTHY
30.82394826126916,41.92378575856351,0,337.60266207520215,-411.87696612246737,15896.393775927507,-86.51163756392418,78.89042847565936,-84.19689616405259,HEALTHY
52.42523511851098,85.79821731470012,1,2744.1570289915016,-3665.149175995673,19492.864002744518,596.3183865639315,-108.96027680293,641.6715982930286,WARNING
57.84060230819562,75.62123312846067,0,-86.41059960950834,2264.2940012434133,22248.0604047411,-980.0498640812172,-72.66873908207681,-826.3223396624575,WARNING
22.420510375825746,62.87983513134371,1,527.537158680015,-261.4656373192028,18069.665424892017,68.34007672618746,-208.91484397134312,-347.3632817088051,HEALTHY
20.62339772408388,48.271907041765765,0,-82.7150238964932,243.09172766069878,17335.306244299485,105.37958473315874,-38.17444391063596,-39.63913527594398,HEALTHY
66.65113843265017,87.02641834892965,0,12206.922289719552,8781.66236099124,21194.441041029382,-1754.8552276984817,-1757.7766735478754,1390.7720633473182,CRITICAL
52.63379574453125,86.5389048528792,0,1484.228224015556,3081.359465519907,22667.315935476545,-79.3798943855213,516.58092645617,239.50784476402396,WARNING
21.123437630029755,44.24641414189869,1,717.7934951238125,-535.4218773333488,16548.607845308154,-8.347426475295745,289.6701713858553,-33.48484033671863,HEALTHY
81.91645761237461,86.366982598507,1,1663.7214381186159,2333.9876729064754,15040.44505049831,2968.967845796906,1499.5460514674303,-701.8757730119731,CRITICAL
75.44345441109407,92.98577069611672,1,8744.627696222617,4117.7312503908815,23826.30060763253,-2063.995782730478,-652.8352522961901,858.7014273225416,CRITICAL
75.47763789088006,92.9495246156905,1,-7963.7042272688805,-7062.1223281361645,15145.605655356747,241.9908687270008,539.6472647543624,615.1058354568952,CRITICAL
85.52367893637421,87.44470144373832,0,988.38115822199,8857.511090970502,14132.336638373974,3091.61583213298,169.71017689511066,-428.34264171683066,CRITICAL
71.30427764162965,91.7984824764989,1,4037.9713043969887,-336.4979185531665,20435.16387583873,-611.5171707958907,5971.279622070627,2440.0256473287927,CRITICAL
46.43176528448098,75.38870310364604,0,2469.6539560162737,1148.0104539988233,18678.420494487844,-217.27729553285957,-459.7848280861013,-754.8205466404595,WARNING
50.58326201911325,85.28892856270619,1,1150.1993775438114,4840.97401475916,17700.46340722351,772.1108322687012,-204.0846374045133,646.9722028219783,WARNING
24.146625358750942,52.49396407542054,0,765.3902141704338,-191.8214582066392,15164.885388680783,23.544243476182032,196.51469272555545,131.2721739657097,HEALTHY
23.241889975231434,47.336213944389584,1,-158.65118346901218,217.57953634296223,15634.1517896174,-185.39887733491253,66.97888835045845,-179.19917063395715,HEALTHY
70.92657252744202,96.68828925058449,0,3438.1553146715255,-815.6656027829973,23222.493844691275,1605.5852490517034,2237.357026388618,1567.555121883681,CRITICAL
23.864479981452938,57.997746970754385,1,-792.9474973316006,687.4652897694855,16831.45554213297,-61.580468454119966,-103.51721049325468,-59.65189746298159,HEALTHY
40.45804322929825,94.17934692314492,1,2354.047533878727,191.29515560927825,15947.890164286795,-523.2004772744433,-932.3391772737605,915.5749347845409,WARNING
21.065368514739898,59.51506423992238,1,864.0127755004468,-102.85142408903889,16468.929162242675,271.4405099855614,25.949641045360494,310.533688884221,HEALTHY
25.375019850075105,76.51569778946302,0,-555.5693479479282,-1301.3435268355793,16868.44660527894,92.33325894227265,-158.44178123693837,-447.26580566282905,HEALTHY
41.53479027490513,87.19121643809619,1,2130.481871240043,6264.213294256205,14176.540046230974,-28.86696094603028,-960.9535889654991,526.3449165825472,WARNING
68.97268704951836,90.0093453451667,1,-8984.66940118842,-265.8924265549375,17995.4290503552,1010.7203617114828,-1394.563858313297,-826.1030565200211,CRITICAL
78.96818171814398,93.37449651056957,0,682.1954341786029,2784.6294011643377,16465.433092147905,-239.59433490141964,-616.2971484518359,-179.31515582143456,CRITICAL
25.187091476156375,66.84372628343904,1,-1071.8568022324787,-173.2792917738969,17872.235316869475,-293.66731230681904,297.04384820254523,-48.33969028329796,HEALTHY
20.783868189290356,56.751732762966455,1,-104.48134637686655,2355.580258568206,15546.25201840624,122.161966750955,-253.93799741462146,-214.69353554789046,HEALTHY
59.1887919148233,83.87889920653438,0,2377.9997126697845,1952.4415109936476,15657.609650701248,-839.4809499488488,-1183.045682835203,-72.54710766597039,WARNING
23.797983605192154,72.1477380750921,0,616.225778793552,173.48697322708878,17051.52211270234,-166.70040794350766,12.652630960817213,222.03478818762045,HEALTHY
32.59179851314326,66.0333288624594,0,-297.37607924310646,-246.383402514548,17370.376505905937,-142.39464545178456,-308.5606436485799,-32.12622390509887,HEALTHY
84.17707218073227,95.21499271240079,0,-1804.1223851848563,-2200.6226090519476,24866.270744649828,-1087.118042689797,-641.4782483726791,1520.3190603492023,CRITICAL
23.662424130742295,63.920364693149985,1,286.194759048022,-2498.493587871451,14007.567143662136,-67.73826798437503,-39.55380894112287,37.82224332078813,HEALTHY
51.22239483575487,81.00450908495317,1,-2455.048743027262,-1716.8309889183788,17346.416040119086,558.9966711774131,784.6555586843721,1098.740010857645,WARNING
24.697429922259236,71.94373089531005,1,24.219456672758067,1412.2205554154293,16304.358608754284,90.47435924994684,-212.47870562937595,85.66141944152972,HEALTHY
22.676241448452437,44.32620058293427,1,379.1531187261241,1230.2221756507877,15787.025713278927,-478.0608734938876,-82.44414900489403,182.6947464034813,HEALTHY
58.52348088139507,77.04059789282981,0,-152.70882194938685,462.3669233151969,17870.292277925262,-1451.9965742307127,634.2972426639647,584.0381548099748,WARNING
82.09061724977875,86.68979630151723,1,410.86305555452435,-7495.12741513721,10783.833707573327,2329.0215722520393,173.6401685585904,-3349.4872646763615,CRITICAL
32.02028087405373,56.42019285393426,1,-807.3649685099942,690.9872088603408,14825.8015702498,283.785800835747,69.8082290127426,54.795773758577425,HEALTHY
82.38520905989168,99.26481304561378,0,-143.2258098567163,-4449.427553361045,26516.93315381606,-1170.8900418399364,-2195.286727157222,1015.8653399240318,CRITICAL
59.48485051043473,83.78985025139727,0,3714.1478046185957,-2337.099171431029,18766.884054697937,-483.6585610807255,-539.8142489029383,468.0312783390514,WARNING
45.26885518793618,79.10679758678113,0,-889.4914448246936,920.2566203920322,15981.456060843951,-484.80682417332633,773.7148351825282,167.68936607036707,WARNING
72.89418898062927,97.8647068213328,0,12861.292568231793,1865.6426745998726,13804.763594727443,-2200.503445601929,-199.61342230786144,1490.7179495805358,CRITICAL
41.04369983932726,93.78448272342413,1,-2409.210210481032,436.41537085840133,17672.54299731382,228.15287096241414,-1063.2393248882172,333.79644496592493,WARNING
71.01120313520198,86.42504142734396,1,766.911222771562,-3695.822718513567,13047.263215482033,-1297.7755915082969,984.67523779107,-2111.7506039147697,CRITICAL
28.66447931137321,46.62053269711895,0,-230.93453020867796,696.2063648134183,18232.956094945344,225.31300590955146,-53.7777381109661,-221.30518174833404,HEALTHY
68.36402126682158,85.20048430497681,0,-7884.293058936594,-4792.672336189512,6909.030319465325,2303.64512443876,-2005.3501513614792,-1308.5587519264943,CRITICAL
78.69019965211692,98.2843273518842,0,-285.2606296101375,7189.884649057891,7416.833038830229,1662.2199199642228,918.552322609611,2603.436065945375,CRITICAL
33.306296363976756,71.19502183430495,1,653.0483110497609,1102.6874654627118,14534.197062835769,233.72624869010673,-197.0763594251375,-218.78808181369482,HEALTHY
46.643469190627144,75.18411334781285,0,-544.0852672738979,-2110.022961280344,21044.310662730288,343.7401336981255,623.8734630675723,333.4487489911305,WARNING
48.72974698615414,80.01092117862257,1,-3080.982302652358,-2007.6592918461097,16712.52565848616,719.566084876436,217.2909512105955,-107.29717555682392,WARNING
41.51170184810895,75.06724756645873,0,2554.742004712348,-69.91514694263603,12727.494432067024,355.8167939623154,-711.5997963049249,-457.11028865625195,WARNING
83.12910917322515,99.27604952634807,0,4315.595124787507,-5284.813985177297,24578.042106862817,-2369.127374198121,740.6889788986351,-1361.7831464397677,CRITICAL
48.62368814384362,82.85518269109386,1,543.3421192063659,-4009.6673869934984,15074.468488727449,1320.997271994592,323.9645214272983,-20.077161046119254,WARNING
21.77518000576817,79.85802020400357,0,-636.7951015495571,348.10681471471077,17490.186838123882,-59.24983975284792,241.65381831761087,-351.07091386403283,HEALTHY
76.79003503258053,85.15585999062753,1,-6278.069608537296,2405.455287731463,10870.040118662513,-1356.6474387814596,-4098.463439069055,4263.656935598058,CRITICAL
34.80623546008955,62.27522360591863,0,797.9752545819053,-555.1092279283498,16396.169682282904,-18.574900278610546,-254.30970417845677,-230.61686634795646,HEALTHY
52.6845599762723,75.36315931214158,1,3392.274070463501,3346.0257905404537,16432.387352312424,652.779788723901,722.9809677613292,-176.69949585812958,WARNING
21.0413576411914,60.76239163633082,1,-520.9138193366847,205.42859627146925,15038.631547764502,164.80296611967034,337.92739953893937,174.1152431628483,HEALTHY
66.71711715548471,87.17709539899211,0,-5401.323143094945,-2151.759990255931,19296.748839452317,-1653.6367689046037,684.5341064857073,1798.9425243380465,CRITICAL
28.31483897125483,53.14983953398426,1,-1000.7390284412634,1470.9907620267788,17258.23679640944,-159.9497623877282,-49.181252856700915,303.22717931471146,HEALTHY
69.43416927215999,88.30466401692628,1,-4818.575023412886,-2926.306128755843,22909.06664561255,5582.659903790589,1297.1671407677911,-146.31426273608318,CRITICAL
43.18050261532853,88.03825213465903,0,-283.9546705769716,-3618.4533336577247,21229.23724848285,-659.0737441874204,-952.0165034174162,-149.0019179294571,WARNING
67.72105807068866,86.06396602556514,1,3854.1609941835445,-5230.51791409164,11275.832359952195,479.22344929254325,-1392.2869005245234,-258.35676893953325,CRITICAL
75.91568532003268,94.02360893927404,0,1248.1919812906435,-14753.733718354195,16945.95326328975,-1947.7683722348281,-881.3383465457752,2301.248019425578,CRITICAL
68.66405007035912,96.87844677492713,1,6843.221176184426,5130.999442688124,11342.647462764216,-408.9784673328592,-3525.02106458001,1743.9059538787733,CRITICAL
83.70484316087904,98.61469398982496,1,343.57268604207246,3079.513738165477,4322.354394410131,149.5536932431083,-765.1549080920173,-3413.759135214739,CRITICAL
50.230167295312775,80.31356931005675,1,-2035.2937673523975,-1874.0196891410665,16966.175105870916,-1145.0796346547427,584.3483055573446,117.09933704549964,WARNING
68.96413073610879,93.69503369466442,1,1279.96980813271,-3538.8586100296916,18501.70859241451,-642.2075807540782,1450.677142502451,-942.8054943660348,CRITICAL
30.805759978796686,60.44454553958002,0,1453.2823062524692,-113.06346402703085,16233.535600176927,133.53215852938467,370.3763783867744,-56.21352758827322,HEALTHY
85.06692136593925,85.74031064798747,0,-4034.1684360731233,-8327.019322333443,13837.120404053132,-1988.9988270516005,770.0487476915765,-911.0170924780099,CRITICAL
25.18543990255879,47.26390867205703,1,-1177.7855414923536,-680.2615871939082,14704.54071799821,-121.01261519838067,152.38379728713326,42.53115247660385,HEALTHY
83.00467335797927,88.69808796815413,1,-174.48408744785175,-5470.338216838394,16448.403339281846,-3299.713617901724,-964.7159891187206,-1928.8665351313768,CRITICAL
43.687364760393876,83.86151865866897,0,-438.45813171379393,-238.20626325144045,19076.412562614147,-297.044048858016,830.8930837148324,-633.3962182804206,WARNING
25.528437035415706,78.40047523276502,0,275.812468097975,-1762.1656504328694,15500.146006950998,-72.7826664158003,-86.64068143792889,-329.48253210120515,HEALTHY
52.646452918885,81.94690085880035,0,1751.4884931928184,308.6438904228563,13660.216479316361,-1004.2066026330442,74.55378099343052,-379.8878117318295,WARNING
85.43588173084711,86.46953635592601,1,-1712.7800813476974,8470.548810857206,18342.12975888986,27.060176830694527,-159.72910949438767,877.6580086130316,CRITICAL
72.80993209667987,85.38790575307895,1,5995.05407981857,2510.1267809359097,6849.174370193552,4703.08733610139,-3971.4534959512957,629.102961186769,CRITICAL
29.191937533047657,77.53928632856618,1,1031.8679825348304,1345.803267362869,17121.2525329432,-218.3222389256416,-127.36528994466794,-371.54397227154226,HEALTHY
30.695252536006684,46.308144850379676,1,363.0042848060769,-1721.0775209604697,16025.596424487112,-244.9999777320101,235.30665075755311,-116.7444267125203,HEALTHY
55.84701928709861,80.13397092929131,1,-4273.148326743298,3076.193212545739,21181.291853990126,-1229.598716734161,1569.0407495861218,-74.20850723540609,WARNING
76.3710430218304,96.19997759150228,1,9199.467307692625,2492.2329774867862,7696.592142350387,-3662.2068068502267,188.2792911145831,4602.648818735695,CRITICAL
20.840034634085,59.204313118091456,0,394.5799854842194,-425.7556046515905,16834.495723778036,-52.35165804421891,111.18829032916844,-380.98889080212774,HEALTHY
43.446718909362815,75.36033295240259,1,1447.0227744613899,-5510.433463531295,12228.501260691233,-417.73082261350373,363.1907460580782,155.11861269571858,WARNING
34.339700882391085,61.253598129464365,0,-217.41638551523639,1030.9566491463393,16995.084563445547,58.04024491700757,-54.273439092549914,221.99545443953332,HEALTHY
73.21575645788757,92.1973027211116,0,230.2318056823741,3607.3191211085277,18638.686773162593,-4359.876894233911,413.4536942642175,2931.9459726106393,CRITICAL
48.5729568155743,91.48405823124509,0,1851.3003832499874,2388.4824911433943,13106.572910692774,1098.0661279547026,-357.0606037032848,-420.7070844423243,WARNING
32.275543497220056,42.000743072844486,1,-698.6048355960546,-870.5171058476892,18089.014147207028,-60.16066244338577,322.9953637822297,199.41875109890677,HEALTHY
25.05260752791655,51.85959125133261,1,1807.8761587991903,350.7851757548093,16080.338476126004,-391.05528526202016,-33.07980362870238,261.1939834654378,HEALTHY
76.5983113443671,91.35768286750864,1,7603.6418779102905,-2317.4225322682046,23097.473630243043,4442.406788543922,132.54947468846956,1569.7773749883706,CRITICAL
73.92137882844892,89.42510891865786,1,-3993.6334674547334,4130.9907934747325,14922.402953481627,3046.73710625959,-626.6451840082628,-1084.7725273645892,CRITICAL
68.25169216261625,93.57496419953769,0,-11885.123084971843,-2183.2247907798774,6625.415446500539,831.3439481931523,-3347.7958566975753,-1976.7421248282028,CRITICAL
49.99090846647431,80.04518820975142,0,-3258.2742090200413,-1129.0652217653235,13945.665805774444,89.29776313773854,-649.1150777514481,-469.2034063146143,WARNING
31.627413927934054,72.14540588614774,0,485.71584135399695,1608.7138830488948,14830.71674747302,133.18976756681312,-26.400770570854448,-157.64382094326345,HEALTHY
43.800756290403214,90.4533746972834,0,-1254.1166969911442,-610.5376004391729,12722.233295956083,793.0693153642962,357.04661521974583,555.033760286041,WARNING
31.47998646401816,71.45287224544307,1,-725.2436766377853,-450.4631508837254,15376.197668401495,-223.373194386589,417.2750835102703,55.78247301638858,HEALTHY
52.52731083952516,81.09991036605372,0,6137.145050107362,1378.7896724501936,14562.41107109731,-1013.0494226273817,473.6759683474013,57.054928756298835,WARNING
46.55453913364142,82.51922204322707,0,-979.2129454016567,-4493.520499716867,18594.80866449912,362.2753240370102,647.5869295852559,-129.7754826792862,WARNING
21.83565135987767,69.42022425950151,0,-82.68068584269925,-121.74750838328353,17897.44974324213,126.1623369109555,-204.83736486584098,370.81851326683767,HEALTHY
49.40647651091959,83.69978477825455,1,-3228.6389112174106,-2926.6563255004726,17872.30821973166,-984.1017801058258,-208.52674132047153,432.8025123174956,WARNING
83.96718886620685,94.9808720764922,1,-6854.891388710537,2931.1208308440528,17416.952017638647,307.5276590894125,1743.6891397481816,98.5948504343174,CRITICAL
52.22982668764686,77.01171313193248,1,311.93371977789064,-425.71132956450276,16180.314567004318,360.3306141260583,-824.2401815245088,29.60376579840794,WARNING
27.487984202619977,48.66316742508963,0,301.70000890173554,175.5362295785979,14540.206416519255,-178.06356960397437,-12.815552829743327,107.25818190343799,HEALTHY
24.028987422516288,61.375422569410524,0,122.24300454706622,-418.96344552123463,15559.387990234978,-211.76002964956396,-143.10259709704573,224.29984236998567,HEALTHY
85.61181644639396,91.46007408113779,1,-15297.236068420085,-5034.589335426288,19719.982309428666,-617.7292611463103,1690.9210659487344,-3609.2058187784464,CRITICAL
20.690851012849347,72.32317129423319,1,469.5718183484327,714.1034997200926,16230.173972801633,-174.58593534791314,-3.949818706925469,-97.3159781347615,HEALTHY
22.6423086875429,64.29066680405951,0,-192.1274706161421,455.17303652543376,16215.394131496292,112.67590868191813,154.60564625017966,321.34806732763207,HEALTHY
49.277880408808535,79.16684535842022,1,-2419.1410707213035,-758.1519441667652,13963.87551112576,-395.8869336816965,140.64799459567217,358.12356325831433,WARNING
42.59107475520991,92.43194301903122,1,-277.67189463466764,2341.9169545731793,15158.855373033553,-70.26380443080464,699.9477910609883,-271.6199779387703,WARNING
40.48451724825598,93.37511353736699,1,734.6905296253664,-9048.84292492103,18408.83253779193,-772.5684896770332,-667.7412993971446,960.310810546992,WARNING
31.797585702921833,49.748328476173704,0,-188.2613350863066,1193.1129458510281,17405.515392781865,183.78297093166586,-91.93135445459939,-215.96848955629738,HEALTHY
30.916460607694162,44.8585908362851,1,-549.1907692968236,-421.4748374312925,17698.78849151902,223.22685774762436,4.693864458523186,330.8960547839287,HEALTHY
67.70170428726024,85.58879318279568,1,-714.5150545639107,-13264.197164343333,12100.87503824192,594.7050856551058,-1064.7113405323496,1937.2475714116742,CRITICAL
70.35619622355183,95.02225648174311,0,4859.866031792876,-12793.776215087759,11737.894077644154,-772.3254698155653,-958.8687519495153,-1583.2260559834817,CRITICAL
27.80347940756038,41.48453279849209,1,490.07962825149565,547.6557719191923,16950.30653873359,-111.02274726554246,-92.64782738450704,153.849127911995,HEALTHY
81.99712412762335,89.4388571659395,0,-821.3226837377518,1669.2195787530238,28748.74639859517,-1093.3404434785991,-946.1313600226929,1322.1382791565873,CRITICAL
66.7065349881316,98.96483910885968,0,11948.813639294824,-4123.934551544738,6192.9404860241075,-1049.725876258025,-1935.2217203598618,-1545.0346403295193,CRITICAL
40.012789217210695,84.33321763440347,1,-117.60862074620255,3635.7752544912264,17456.05251503037,-756.7084488337922,-681.6798351357437,-519.0467991874672,WARNING
82.64093235920599,90.38781330124847,1,-12510.195489264092,-6165.952185867932,20652.397897112503,-972.0321507928695,2995.4576666487815,-1136.316467877329,CRITICAL
34.52033258068608,76.58997314910641,0,964.9795504861377,862.5099571202614,14312.120475596797,35.43464644402105,-99.21852473198163,176.09327220898018,HEALTHY
84.8520510869182,98.42972882607046,0,-10203.066306629584,-3787.2195764429407,15557.267063397687,-2332.51813616913,559.6448149091603,1479.7208877900612,CRITICAL
33.56602154775429,79.95597148184689,0,385.9700925688759,-1176.644943900053,17312.090610991083,-354.0962275552156,-115.62269174312867,-51.6017072395218,HEALTHY
20.219134956633244,54.415019694526826,0,1068.3793336940164,604.1208895885179,18687.638752104787,-295.8888446279448,251.84664795735978,229.28817408014552,HEALTHY
55.23352570892497,77.131948996587,1,-195.82712232539305,-1288.6731827096478,15183.59429201739,21.098462920624165,78.3873528348804,-319.6894012854591,WARNING
67.63017322482541,95.25655018132213,1,-21.627108680698345,1050.390280760334,16626.639037065994,-3041.495049617779,1150.2702073022567,1622.6110113955178,CRITICAL
48.60785236032151,84.0767576251396,0,217.12811314360334,2744.3246030853334,12990.347160923038,-550.1374157444222,-776.9724449952755,201.88976399164045,WARNING
82.71403921454876,96.63352221714148,1,2672.819789056616,-1789.2701160824079,19048.635799892585,270.2313455354494,253.63734122127946,-2052.9214256730975,CRITICAL
88.6995394916798,93.56795435658505,1,-7730.400801255162,1211.7968557040388,17802.80005558626,-2248.6148126427074,1771.9999495496706,-4074.8273067073137,CRITICAL
84.45704072529415,85.8737739393708,0,-7638.6819718706,322.710755299624,7415.517264282437,610.0824955673993,1128.5504212980652,351.673033088948,CRITICAL
52.44966638058075,84.51966109721094,1,-2311.712304888217,3065.657193588707,15134.243495505123,63.0477426267034,-831.5302651838582,-11.256078862269588,WARNING
73.15131375719285,90.07931576657617,1,1476.7063767024265,2377.60749939302,17721.183977261757,1031.8124606280564,-1145.3923021166256,-1883.605464649911,CRITICAL
45.68639373956583,89.29383467829514,0,4185.676915177825,-2252.302796385382,13852.286091578768,-1231.9712175044751,-312.0567196787719,-352.60563578061755,WARNING
31.950220957870584,50.01871595169996,1,27.054040688951417,101.86070637985304,15721.215198508266,-99.26094619105675,-245.37510690275786,-86.92901795803893,HEALTHY
26.89344466258283,59.95871776883172,1,-812.879030899393,363.28538988397526,15660.654831256536,132.55637720419224,196.5313814544683,-108.69455176590704,HEALTHY
45.865321714856606,93.42316987868233,0,-2268.652787249498,64.06918100506302,15813.194789154093,431.09835870506043,-9.988424316190429,-137.54419005548215,WARNING
40.8027877633082,85.93188526994489,0,-5306.106242063234,-257.38091981827375,11250.227721951507,-423.2049798943896,-306.4171052477334,86.11789376970876,WARNING
84.07544969056597,97.68131258719764,0,-7218.7475504927215,-1002.7611614352177,8879.61930124769,247.89689317066592,-3833.8255289425683,-2961.157546722054,CRITICAL
58.11910419498765,86.70199797089973,1,1821.562410915552,2846.075291404095,16537.400515876674,-439.95262284225566,1364.9695635711387,107.32762548358069,WARNING
71.1651690920059,96.09119334096943,1,-8416.841000993625,5289.051526103696,8038.691174113663,-301.91096573778947,-871.5838120105706,-1000.0961685088636,CRITICAL
29.155662429774914,40.96440773634667,1,131.64456691928453,-589.5673839924011,16149.665088957936,161.48894360167031,-58.68110316840901,-289.88394583548364,HEALTHY
30.739770403125863,64.29297667172264,0,-249.9749186380738,-2.009655026961095,16714.198674165593,-1.0734944786963336,-144.05354368210737,-305.4197829965739,HEALTHY
45.70555993881759,84.51853394729926,0,-2350.7187954265105,-968.9153314310785,13034.611866759626,-384.48923528418885,-326.66684891255704,591.6549539399401,WARNING
53.651562741801655,75.93282901851622,0,988.8148397883787,-3188.994854066974,14959.019874786223,281.80263121303403,160.068768733058,915.7767003164925,WARNING
76.44754463695345,95.86441760786994,0,1682.5926603686864,3501.1243912324785,12123.897801394844,-2593.417140372212,1632.5256029449788,1351.2374852158048,CRITICAL
50.64026957326727,83.21883666441295,0,817.5268249390322,-1312.0886977519253,14548.602069072636,547.4931099427603,-897.4796677931447,-761.5456650155594,WARNING
23.708466116047656,74.82999605090046,0,1542.2559460484993,1804.4970883616097,15698.262413211656,55.10497549370624,-265.01529418720946,214.61043180062535,HEALTHY
48.786326157153056,81.47743900041132,0,5281.718467859775,2106.4811067220385,19628.384279468104,-52.388445288613944,186.2805174035017,176.85944198924687,WARNING
48.52669810880692,94.98705859740066,0,-3466.9396567289386,-1357.591237324108,14974.208825964473,-144.54018352624487,-328.00579668522164,-1405.5290016348472,WARNING
27.94955511532131,67.13567542012052,1,-204.29533330183685,803.9193308807202,15613.262940299137,-88.0593574215117,-44.33771599981344,-229.87432204317457,HEALTHY
70.87341942372288,94.28491007933515,1,-862.1707059730468,-18318.920189397963,18471.385281828843,262.9930793511762,1922.2953155456576,-427.6202015716003,CRITICAL
76.30432388976102,98.27596826375002,1,10179.405696504198,-701.857539906423,19922.967195607693,-1338.7319752594115,887.1728845298859,-987.8229422737602,CRITICAL
76.12613944112312,87.56687127857428,1,4438.549103864626,16097.809652781867,14728.83278556268,-927.2266756072065,1641.05241677459,-1721.7661941671604,CRITICAL
53.091696003829206,77.06995007187135,0,-1898.811883149444,1139.4801576333793,15013.603594721619,-36.5344935046498,-29.1700185506603,-234.94136713936902,WARNING
20.39912549116526,69.40914072406385,0,504.1010744808456,791.14671151253,17056.359208883503,63.946782894776135,-223.85466304949836,196.12167097335154,HEALTHY
65.11554137585017,94.06489918445347,1,-4837.987313277661,4552.537155936233,16393.935133731706,704.0496575785612,14.306512194975042,1283.250464882417,CRITICAL
48.76761794281863,75.33725740164209,0,2719.0114115360293,-4623.971276103472,17739.282942097292,-385.7927275087898,571.7295317465745,739.3789956457081,WARNING
82.96040513065752,96.12578508799832,1,2384.4241973210724,3482.531640577446,16658.43477401598,-2095.732611977943,-3703.3139273601123,-1093.3756434744337,CRITICAL
21.325954507201377,53.689020991156184,1,474.82374498962565,-2643.516255798053,16919.168309274744,55.07549756108612,252.5484966295279,175.3579109107906,HEALTHY
21.890030417959913,47.856768634880694,0,42.932245214412845,1344.676120102133,16478.308578928965,345.49654760619757,-52.74907756972104,200.53018259756556,HEALTHY
34.78050968362602,58.84261810775258,1,-363.61221221385586,-56.945623721067456,16691.80176889206,-342.03367853132505,-269.6370844211426,148.652818804543,HEALTHY
87.73888839438354,88.51276443803933,1,2908.772892573871,3795.471996264006,9554.336493023775,-2708.242733545958,794.9648843062873,-759.1463935049006,CRITICAL
71.97990583745313,96.37540483436399,1,4506.436317248739,3118.5993719353664,7769.424280636146,5266.77993145662,-2429.1759667768024,-915.4923939779455,CRITICAL
47.13592511309869,90.84434066310703,1,2769.7562456877463,1068.0002087957646,15923.682478738656,1303.091795370957,124.46822494664251,21.55019312340738,WARNING
82.14359330826208,98.89974112096854,0,3833.04901644357,-5816.1708602837325,14110.462638781066,1073.87418567386,1140.8955483059196,-2069.183626316763,CRITICAL
44.84197914652688,83.65148530006701,1,-1365.5592111652654,-1301.0074755986273,14256.413695726082,-748.9597859765821,-736.0718635092866,-1296.2353223892928,WARNING
59.068539668016264,76.57893929673244,0,-1014.6360491917883,-1194.2246372252314,20117.83627455753,-434.1484941453736,596.9785587625827,-737.8586272372052,WARNING
48.396775647101535,92.79427440248796,1,-999.4514131468646,1666.0611792145924,14742.77056787849,-621.7751860456686,-534.1962441641984,80.98217113926903,WARNING
51.80806518056124,93.31767068672812,0,-435.90709103133565,-1814.043641408218,17277.67546462181,233.88837313676424,336.80212353563076,201.107600924361,WARNING
57.767027540950835,90.11222663648344,1,4177.126323609152,5512.126805195378,18009.578773623864,-686.8721640204691,-612.5642287625154,613.0861301359927,WARNING
25.821481030162357,49.69173316801866,1,-477.8523960351749,-1122.7366253686796,18359.735868072643,-216.74707398803326,1.3928446883875063,-160.56160698975143,HEALTHY
82.64037406876817,85.70842959498201,0,12826.484056819008,3370.272400862624,20399.84637673801,-179.57806111044158,3725.962178621858,-1485.267752913385,CRITICAL
24.536292669178046,62.53633457935416,1,-76.09676861195928,-1217.396118989266,15678.44590822175,201.600389449009,23.287648132678733,-20.207755376384558,HEALTHY
41.67911406141803,92.69987226790052,0,1009.2167629356871,-6136.337267048371,17637.408963588896,518.7733576842212,1016.1520196778296,-865.2004358346236,WARNING
68.532818612354,89.63464691180226,1,-10429.170240291249,-16883.665908407915,21310.36081383571,282.5261625709592,2881.361058235906,-1287.998885683942,CRITICAL
72.84063920264624,97.58987189084857,1,10106.678036465017,77.78364883055518,9861.594922390492,-32.049980827237086,-626.3230457602272,5566.470284494658,CRITICAL
75.85729423575742,95.53745675235868,0,1634.7146811455707,2355.657768646879,10790.541565043066,-1614.50721124552,-739.2873006902553,785.3466269559531,CRITICAL
58.97871750003008,84.76881613427,0,-772.5706895426091,-277.97858871836326,19049.879727988093,206.66592568546818,992.4823810209593,-489.6572200990259,WARNING
44.186962319357036,88.6035470268021,0,1748.1277220719096,1682.4499011742319,14719.372693290865,-412.0792504529645,1068.9092828581947,399.09096186249195,WARNING
57.94677931137537,80.76916700836257,0,5846.931327619571,3071.984697276288,20534.298193900933,850.1072583618633,-464.2114684426681,-1074.1649319980952,WARNING
80.09558430570459,99.89536660254412,1,4138.07434507335,509.82958848771995,17370.98455873227,1687.1361443213873,-250.08619594531007,-2246.919086107574,CRITICAL
74.19846529194032,89.07192075848761,0,-4607.416818519017,10462.606057449684,17862.142636757395,-1467.2663907451279,-948.1091960681301,-302.9672543916937,CRITICAL
43.19285735630366,75.57189676718885,1,-1087.6315005896492,-3695.0056382604607,10655.767982789837,-775.9479635577482,-1099.2280699771115,235.69860679442783,WARNING
78.15227094459404,95.13782106440718,0,99.72404643635731,-6375.882362976399,16255.234453557949,-2136.6859931127774,-136.97642223395212,-3519.870753570915,CRITICAL
31.819552003863976,76.12992420380522,1,-292.0085455130258,-454.0335803194438,17374.238453705184,-117.39313741846442,-75.46841538956201,143.45671623175514,HEALTHY
21.47805900751611,70.29850093362755,0,1686.596136022188,-330.1696679409411,16302.9761632612,-4.473772375667999,-1.79326515274793,-189.48580901213526,HEALTHY
46.48055911267696,85.38859457934616,0,-2705.04446260484,-846.6726347093941,20050.10597797145,-986.4510586171594,-1072.8187642184337,188.5143326936367,WARNING
57.802109468854084,86.05494895193407,1,-1879.5139937266079,-3992.55998943719,14461.367980385965,556.4066988816767,-274.979987742338,750.7091166119467,WARNING
41.9032780016043,83.21208134297825,1,2025.743014441609,30.858510302454924,17733.092266205815,-813.1168011341126,-709.9794392330418,301.802905941783,WARNING
29.273808265068393,53.46216859554906,1,884.9904671866656,-464.5297486449678,15761.762835093721,-71.09772818327194,190.4022187693389,290.5100494924742,HEALTHY
27.55660165586951,65.8380612444818,1,1713.9258004269934,200.2618715365074,16334.40363881796,219.53442113605357,-187.05255905960368,-88.80339542218746,HEALTHY
82.84476126229028,95.12829471309448,0,8899.30555861756,-14703.704434164616,19275.683035190817,-565.1657580735738,2634.016416808879,-471.2542430601164,CRITICAL
33.70504396164079,58.81135745052947,0,2054.19384125607,147.82073903652696,14967.731140659393,-128.5552765799896,-91.77536900499939,-203.51695544267514,HEALTHY
41.70499483564146,85.69225348592863,1,-402.52041548675294,4408.714018544361,14151.423745228702,-972.892946240077,-71.0002252261094,797.5708513613137,WARNING
45.43265243120112,87.1259494449413,0,-4578.146594529334,-1737.7566551913178,18157.418486458533,277.03326298064906,111.7815728470251,1039.0093636428226,WARNING
56.73040388895158,91.29015936261062,0,2508.488769117572,-2258.014807820915,18006.327640082305,405.26444273128357,-144.65041391401778,20.911054193048212,WARNING
59.180141735288686,87.77478512578476,0,980.327935785361,-3906.1689040625015,17870.528768824068,526.2396285795646,1419.33504737435,647.7051376013949,WARNING
21.915345941336984,50.000657968644184,1,547.0973811700377,-202.19265243389398,16166.318796772779,219.75537039743807,165.08326979760596,162.7019272001277,HEALTHY
81.38517808036467,89.09744584120341,1,-6283.990810471633,-2311.6632002357937,16796.958821272357,-1767.1544385452526,28.89153741329646,-4578.710243075971,CRITICAL
31.88140450640815,56.19193716340799,1,-507.10789413260835,-1171.0418541758545,17591.809308461,-63.3300058522456,175.7287019452086,152.43968015844226,HEALTHY
57.21050452144074,77.61440637900193,0,-511.7680838057193,-966.2372258069755,14349.838562156117,-538.766486307972,224.0407340452712,-920.8067861210835,WARNING
25.0424038661678,52.338768503307456,0,-2497.8471195672805,312.9963045348285,18475.576369778548,-7.07801563476502,-397.96310375982944,-134.9756992860235,HEALTHY
53.591037245703696,79.72343964965755,1,1852.3858416786657,-2458.8376148653065,20460.65246785539,1645.690631014223,-630.0257683954997,468.8776017983645,WARNING
85.54755629119657,99.80385364078508,1,1738.6028661392127,-4841.532514858694,16107.947027724329,1222.5822944764884,469.1400398730673,1202.1654762155283,CRITICAL
40.518517885985815,91.96458265105697,1,3114.0457805455358,1165.9943731190308,12160.897692543249,-608.5577751618833,-814.8034370023473,-84.81063443349727,WARNING
28.432171307413775,62.10815560182161,0,1030.5877409842874,1003.0389787624625,17166.111276650943,-246.9778088251566,-80.09589856136749,-67.90072829397738,HEALTHY
85.6700416593966,87.46521689374019,0,11550.678743621516,4733.367784706921,23676.823252478724,-2447.3385441215423,361.87565400799883,1042.0573786628074,CRITICAL
44.83669989908931,76.57806545169164,0,-2242.5504293661816,3093.345902120111,18859.850903201303,1076.79369301875,826.1418946675458,7.13967999056885,WARNING
51.20946964347004,93.29391487042429,0,554.1034295076615,-4332.149107350872,15668.003796247609,-350.99053283594895,-755.1130294401302,590.2170428008511,WARNING
58.31382700103275,84.95876106791212,1,1240.1375611294668,-643.5169507958842,11990.648407317809,15.001399963036805,-906.2947275299242,299.11776072771994,WARNING
34.02339569831763,65.48343555418862,0,-315.2966552861244,-941.022700666379,16630.08361531641,-160.4560054279087,296.3921536873072,-56.64360778904651,HEALTHY
27.10881830174154,68.65588447832396,1,1369.3876725962944,-1760.578594241603,16773.60039479457,-245.71970314076174,188.51370970723784,172.0912096844407,HEALTHY
43.154406341664995,87.55249401846106,1,-394.27926208931234,3626.9569455080523,18934.492181148184,1059.8493584384546,682.8258570302377,484.35447131320063,WARNING
25.458491097429988,73.3309722011503,1,-2416.512401402598,459.29756541093906,18093.34253174575,130.25391359547066,-42.13398536103253,-216.91821645391852,HEALTHY
58.991899905757414,78.70677137760673,1,3166.0675940672327,-2555.2532349103444,17157.64999000864,784.9758139792119,487.53352491758693,556.7311902519859,WARNING
30.590871719570462,59.618176340791386,0,-1734.1206895123385,-1593.2539917894362,17470.895612586806,-135.3923341835009,-26.590269641939052,322.48772722458534,HEALTHY
21.797435030264694,78.96658514512062,1,1213.0976999791833,141.71691363990473,18703.329539981693,78.66356787887437,38.409823298006316,-61.82329284050028,HEALTHY
40.74637327150129,90.37513953062751,0,2001.9004584287568,-2271.539719920243,14854.5658650862,-1014.6664644938229,-1035.5154223283726,-643.5991525575741,WARNING
58.37084670198378,83.38110101178178,1,1546.931848962016,1676.0137226486288,11844.170009950443,146.52879604430927,-353.9818751759155,348.95756294082696,WARNING
69.23075577250317,85.66072504243824,0,7285.200584172428,3969.3584752887905,7885.808679741017,28.27562050278889,-2780.9560882814476,-1598.9918881026865,CRITICAL
20.0389253657547,74.73204428142347,1,-736.4121722576464,579.504401549854,15836.72016366248,-245.61080382472485,474.8283486801193,-62.144852923438755,HEALTHY
29.66039655667916,44.08896684527778,1,10.636268348681153,-1336.0028924349278,14859.853092953985,142.84729653878566,-84.44198512355993,141.29695211629127,HEALTHY
80.36322833160142,86.47046919270288,1,11953.64083044964,4158.969106817621,18799.1166594654,1299.2118270006324,-76.72661381190427,2504.110183116158,CRITICAL
86.71831991644959,86.51247218293413,1,4994.006804450112,-8160.619428729074,19675.917335491304,3224.3909408150344,-465.5373860202069,1709.4008697725365,CRITICAL
45.030911062658895,81.86841232261348,0,-2425.6783147705964,-3382.1647224100966,16755.951587018262,-119.87941337745414,61.17400024408519,-11.237827474010333,WARNING
68.31432168173826,90.85445323565816,1,4044.7873809444495,6667.373488034983,21269.02159182391,1778.1487813400233,-301.17778947654136,-1296.3257345777965,CRITICAL
84.62952551808192,91.15428565979738,0,-7751.649513766001,-5172.5822624687535,11945.786058824084,-1650.396264306655,542.9223740021738,-2048.0108078763305,CRITICAL
69.80156537705531,89.72610192420748,0,7860.337292239036,-10005.413855689614,7874.182550956861,-167.05135237139206,371.8605901143321,-1882.586272273163,CRITICAL
45.8315353915153,77.57626147525976,1,977.6612505395215,-2030.830337423368,16236.4603597232,1295.9380836437551,-1237.9425295215663,-294.84051671018125,WARNING
33.17331001218788,70.27996528688915,1,-827.8930789157132,-303.8644354309272,16626.33368608311,409.4797842260475,22.972293642779114,310.2525709465942,HEALTHY
31.415566853761746,78.03090830925352,0,2241.134569020731,-410.28143597099705,13958.785722127399,-6.034333325826964,-14.606695963760504,222.3437135048377,HEALTHY
21.53550626874814,70.07083150731913,1,1370.0436611709902,-1632.8778384903724,16619.3179614391,-108.02061871975701,24.83131819426061,141.9568581167376,HEALTHY
27.701517456887302,66.02426093008414,1,-285.230315872449,-1076.737353627656,16573.175738565376,-190.60783164285792,6.874352206052059,-115.50870631986648,HEALTHY
49.86652553593094,78.30475780420802,1,1672.00377919126,-2777.9727492294996,18211.33891359036,-1099.5887145683223,-237.38449899672253,-1437.1825804238617,WARNING
66.86851142971382,88.64547718486324,1,-2634.9320036808626,-7065.856019247079,8351.204730523326,-1255.637491906637,733.2244885880419,1542.7888697806318,CRITICAL
86.45406692955893,91.99546178248917,0,6793.9281586836205,-5953.211337112154,13879.951776985592,-1848.4764351281206,359.04634773426466,1994.5456462291347,CRITICAL
48.46833418612544,93.51983067839711,1,538.5285068253091,-414.73170711595867,13396.228599349486,484.5644198277803,-155.22641260518677,-1153.520825699791,WARNING
69.4879900135744,92.97605531999287,0,-261.5762067048866,1298.369245487691,14387.438999745962,2493.2866125726982,2524.6875934804593,-349.64088679483365,CRITICAL
72.75733548216935,90.15147072684624,1,-5032.144467261079,910.8582828930727,20260.90653613675,-1879.5766166698088,282.8339451420049,2427.2917083929556,CRITICAL
59.403289290481716,89.59212574167728,1,4073.9715435798375,-740.9966288654551,17850.623925846674,37.07276294022854,-948.6437851383037,-1291.4162609866737,WARNING
51.02062705360314,77.89309804013953,1,-2150.7496054790363,-1113.6909853987981,17504.95525365315,915.9937714347925,142.32511574982163,-479.0672748144744,WARNING
86.77991093046019,87.55074839352488,0,2274.4073790266775,5523.585445056487,17845.24495127858,2793.2867751182894,-1068.3426826955374,-2469.7549553263993,CRITICAL
58.89473580567853,88.28953925812783,0,-1740.733947630987,2163.177893236365,18124.474289565613,1029.9802437165654,635.2726105548878,763.1709985606453,WARNING
26.89253399855476,54.50038925288494,0,143.4265668574932,871.5243860879341,15132.800863366323,-306.50365536593273,315.8875783389719,-122.35192790091698,HEALTHY
70.08836794801068,97.50062161381581,1,-10915.1263382565,524.0773598512424,22580.068473742296,1440.2637064364326,162.39417179935677,-883.5912235094324,CRITICAL
45.12214120920912,79.4489233551973,0,-2147.110695747398,-2705.3953395699878,13437.272170509363,246.42702907068428,216.41040366222495,-478.8322212653292,WARNING
66.7910416342884,90.46026873889504,1,-11028.558317515604,8425.29697005083,17602.919983633954,2811.8267750593427,-634.158669518158,-2124.6593631496294,CRITICAL
58.35035937099141,85.93044915664835,0,-821.101843322035,-339.72846381295096,16755.24451656978,329.6133797169029,254.07850467766744,543.9575809256792,WARNING
65.28562968509378,89.69921094083593,0,939.5490323187462,11849.92094124551,19581.864195390845,2643.984006405474,400.29006608096387,-743.3220673686236,CRITICAL
50.54872169858456,85.2910618266756,0,-3560.5766772157635,-527.64258800265,15199.886292815323,-277.86906293536697,570.8331682877496,63.40769835012059,WARNING
44.04575883745076,82.76055236683028,1,1256.2208090552556,984.5220949781603,11365.597869352368,-742.7074191516156,232.9711540282442,139.78733763777848,WARNING
83.39292117762344,95.3250452256984,0,5286.080082991214,6515.510469040317,18080.968960712216,-317.28205208620227,-1544.5061417663912,-782.356327271442,CRITICAL
52.955115225720085,89.20343214806003,1,-201.79250544819146,-2789.685587623065,17458.28569728143,-135.4164400757183,501.7504618451114,-604.0092166821613,WARNING
52.764644927204046,86.30944263100501,0,-5001.440195907166,-379.6738469873165,14641.276852054885,-934.5366239590705,303.5708064076071,730.0866737300569,WARNING
73.77383311818448,85.77403814663471,0,8743.561415098417,-2788.7979451170568,23596.805122494676,-1777.6867773142287,-5136.906986990295,1346.545964314942,CRITICAL
89.4870842072487,90.31880038660604,1,-9014.54758586131,-376.49115341490705,19984.698731467037,-42.83658990467325,-1068.2432832257914,2252.9155142583163,CRITICAL
85.37418345049615,90.1611615626541,1,6587.554291411571,-1513.4841198501395,26834.17991211335,1067.420116553574,-1810.5290789356868,2256.2502614584573,CRITICAL
55.20071710924863,79.1356311864824,1,4379.186134444734,4537.284837915871,16520.15092324111,603.059721718153,150.88500045170414,-752.7057323312873,WARNING
82.37064263639787,90.62364757013496,0,-5661.610295515985,-7027.006006807421,23902.382361573476,-2074.883392816651,3707.668315004442,-5512.925594181423,CRITICAL
59.505881028600925,89.0881108832515,1,2075.403430865761,932.1056216395625,16934.47328551283,722.6725786884778,1346.4594413224181,-667.1283243553949,WARNING
32.630363270974264,52.54300528256123,0,618.360566259665,1455.600479257298,17415.653774575174,-281.7838205381049,88.97917900197685,170.14387889212938,HEALTHY
88.59150064508684,88.48551586359473,0,372.6667902985899,7624.108327120886,16181.59431312264,1371.5061182235665,-3201.037522817263,-4288.3319423912035,CRITICAL
52.66677163685179,91.26302401975022,0,184.71502315571033,-1465.2563043084303,16017.089257503021,-190.85066552300503,931.9676529991973,202.72179623254178,WARNING
28.667105753766272,74.64406181511339,0,-1684.7006939858256,-2064.6974899587526,17923.74076267588,221.1809971834545,445.203777153338,2.184897114711071,HEALTHY
31.851248749571567,64.65162993416578,0,311.49606868844546,-885.6622616562313,16635.10659900152,161.94365301756898,-15.516158320502848,14.805870468247834,HEALTHY
27.65319374717183,45.11398947973868,1,941.435620149559,1027.4958177278759,17862.930938252557,20.542994914442055,-11.19477158837068,-311.589839237668,HEALTHY
34.00389715551877,68.79838157477919,1,14.320398035661503,990.416747840628,16160.027663556444,-97.73577805981162,-242.55781462368796,144.77627309585608,HEALTHY
24.95587210498425,63.56858457391422,1,-454.5477187434442,-218.653277435036,16292.600442490884,-16.175699573092388,10.451698099496642,-212.12101327932018,HEALTHY
30.573065150650727,72.6851256806234,0,2289.805797460459,1927.569385178195,14605.64903273462,-130.98919216053804,-207.39020119498838,-9.641216297412491,HEALTHY
28.135454974696074,78.05914238663965,1,-454.2442751532624,-19.93539524581029,15227.255774948051,-306.5591704524691,289.07693791658676,-364.81397477858735,HEALTHY
31.146223094470702,73.91711535053393,1,-606.7002947652965,211.2836922794726,17584.07895642686,-98.38048950124103,-375.31054120837484,123.94228919322725,HEALTHY
70.2853253943976,96.17830190037277,1,1494.2717796638967,-2129.4106782995605,22806.118230057782,480.0483497710852,-1968.4134793253131,1963.74807150736,CRITICAL
59.944090157013584,90.60383858936063,1,-3381.5684156434645,-3644.4402194930026,17234.22352865976,-405.8302908803146,-340.05341748593577,-443.410544339616,WARNING
47.09135642232302,80.02224573638013,0,2356.3178186441046,-2677.6718443521286,22418.340338660608,1061.930160168357,-796.6189473819095,167.2991239374601,WARNING
24.368437102970628,64.47411578889518,1,-251.0439680857766,-163.8671164947702,14907.670306845399,297.3961916094401,-4.891035498813149,71.11026342448643,HEALTHY
32.197130067225885,63.53724961813809,1,-798.9547721176635,-1980.4342295660208,16514.32674174496,-143.52307924799535,301.096456942269,123.03488763773439,HEALTHY
83.66327167047311,87.21499916712231,0,10238.804142780824,6933.283577209297,26358.991976961835,2268.624767824588,-1856.7956231476433,660.0099033402978,CRITICAL
21.047009819219433,62.18750839120345,0,1230.874513154735,1685.0142787085094,16946.880860174355,-175.96287070041086,397.4122223398882,-106.1941795623929,HEALTHY
86.31169600472485,91.30112297584445,0,-9859.614207421668,-2187.852324702796,13464.023156057827,-1572.1623976160158,-1599.761331026693,-3616.2459078832467,CRITICAL
85.30623364331124,89.68552979559766,0,10888.040686276727,523.3793545165222,17807.4092537861,1377.3245902928318,2379.839432095335,1873.7983886082118,CRITICAL
30.429111994166252,53.75414302170317,1,1205.1177396144506,145.64912192963254,16758.44122445183,180.2413560984616,169.1702368938007,-68.42931262469209,HEALTHY
21.97277400374567,74.2851823942513,1,-237.69512468964086,192.23476419523095,17364.853449137474,-148.4459040383269,-432.31206666383866,51.11473074247378,HEALTHY
25.388131204740354,72.94208906447277,0,-488.3917308170321,420.1179982519729,16464.706626386742,-126.237953888676,56.55773929673532,-58.14214867064389,HEALTHY
68.12259861567918,99.65292203194846,0,-10937.307545817088,1656.9926893261986,14056.796831001933,-1416.3888497684816,2698.3459581455418,-1865.0302600012628,CRITICAL
54.74249931794955,86.288058510212,0,-1573.9855796594943,-3081.472660422288,17456.027951082513,-1019.2325453425034,422.61311133315525,439.65508783017407,WARNING
20.909433890997022,67.59998949235774,1,-835.1429016300231,2089.5387216947734,14776.338972881942,36.94811577914489,404.72124384592786,1.3599689119995537,HEALTHY
32.039843662283296,49.8786164986825,0,-961.3678689194338,-2314.633802252788,18377.6905667453,-188.9974301503261,-397.38426234566657,-122.38386288508691,HEALTHY
77.60994574576175,85.479793081055,0,650.6399383648371,-3681.4555163456816,18038.790454486196,2728.602338987573,350.6647945369351,-790.6818261661006,CRITICAL
24.286753332888054,48.12892364344349,1,2082.3487440955846,-1157.3199869844843,16162.173218743708,134.88024829886385,107.27827445689182,61.387541471910346,HEALTHY
66.6950360927878,87.94919282552519,1,-1542.4707848029288,9456.755744463931,15538.218788124994,-2600.9808078004376,2370.455388171813,3228.229032188559,CRITICAL
24.705546871357342,65.42581287810452,0,1139.3810148356188,418.0261784118702,16897.56842735338,373.40742176224546,-86.89614250992945,-303.1420676802485,HEALTHY
73.41099870906466,97.17487640590183,0,246.63890448071314,-5273.907184363709,18537.066295562803,-3674.4704295794227,3595.6745356420033,3426.078566167445,CRITICAL
71.74221458180978,99.7719933575401,1,-3435.8311165452196,-1941.0160165498376,20553.488865468342,-1001.5088373814071,-2667.933261975783,1126.9070432024785,CRITICAL
69.91014919122678,93.28779670550468,1,705.6647282296545,3132.8466526554075,14955.49261553385,750.5752452497796,3202.3650252474295,4492.515693809829,CRITICAL
70.0162503869419,87.37733984773418,0,-3322.14438248441,-5553.114890567358,29524.367554251774,1586.4947624966003,-764.6386906179284,2542.700514317624,CRITICAL
65.71601879163228,87.46752768252196,0,-5051.240105502533,-2543.6477973646965,20787.447291187746,-2292.183920906191,-931.5067861549248,1194.925715762705,CRITICAL
67.67781533614482,96.40316690384337,0,1873.3407291819406,-3604.7551874592014,15401.85542134552,-2143.7470419466267,1706.1357341986222,4137.860712842252,CRITICAL
66.84730363033835,92.85247576432813,0,710.7143916519619,4070.1313371099395,22822.582478022807,492.8093021178945,-868.751526948373,-290.7653766080685,CRITICAL
73.94235906382515,96.4386429714034,0,-8778.607507498193,1461.7201289389454,15378.210847069817,2226.0013982773617,2062.0854775653224,2637.2156563560898,CRITICAL
24.49348516930811,43.07448301104654,0,-473.45809363235975,628.306925471167,15217.991110924775,-14.289131419756144,196.26282559975624,247.14234785976794,HEALTHY
34.63209542471033,58.966571850879454,0,657.364963389571,-1270.40874397943,18354.8642707178,-3.8937398154194147,-167.54188637899392,-215.8784914198708,HEALTHY
27.328136996603856,60.96785084253229,0,-969.5035058459895,-80.7056522171274,17272.77311701115,72.2399487502797,85.11885069255926,221.60857167664682,HEALTHY
46.797916423236664,92.99902807812853,1,-2517.8284295102017,4309.182254229887,14775.714182100446,675.271967780494,316.193254923474,424.42674540580106,WARNING
22.073683484510855,57.57861497433768,0,-971.837189404688,840.166985089926,16559.453398628502,42.32541920667025,-178.7884765357044,104.8534193545271,HEALTHY
21.580898271617077,70.57762912302017,1,-28.708590212227953,-153.73757232722005,17871.727035658267,17.056263593147705,161.77858402120197,109.29275282953247,HEALTHY
44.013478042020054,75.314400206069,0,-1671.082576621925,11197.710627564393,18930.56127508453,602.7685923046713,-436.2262207156448,1098.7088463967552,WARNING
26.37246104964967,56.682128148116824,0,-83.90186326829689,-383.68425507628,16964.072894077555,18.260234211933685,267.27636069063755,14.017695041713345,HEALTHY
56.52726369712929,80.34590164153009,0,-177.263406318422,-837.9174330659621,12022.667778484865,-483.19336326604326,-128.4782254115259,-80.46565204428983,WARNING
56.8828092005095,91.13742786537759,0,-1866.7597407022397,-1001.2181121678434,13262.278786428527,-345.18627610562805,16.87501780152634,-201.243686087171,WARNING
78.8324085628491,93.58143877415719,0,701.2618195113988,-1232.5759769592296,28212.10389400774,3333.178686751085,1730.749941193129,-1173.3881624253163,CRITICAL
26.716747468596374,62.11572356285312,0,1142.8228145150206,751.9330326867741,17175.031947043048,-181.8774909589478,280.55886218721986,-280.37021255845616,HEALTHY
51.568955117053925,83.53138009423073,1,-290.11511728665425,2321.5137951639176,14907.877835560601,342.2844198993369,61.42514201746088,-851.607727876416,WARNING
26.03590347221645,46.05830489601658,1,-1904.935777417886,257.5331531289845,15797.471006907364,-37.17708721457931,-145.97391729251848,394.8793488960058,HEALTHY
56.1222363531681,83.75599062549547,1,-1391.7386721856872,807.4209626796608,13673.678580890506,1470.6500180762387,48.535765930741526,-478.8376467708268,WARNING
67.48032399251755,87.93996053162333,1,-4738.62752648994,734.8509662904246,27443.257522376196,11.86099619569105,2403.840505997625,551.3269134690365,CRITICAL
28.148301415507415,40.819083334487914,0,646.449368542261,2311.259004942879,16266.401547341868,-174.5966522701054,-43.93920484328989,-63.99530587020489,HEALTHY
54.425365869708344,82.56061533748621,0,394.0860888466384,-1592.2205298031026,12298.317395601054,-91.94539981610163,355.72560647377003,-504.8130229513012,WARNING
51.39321397943849,88.13426736019954,1,567.6576328603741,-193.05427899606428,19621.871360488356,283.4589476707401,-587.0603462644094,-476.6361803949864,WARNING
81.7478504699109,94.64736404588525,0,-241.55894972469392,-1002.755781958235,8467.227147912261,397.2043196801049,3590.147313255124,-2663.0847436162903,CRITICAL
49.920657798828294,80.97367967628269,1,1774.254297193967,-166.91482198972804,16143.038242080776,-684.78747871054,257.6855578310777,1774.835593080158,WARNING
87.31765785237712,95.01721859229897,1,15126.124187767213,-1301.7552512049297,18157.173022251176,-675.0473427139011,840.1845013675588,188.1093459385023,CRITICAL
21.31322996041671,51.31204522681999,0,-194.69729611668168,-64.18817710849775,16475.752484448374,50.44807928533548,-23.24580862439159,42.942636634105185,HEALTHY
87.91343201505063,90.05747519285337,0,7248.885367590302,509.56612405723797,23210.08412003466,1668.0414229444175,-2491.244595418614,-166.8937513804421,CRITICAL
28.175403783454076,79.38678958098033,1,1729.8911545198355,300.1921626001944,16706.49071567282,-136.46612597149888,-239.21944636487598,-7.947780961234907,HEALTHY
24.55599633632818,53.471704443284274,1,-88.91259090346215,-688.7241565242733,16320.373596180398,-272.4389782765306,-283.15420261116475,260.2031325309419,HEALTHY
59.061355725409165,76.20072626004718,1,2323.518484297703,174.58452150529655,17847.73948262551,1520.8766468132444,-575.4377267807769,541.2151711532917,WARNING
45.94161099755997,83.5310570848328,0,442.5578224844577,924.0369897500416,15760.356736574713,262.1248284880111,863.7410800106718,-527.8807907501161,WARNING
49.78803170527454,77.67745938225491,1,6720.0357262276475,1598.1748686944882,17944.672885852062,801.417136588698,372.2978143316603,-27.10033826255749,WARNING
46.61957387576359,78.46923996229626,0,-128.9531430389451,-1929.7259379648865,14171.428419343003,73.55317984580648,-1053.5460998325934,-705.5735644395465,WARNING
57.01605203299026,85.20038759456064,1,-834.3965137265923,2265.455393370748,15701.44695646018,-210.31145641181533,-209.7569429653689,709.3813516755283,WARNING
32.629555572450634,58.81276216407143,0,1726.9638512334052,-399.63618561460237,16608.684725751886,186.51816637461798,-283.6731465866063,-352.16176239615515,HEALTHY
24.54417751835126,69.78387903852304,1,-123.34406404611045,309.0474430326539,15728.312280538556,-47.1422489713337,-187.89264839719652,223.8489835128192,HEALTHY
57.151062541998265,82.49306183306523,1,-367.0284208127257,1340.9111421797252,15688.658849189042,681.5714546437978,-761.2973700333754,-1063.837024654411,WARNING
48.295287180923985,92.13143804718672,0,1592.2701975074629,-1187.8131961115078,15051.515701435115,447.9320700064591,500.6656087238629,-275.345787376011,WARNING
42.14313393853847,82.83455527262356,1,-736.0602120763659,-135.01650686882567,17645.445140469143,574.3350337081678,-289.70119017654827,-58.14994292860696,WARNING
78.49411217868737,99.83900117827626,1,1505.918211484444,-10539.87740644386,15652.50544226649,-1410.194971457505,-959.0153091600242,513.0774178115314,CRITICAL
81.09369229166745,89.42054764924849,0,14088.111051923257,3655.7106984951583,22640.479797048058,88.89583755101344,-1561.9505856885742,-1750.4184015574922,CRITICAL
33.40959586193757,76.79170287117745,1,724.6231467643945,-881.7991044667712,13720.345859562605,1.8241439003752609,-84.30844313186368,-89.25249734002627,HEALTHY
58.257214233159004,84.32229049878951,1,-566.7160717529242,-4324.764243566983,16920.321423743128,-308.7876394372754,-1052.8216931041914,-492.4667871669796,WARNING
53.80421553398936,89.63935676705424,1,395.24229101177235,694.4704959817759,19111.11255132943,-533.2413477149161,16.22964779416133,-292.38774077793107,WARNING
34.145928461104575,52.952782996097255,1,-808.2184087866365,709.9291292005267,17456.886742992894,65.08737188676207,-57.23372733759413,-422.9732590033981,HEALTHY
33.410819078058296,77.45371013592911,0,-839.4396538518764,-368.80824852207394,18638.536102107864,78.4005166893282,-313.80840226190855,102.0420296492822,HEALTHY
21.56723592961752,49.50064482376241,0,1259.5812444522269,2037.5456248289513,16656.267098802575,41.12186242859314,-98.07035350237368,-343.020028664574,HEALTHY
22.05634187118135,69.35532523210165,0,911.3627221747217,105.75379127148042,17647.706677654667,-169.26319549314718,108.6958757340186,39.962086743742695,HEALTHY
53.130661398060035,78.31106359549388,1,-3698.9380675479233,-2804.953555591057,10980.302816538895,-285.31061621175223,-703.6959890704919,798.4088879458768,WARNING
77.79389718892936,85.82446092067978,0,9919.869414833622,2992.360657690721,20302.457562022762,2409.7439843967672,-869.664670834587,-2544.9884433068073,CRITICAL
25.776591844848806,56.71535986470439,0,-199.98289855677933,-1029.1669107459331,16880.81250713592,-168.19627979730956,-80.84911983944569,53.09253189914542,HEALTHY
54.68230602128838,86.78279631755447,1,232.1195469655047,515.3249205776849,13476.364329366395,-812.683707953703,45.098671612554476,57.19834838215353,WARNING
26.807698457103672,61.62443977298916,0,622.8788238420383,-821.2186242087107,16511.18893875712,-24.737462680204793,-194.51629379313658,7.236788791320624,HEALTHY
22.560161529533506,66.51625009378263,1,234.8535989675112,1241.1972794100848,17602.148773194913,204.92226281952068,-52.323434213145106,-368.2363555993175,HEALTHY
58.07165970603283,76.98998828513231,1,-774.524467904992,923.010356227754,15277.359332802194,-366.85803640525415,821.6224935148908,330.36713947152293,WARNING
21.685790739833912,43.02521455338198,1,-128.54629325195685,-651.6751221564157,14189.617530179976,319.8941880227579,140.6285084440008,106.6414635798625,HEALTHY
82.53758644218726,86.35560306958726,0,1163.5288613036082,379.16162310136207,23860.98998726767,621.6767950775795,-1088.8020391578252,2095.6981137795005,CRITICAL
24.046244172754843,42.28347424357259,0,-1237.3416454470462,629.2489718935849,16574.937750773315,-178.91264648275686,-176.22142990529227,323.1917006677487,HEALTHY
84.79569302329075,89.56710852423572,1,10166.791973155807,-8265.897131358899,20980.019182765787,-1604.1099717561572,933.1446855142412,-2798.833199400388,CRITICAL
34.51796848927033,75.59345576353243,0,533.3455591395808,-915.2064123034229,17176.348408943682,58.84966255341128,12.531873250909461,349.2783275631708,HEALTHY
21.423769052325046,79.95570448133162,0,2449.4597989581002,-1176.3032569232687,15307.536919467197,-231.95088942042662,-59.18368420337696,219.87547763649027,HEALTHY
20.590877505392292,62.95799464276042,1,433.8854800016431,671.8865749515559,15284.93717942835,-162.41698638871293,-194.1504575126204,282.4894803182843,HEALTHY
89.72720849640265,85.30407059024138,0,4835.405658664702,539.2747224128889,16336.191850832714,626.8241053276971,1533.4242322644416,-1488.623575514214,CRITICAL
45.42300722354439,80.9342261705737,1,3480.2381103029575,-703.8217746608035,14169.178236337655,174.68950121528994,-810.2976404380179,330.40800202401687,WARNING
49.8977128220967,75.36133270191728,0,-2770.304910272927,-4710.540671304931,17900.96161738584,60.215697528626926,383.2753534973959,92.13448229225286,WARNING
66.99424494375485,93.30840082624019,0,-2076.850971584476,-11396.73150976848,16373.47807070955,-1497.657251401778,-1668.5673608583281,-1863.1352595506396,CRITICAL
31.49235652374167,77.29775913509403,1,785.7412897111967,1354.32989677456,16139.220142094537,98.33376640193812,-571.1978485722393,-86.5856640796848,HEALTHY
46.047672122248535,90.91413370189674,0,-1602.912323492126,-662.6624922214485,14127.36410003045,1888.8301851559613,169.44946920157716,-595.6825564770954,WARNING
69.83173067257913,96.28332882646565,1,-3299.1121686364727,3666.482585363739,16195.976260437159,-358.5250713409517,-314.9580777566889,-654.0392907161346,CRITICAL
51.434746223206446,81.24366433643021,0,-465.96066168924364,3147.9961183400446,15467.146817301573,243.45263572575303,-37.71066543086354,-13.299207093533699,WARNING
86.95346727168193,93.0492560404639,0,4526.794973610714,-9040.809869011744,15102.218149087686,-1857.5667399668325,1136.174841223347,1846.3067010100883,CRITICAL
54.53117574448524,89.22045435204488,1,772.2407331732425,971.2658096485824,14371.005285694726,101.05080175780309,-657.9070540150368,-737.291310434118,WARNING
65.46570731944294,86.703747794083,1,5048.859116800266,2717.083482538914,18191.03765732492,-113.8916292767851,-815.6139450944073,-2779.9982991605166,CRITICAL
47.763620020913585,83.42459467370992,0,-3156.607212601382,1593.6409998253666,19695.286492721276,-250.8756877276254,-1302.9763277594036,252.32883897476202,WARNING
68.22572242097671,97.01631775023863,0,-10169.673524540256,-4296.232380812271,21739.807366809353,-2202.849870305391,3487.9563370423148,2017.8049607742191,CRITICAL
57.94077032501369,93.03483352081284,0,392.20984435522274,2237.2721698732717,19089.464927910827,-308.3634971363996,-299.6533381541802,-64.41717788460302,WARNING
31.16042870521515,68.44003847799245,1,-106.48788318054717,-453.79248516408376,15810.069992032642,218.64742151644197,380.88670163494817,-121.07858478550781,HEALTHY
48.699182127024336,77.23945940973987,1,1892.73046090124,-4309.785119575098,14263.507821488676,886.6089977728984,496.01610658391155,204.05566194726663,WARNING
53.70945170090682,77.40799933362575,1,2056.7060664353594,838.2931409932694,16834.762628343757,-669.2949920709774,-413.57284366400046,871.5287057562796,WARNING
53.52916468925806,77.51794707409974,0,-490.25070529283397,1494.4266258411906,16365.717049329874,982.3528101611619,440.1643055492953,-103.83247441084,WARNING
80.19270418435254,94.42960977510714,0,4060.5749759859887,8575.088808467033,15052.131865340469,2511.2832548459123,144.20627296704993,1247.6070699210159,CRITICAL
81.82234509973222,88.55403819133724,0,9596.06947650899,3074.375802443682,17138.575487356353,-1871.7139361092088,-923.7284363395589,2178.3182892035443,CRITICAL
47.12278324029936,94.27535299884617,1,-3815.018635374685,3526.498540024459,18520.465312831402,-1598.4618601481286,152.56280757205778,-263.7142335911439,WARNING
54.47605553261047,93.10937384274831,0,-4914.401320268681,2890.891292976961,13551.723084517573,-526.4131366668508,580.9005542357181,49.17072189512909,WARNING
58.240605129027486,94.44657420620787,1,-1066.0307000865575,2006.6459702708794,13500.112921327887,71.42199172732283,384.91765927413144,530.1831777644118,WARNING
30.7265024192555,63.72632876157873,0,938.2219976557318,-354.9374514322821,15864.607013585624,30.688195190854334,35.55578458597618,10.81536396939427,HEALTHY
26.19141693899039,72.09417316637057,0,-535.3281859539227,-90.53328230416078,16715.980330569015,38.09993595581332,141.8903634278079,-87.09727411396867,HEALTHY
56.898989471322054,84.5037782449403,0,-1299.1861955090883,-6445.7321253513255,17496.145551495807,-26.782897724909105,942.6711009808023,261.1856779637065,WARNING
54.20208189185663,92.69659390291343,1,17.74600044389844,1987.3473224390984,13348.379274358473,1106.6717689172742,-396.63779930617744,-445.6859447975397,WARNING
73.9799823910802,88.29524325437909,1,-1127.129811758143,-1041.2648511174268,22864.851820646196,-1162.5276835145733,298.32470371656177,-2838.253245534411,CRITICAL
73.82832687858532,89.63163664542996,0,-2730.327792002488,2060.6961958028787,14353.525933560775,-3427.791095404881,405.4962783278321,785.0800175997914,CRITICAL
57.88215196795895,94.29160371603305,1,1288.6984149124958,98.15242257632178,15477.21922903125,-277.96042887368924,141.0237806904805,292.6342778949706,WARNING
83.6958090233722,98.43152651134159,0,-631.0765007545407,-3218.6822337822928,11389.761577038395,-843.1214773022691,3041.260158941208,-2133.030220661562,CRITICAL
47.079911390893336,86.0872808165682,0,952.6630992558785,912.8257808099011,14248.113732343594,920.6993215621518,113.42515742362086,916.1225912762991,WARNING
81.7443961509341,94.7551175389665,1,-729.9307366087953,-1487.195870555994,18983.120172282037,-971.2593538124322,3089.690461058641,-2065.4819914715204,CRITICAL
27.809830306011673,69.6880403648453,0,-1182.2182300416885,401.06461494428413,17226.248234759783,120.99516910593518,-68.98746514630348,54.98671320357828,HEALTHY
55.53181791966642,81.42481755577174,0,1596.3582931689975,4244.059449273353,17214.203653542027,452.2907732169201,-224.54870329639937,-953.4303595983303,WARNING
83.35142760825501,95.01822907752043,1,-3378.397198770612,6732.850403517146,19231.623538208565,103.43576962637462,-1405.6656258708822,-188.4876870495032,CRITICAL
28.90341403068179,42.9232624810806,1,535.1414354553207,759.3879393091571,17745.21011532112,-198.9999786420716,105.19551168352335,-24.34079088357343,HEALTHY
81.60180919209638,94.17470999106398,0,-820.8453688791553,-4230.576340113405,13525.226592962666,-1334.1718402715965,4458.132544779333,237.71002088232,CRITICAL
21.66594954922482,51.14271812822638,1,-901.3697148422457,-406.6687190384437,15953.350747246173,161.269682214986,159.3609666114131,381.0046167070837,HEALTHY
20.823239219697125,58.205747401446246,0,-1405.15992236446,501.033343517345,15341.515125772861,255.58536584763303,-52.205450649359086,26.996944163937712,HEALTHY
59.90190085226362,78.55506407231073,0,2857.0758488905863,283.53799549539525,16488.548369738346,-487.8062101172772,788.0297943224709,86.13555059114572,WARNING
80.56070380174144,88.82502637040379,0,-7231.48298699375,-14651.493377548939,11332.14082562739,-888.3348427274282,-1396.8448773812368,-2277.896413399935,CRITICAL
24.852505923672105,73.3721346381907,0,-15.309849172995557,579.2914996010884,16503.580368414154,-194.6137881763111,239.31430033289826,-31.705914605394003,HEALTHY
21.80508143052494,41.87781428591252,0,-623.1405264247644,-555.4771191602547,15746.612872693482,237.80330622151035,284.100849597971,-114.14925874989525,HEALTHY
48.77673476168262,91.41296360098764,1,-1436.332218376085,1791.4841304478584,21129.45193808078,-593.5814598038264,343.8821179788126,-494.4624466547753,WARNING
40.87040370711526,83.0089045290377,1,-3430.648631024485,-2783.141735052483,13786.13467409895,477.2482272842407,235.9340835913216,113.55722936471187,WARNING
73.81769575770862,96.77149316901959,0,6611.506983848296,3090.6717265906764,27233.34405489489,357.17719766730056,443.6222966619237,643.4427440315975,CRITICAL
70.88173594616767,95.83417148554524,0,-3582.4599703473277,5683.926238218596,13221.495738031666,-414.23323299502175,1981.172490628147,-1976.536221645198,CRITICAL
73.60034270677973,96.40684659039799,0,-6768.212533851978,3489.7320784794456,17879.249148285304,1332.0209878098863,1561.1345616412611,483.41548519737614,CRITICAL
45.824586564625285,91.15023192610298,0,-1183.9302748480236,-2396.080263128448,16548.769548026317,69.52552882676741,-425.417126300204,-181.44597937533493,WARNING
77.5825193897907,96.36496116977591,0,2129.5795403558986,-491.5384490793401,21732.037881068787,-721.4611164888123,-543.2559594879395,-1332.7428154094032,CRITICAL
42.048842324653066,89.19534567883107,0,-577.2501870137324,-1055.773813869015,16430.03934558244,-632.3798563797317,-881.1391084363582,-166.6430420428665,WARNING
72.26655303370659,89.5779075165993,1,-5859.4002166611635,-2348.994262707055,21608.108736954408,491.48333600368346,4225.048066969883,-2443.893454259962,CRITICAL
66.43310677161014,95.77711322163888,0,-12752.88125051517,-166.01918975650267,22840.246382587196,801.2226800741803,53.87557526463944,-1851.2851705042485,CRITICAL
68.48542467663988,99.44736285375912,0,-332.5443718945313,-2321.045747919034,8738.276661694457,582.0192544948845,-1647.2862597112878,-1429.8116940991627,CRITICAL
48.269825829873604,82.23110991740523,0,361.7994949944688,-1371.1615680942377,20394.711620309245,78.89441821652369,-368.58318488037537,196.7247144426619,WARNING
26.174831906850535,77.39977727355061,0,-629.2633936927887,1533.7277099164992,15848.198536947702,-341.4715915185893,-223.30488798973184,247.16232400138773,HEALTHY
28.486209598267187,68.58809265529031,1,26.572283441846892,-266.9927901757874,16328.685441387848,85.41293125434201,99.56383535165891,8.67144254878589,HEALTHY
29.977958310443,60.92261699076477,1,820.2457394862557,-1707.2771556275986,15883.213617582405,381.4037803821111,110.50663046948806,59.11009019583054,HEALTHY
44.95300196949209,90.42760377440456,1,259.8840253300045,3113.394912542703,16916.120421509448,-323.6753917349593,-1103.3642189562056,-276.1650558870839,WARNING
80.53387887481387,91.29125393345339,1,10386.59016063613,707.3644365800545,14702.63090740746,-1117.4365077079724,-249.7118142150116,1503.0668423066543,CRITICAL
82.69322969516551,97.55844503543099,0,1298.228917074988,5452.699978680796,16575.02535451324,4.9235709260629665,-4463.108440778733,2648.0896283242773,CRITICAL
76.04621423778312,85.707093604431,0,6989.31977123426,8334.208053289192,18595.47819272139,-1963.5847005457401,-1755.4545273735982,-4736.868871424063,CRITICAL
28.72346306656983,68.58782700942936,0,1003.3827642199402,121.81470577485806,17929.257169754743,482.84346244774656,-94.04871846065626,-85.8127753802916,HEALTHY
81.2455584162492,99.11403214187972,1,-5166.368014650682,-7483.067761432272,17322.092199402887,510.99668761009076,-2489.4996288561056,1571.4880959191296,CRITICAL
56.886670983986754,90.31704608074018,0,3585.0941613039595,730.9383499699995,19717.50058583181,-959.9893535546522,-1281.0297168785773,169.85103804026414,WARNING
69.78348007503352,88.8503172805387,0,2070.517116090495,-5591.946751701237,23651.592978958077,1597.0098092313378,1831.0595834494861,2528.1003410143294,CRITICAL
40.067576936168244,89.39660623499907,1,173.82446092950448,642.6424241096713,14369.245894852816,-66.06750451385096,-599.0044443275814,280.58704625216836,WARNING
75.93050319145503,99.11770614023901,0,77.05953120702837,-2916.1441191708223,12949.125903051836,4107.555078372854,-1823.891177710201,-4423.027018515519,CRITICAL
49.82535256980002,81.06968417103121,1,333.94772570095057,346.3182152617994,13535.38145618613,-235.86424584006303,-397.65806244164696,452.51072397755615,WARNING
52.0397558929442,90.71235508037287,0,3559.884613852917,3534.424120728147,16311.068251933599,97.52374151069188,777.6378013141032,-1050.5614106835224,WARNING
87.24339006259763,99.75280461584101,0,5984.664958043376,2322.734511727527,17947.1896872494,-901.790157853569,1043.2883663153793,3103.5449954861756,CRITICAL
81.5573478566493,96.88383232267272,1,-1764.3249835171932,4154.697558265288,16415.328492053624,-1182.672033604742,-297.17901991488566,-1217.178931900318,CRITICAL
67.8272072232707,99.88400549775248,0,4811.102893504313,-6011.998909055609,17836.393728125873,78.12902146804777,-1205.167626361415,2759.5001277553647,CRITICAL
89.1005180739307,85.32912201396346,0,-7554.938652844622,6355.49494096654,17004.71162626292,-1093.3153571572846,-116.39302555962668,2392.646655771433,CRITICAL
84.34980176417864,85.12437712227468,1,-3602.681793532049,2236.6033456584137,10944.953314403378,-1450.6800816295138,2689.9193323482973,-1226.7512569463734,CRITICAL
29.217286662674468,63.24781694883826,0,652.6464071770783,-1137.687456550734,17596.608237420456,346.9663782454455,233.00642096789147,-249.11878232291102,HEALTHY
26.22745379906156,70.59515320353874,1,995.8934155892449,159.6082474008315,18150.05030405229,557.209987562665,307.6660878105105,96.10373562164489,HEALTHY
55.49353536746908,92.180767390926,1,1086.993404968994,-3445.7629335617053,17931.796280723596,-61.73329768714606,886.9509048208785,-488.55384953474896,WARNING
73.74628467575982,89.61538365479609,1,-5920.043841539731,-1416.2123727699827,12596.377693001057,3293.9487652584708,-630.500726245702,-1835.4761632911752,CRITICAL
51.92681530220206,87.64682081465817,0,-1933.5373165375397,1620.931944274475,15416.5379028046,623.2856036307888,1768.9072928300236,-251.17845966048466,WARNING
26.191903259101284,68.19702198755812,1,-1557.952317676668,-400.38136018331795,16883.73762011211,106.51902187411024,-217.55618705235236,185.89650146895394,HEALTHY
57.48594154149925,76.19279169257543,0,-4156.311255340231,-3742.4724721607477,15450.815355011615,-1310.2005838068283,-482.85128131037374,-957.774471486711,WARNING
85.76963235429933,87.50187577074885,1,-1244.2272416174128,-4262.04142001457,21463.78972619893,976.0254308037354,1791.8692107366464,3820.847680747851,CRITICAL
26.842381116797338,59.694303781179585,0,-601.1265526688469,1165.9165202552228,14717.236593210802,-298.95122928992885,27.319479117750472,5.077055594454343,HEALTHY
27.214124121264554,55.052472678199905,0,1533.0039507269396,1212.7375142624296,15758.78897095086,-144.98664028042705,133.73532507026343,52.01212762256442,HEALTHY
80.41801370196124,98.46292989153336,1,9503.713000028838,-7906.667027577683,13760.45270068168,4867.791560107084,-1376.8366438664227,3239.478164768627,CRITICAL
46.639667890865766,86.27317399270031,1,2743.5468901405043,-952.7397706566242,18454.816811884648,467.9508069582431,444.7929975588275,-836.2384023142865,WARNING
67.0189772485572,87.84108219710657,0,2034.8501172472204,-5943.883860552356,12939.611718591772,-3672.9776771408533,2754.5278076264676,-2599.7488147369045,CRITICAL
54.785303014516955,90.96404267962654,0,-3767.3057478450337,365.5369909438982,14872.202833411306,440.6908562460848,-619.7285025526422,-540.8458227571703,WARNING
80.06540692336728,92.87809104185632,1,2475.972235334999,-4356.61061437462,14966.044683190887,396.1984167160795,-6979.560138538739,-2502.0495641833427,CRITICAL
75.42588061282927,88.35539147147071,1,4922.851530362518,-5679.811441344561,23534.935130932074,-1152.1865597446647,-713.0306160395597,-1876.8828075402275,CRITICAL
24.27309352942884,52.29159859705146,0,2455.776199562555,978.8935399127254,16638.24920413493,-95.882371763619,63.24001524091217,-13.278080818627307,HEALTHY
66.67473981281574,96.37826121207614,0,-2981.548441031408,-7479.150481299586,23223.067107425817,390.08466935818683,1004.700447821129,68.65621595289807,CRITICAL
86.13405391451282,86.75087260616135,1,1546.5873204513116,114.58027387254769,10586.449674039828,1335.9120898421984,-3412.750332403037,-1946.6077833855547,CRITICAL
56.78806687789011,90.24839243291447,1,-4040.6653644177322,-1582.9076790370113,12684.308259059244,927.0542725614266,-25.391440409372187,-200.47254166294363,WARNING
46.95048774169831,81.58238307395213,1,-4730.083931214175,-155.34016617327129,16955.20544429548,-60.31347286964619,-394.1567539366616,-662.5951629694704,WARNING
23.620245557562498,43.14144971171195,0,-236.1922166164576,342.4984669104141,15514.221967194964,219.44160911284646,86.40578799650652,154.6395564032926,HEALTHY
32.62159639934367,64.70778344754363,1,-975.9493308596469,662.1648077773684,16366.748307135756,-80.410957106807,-322.91988159402194,17.03740162224652,HEALTHY
48.199594517731335,91.76965381131649,0,-1458.7520954118736,1375.268483621119,16497.47736166856,44.6682102186421,-679.7512604046334,544.9233952070043,WARNING
56.45072037826944,83.12025072376439,1,-476.6268704697222,459.3098796941787,16072.75482973437,675.6311050602275,657.2935910470472,82.547197301995,WARNING
82.03824327811387,88.16803737023574,0,7978.384748522514,5631.1844111271885,23806.467678992976,1318.2409483376937,-2187.7517705604737,-959.0540799666525,CRITICAL
87.57413567227259,97.48491879969106,0,-9940.43072486702,3802.007647491347,11024.603298839847,2924.95243278835,-737.8651819480609,-1033.037867751207,CRITICAL
53.9716054290558,87.34913160795521,0,495.1423147128755,-5085.889669710907,13942.936150671005,682.7350144221317,314.2599027350983,1223.6949007669991,WARNING
69.42878048765081,99.46338933815126,0,-2133.048996583088,418.93360501190205,17425.47820591018,-745.988400808624,-3966.9774339134588,887.7803601003924,CRITICAL
74.1811459562405,96.73936501181662,1,2718.3093975715346,-1436.2436546924253,16645.767826596148,1867.1466708965963,-3893.937191476451,1233.9935619181506,CRITICAL
30.326019360640352,46.33809760723052,0,183.79937299342978,-414.389791965233,17240.996244916263,30.243668799027958,18.901530609478158,-209.65023274381034,HEALTHY
59.90103506550012,88.47308661564486,0,-2048.4256376980566,-1838.0011428837347,16562.8667675825,1506.6267397604202,148.71364025080342,1500.213062615297,WARNING
70.98742081252522,85.0036793576799,1,3249.844810583947,-7832.933472741594,14183.87475287779,618.3621539647474,3274.009011004763,1702.8311804533462,CRITICAL
25.10982615930949,42.56338350416265,1,-412.3466934234074,-601.3004645117327,15640.283914705502,102.82916528120923,-258.89867097160226,-163.66749666725062,HEALTHY
46.97395790723273,83.0029910781169,1,-599.0754190765177,-558.1206122459287,22044.483209577247,38.61577944276766,161.39944923653553,-147.298009291462,WARNING
44.86990518370364,92.66351941228646,0,-4133.412255987816,1023.5938858040957,15569.615002345672,-642.3719103266359,-1851.1496691597783,-625.7058887327363,WARNING
24.655971429437674,66.24444601912668,0,1639.3038833690962,1078.719050803015,17192.662765497287,-38.83594745257291,252.39342319927286,129.3337493166662,HEALTHY
32.88047181866861,74.28923749479165,1,436.7435407834821,-239.99821764655704,15989.672700764826,-30.370672345298637,-227.9383410094415,143.65488139489202,HEALTHY
79.74706127292578,95.55914412710261,1,8219.62031920961,3029.9517894577575,29281.330535368033,-1474.0033696055002,3016.846257249817,-1457.6459810036433,CRITICAL
68.63540375231537,95.343959354916,0,3139.797419061217,-4232.456800924417,18139.83331737794,531.7840859265871,278.22264104019513,-1894.8879938124437,CRITICAL
56.26506314690041,88.0033836317534,1,778.4748442410679,1173.9912082360022,17487.099555425677,-124.59034556594155,-1368.5602797427048,-642.3311923744325,WARNING
23.176330259982176,59.38406348075459,1,148.6674572021117,-337.08597111803965,15770.59733645906,-60.49393729762566,-77.63536370824575,34.083244475097544,HEALTHY
26.067792866873525,54.544457967602554,1,-1177.7456475995066,3599.4667806973926,15847.98142121961,-41.81598361524148,-27.359647997072518,-169.5906113138071,HEALTHY
86.63937656742802,87.54692507403519,0,-1824.2183552354113,4650.084634688991,19261.394343782576,1571.350767502976,-478.085486763648,777.1979008500352,CRITICAL
46.34147538726116,85.79013147968591,1,-1193.841344229864,-2641.7445954340415,14154.560422437486,-1474.3986719234963,424.7573101248997,407.917738662083,WARNING
28.352018936875254,77.44619096643123,1,635.1125509019791,-1080.2008700404854,15078.302445958909,-150.15236861353455,-205.0999739440313,-236.60792226701057,HEALTHY
66.71516591349909,90.52537370922867,1,-1441.253226015121,5586.071129214626,19342.705163296032,1911.72121304996,-1619.5210831998647,-1610.8033401311613,CRITICAL
50.54746579941682,79.81369818446682,0,-4688.969998269068,2775.845010407078,18032.315974093446,-646.8656929239296,-137.84765853542655,-625.5103243985162,WARNING
53.947161336675414,79.48961002465457,0,545.7929826758118,2517.0763572826736,19744.553081999642,72.98151631077154,-409.75157613418196,1024.9879188885202,WARNING
27.539451734318803,50.31113952815965,1,722.8268949855121,111.79915820338826,17391.15720059667,103.59895527829038,5.240950554807125,-60.71286505318294,HEALTHY
74.60576345098373,86.73801991287078,1,3601.8827494662464,-2729.7087155848444,21640.05970234983,3593.511282668154,-975.2596360285432,1560.8831962671038,CRITICAL
23.982488258274234,52.10368610656463,1,183.4731187115672,44.802456387939664,17647.85383991012,-201.99084053523197,-145.74587853080453,-169.30236888872219,HEALTHY
40.08254309349208,75.42049614439205,1,1215.5535806566681,6320.950686117193,18269.68285703098,407.18923471970805,-416.30475155263446,1291.1882873391094,WARNING
58.46451756972465,86.92759665404732,1,-1962.7701641075764,287.2305249978952,16702.12953717234,387.5730752169505,-147.54225520657008,582.4592374654181,WARNING
54.75906240505877,90.34556602107297,0,2843.9525466540017,-3211.381022290144,16124.274289380959,1655.129847224005,-363.85103162635727,-890.1887607753795,WARNING
20.715741915374732,62.64148841976305,0,-237.391961206669,1872.0056804723042,16364.557859100452,-186.51833131221622,-258.988494895972,-21.023700949282745,HEALTHY
46.8718084346661,93.61615307705968,1,1084.330985070047,1530.6045036194405,14106.051037141004,-641.0682629228672,182.72798781083495,261.0785360467019,WARNING
83.33951972214845,98.68303432037399,0,915.8637450812416,6631.781264133354,17801.801721653243,-3067.3952234939493,1877.92365598262,2603.893718845257,CRITICAL
42.65138806690269,88.19456280809769,0,409.81015898357407,-1856.6479144309455,15118.77677202028,-793.1296431642234,-157.27593114090908,752.5148501576368,WARNING
34.35201327689685,67.07079617697214,1,1912.3176398399705,1065.227082546918,14591.954899864784,-89.35470235798154,240.98458435571484,-239.3320938427044,HEALTHY
59.27558272832607,94.33245220319527,0,-1622.6908339165982,-2327.913151942401,17577.240022023558,152.25944715714982,-552.5466561318041,-1006.8987031427829,WARNING
88.28194015345689,85.97959715004896,1,-6430.308476089343,4906.783491214325,13007.787005400978,-1314.7633157369123,-1733.3572427065687,-1518.914639967327,CRITICAL
79.10578907143929,90.8582147008669,0,-4307.668873554941,2176.186867091613,26742.7071517692,602.3792923122476,1259.4130583456265,149.46007778686803,CRITICAL
46.8397161057597,92.99170432924191,1,-2162.8109008109795,-1516.9770584482244,16949.47474639032,63.694466663594476,-269.5817363130434,614.837331913406,WARNING
75.68277604468717,99.70810973021041,0,6290.189313812539,2130.2860287305607,26461.01105529515,-600.9931312502813,-979.9339049450733,-1468.910981609659,CRITICAL
41.39625381696674,78.20507187871542,0,-2300.976069589082,417.39903598948393,17508.32118876528,-867.3896167315877,669.9257810953562,-138.76655775679393,WARNING
21.514124383345983,47.96045177660753,1,171.5095481948434,390.94059828091946,15917.1093830592,-125.2582844375237,-84.94444322774419,99.9933384519699,HEALTHY
52.542767881222346,81.7273742376742,1,496.80083843722673,1169.0267254329956,18378.29949065234,-914.5822094591608,-215.91695510852253,765.0996513888873,WARNING
31.974427684501627,65.99855723111061,1,-555.9448977746174,-127.73482846388582,14823.442927562732,400.06961782122073,-240.02634754603264,240.2760888435382,HEALTHY
26.18604590701799,47.83022425622499,1,-262.14514386790574,2441.504342169468,15985.85798941153,-122.38442428235403,361.9029837037213,-294.847455779082,HEALTHY
79.60881006562215,93.85474804748473,1,-6299.481272217165,1615.410797317548,16641.443957006148,-5.371451726484456,-1036.8712637550077,-1159.7103629266567,CRITICAL
65.67260384624085,95.42442431341227,1,-8470.382716145534,6063.230661995048,22597.59440152963,3128.9298057255387,1787.784869369094,1833.9404255636216,CRITICAL
21.786598038150743,45.62188511982172,1,630.1487764278614,-1876.7187306827366,16794.53201440925,176.05701579675622,117.73053587648697,-16.785450974535078,HEALTHY
54.961787314062526,88.32853228297826,1,3811.4825751064095,918.6616601397893,18199.45330248834,-1493.6033185788274,-640.0307178833326,25.84944267918012,WARNING
59.22207749941073,78.73668999868839,1,45.70021439705312,-3423.0677836764435,15285.114112285599,406.3629819169932,-439.8315842126857,-140.16333477301868,WARNING
65.19312853133424,90.15963996415857,0,-760.7782447242353,8841.02313017952,16813.645973603336,-3910.640391657983,4916.773325655331,92.36520438054946,CRITICAL
44.1748506685678,93.88532319311102,0,-191.4714007933777,1507.7785616712335,18110.49967856709,1230.3512425074732,241.69627295665381,-848.6008291684213,WARNING
43.795271162920216,93.53001238088443,1,-3679.6476692940537,-173.05164740815457,18339.625099850615,729.8231021371205,-323.84163960665234,-221.65661035517607,WARNING
27.28384549489097,41.10146879477862,0,-1114.7477073248892,97.6758555602795,16269.712044398115,-31.459485040180507,-29.705510472326562,147.27789403691955,HEALTHY
31.243183463316278,67.98137030462095,0,-900.5903525360619,-1132.7849512677453,16734.370216386338,-168.86480743661429,20.496928431641507,-96.56551816138366,HEALTHY
22.492774994146238,53.30917906041516,1,-1980.1504590549873,-501.72890492887825,16312.462787935487,-128.664879152931,-154.3090173902974,-255.50716442659095,HEALTHY
81.3745173509722,89.31760439615203,1,5569.643738778637,-4272.456685895916,17551.984934618595,-31.2208767298656,-1473.9775696968768,-4555.230613421199,CRITICAL
41.483452605698446,94.84343428896818,1,2829.475164947312,1115.000697326012,20929.102196347438,68.92921983575953,-785.1868524629714,-765.1387735521445,WARNING
52.5540082720148,82.51297470986002,1,3996.6041722632635,-1852.9642911250387,19908.70042904508,23.49448840985134,-614.8291010401847,989.2498580435138,WARNING
21.935546133341372,57.212657121695635,1,1486.931771930207,-1106.295435963263,16261.238213262111,-43.18964922683535,-34.19423103617772,366.04767104661266,HEALTHY
26.87974847121614,67.07907009244114,0,-1478.7771238462856,1672.2659040975277,15646.620096502042,-166.8369697465248,-453.21041882985656,-70.15564112031083,HEALTHY
75.44300305133933,93.36257464592212,0,5164.678982674239,138.9755138408126,23936.485944530104,1182.101158318443,-2232.869363655582,-708.8099666808467,CRITICAL
46.072100941741844,83.21804117977176,1,-2365.822433968282,1517.0627811033457,14002.057109988833,650.5583248495112,152.40683623148973,13.140766687220347,WARNING
21.933195828659738,45.1218335583109,0,1611.792765718436,-812.9555481186534,16944.22571097072,-182.42565132189975,199.42304437956403,-47.063748381450395,HEALTHY
27.840641811014017,40.94367871123183,1,709.3525144553172,19.458255518883117,16245.487755392774,-84.77800846447052,-61.03776909615035,209.38235889762788,HEALTHY
48.62164092966981,83.02671886198851,0,-162.2818318625525,2106.2827705904897,14651.96347987477,-304.5995465815535,6.666910553525399,-102.88388743299589,WARNING
80.8689229889955,86.2209113201184,0,282.6281865558801,14538.636783681324,13989.832410700477,800.8639877125605,2863.778127549027,-918.0089204458191,CRITICAL
29.34706780621738,54.24269196476579,1,-590.8873624308213,288.2291303452953,15460.527583158166,-231.79892010479898,141.90723414528813,123.55003561745686,HEALTHY
50.017298833217765,79.63401316351717,0,2640.7212093653075,993.8193914328848,16417.55121347116,-9.298162271316563,-668.1070384036743,354.8410040954175,WARNING
45.99826096954134,78.63653992482303,0,-1493.1973396156193,1541.448380768178,13116.254139002169,130.24790272938282,393.10142939977317,-139.0683936760321,WARNING
88.34833627137435,88.40721889672982,1,555.3637030286085,8116.6450545254875,26015.188091257154,1590.534424964408,2449.962816111769,-1981.4270427761887,CRITICAL
67.49644561180064,97.97715972156705,1,8332.33467471673,7225.677402110401,25642.769108041262,2218.2170249954775,-1052.271675382281,-3709.8292473299334,CRITICAL
46.74173681762147,90.19185765475949,1,-319.065446626213,-460.6149471351186,19399.214718499392,8.644782990001556,224.00491884958183,697.7714026771743,WARNING
29.234179278835384,43.80185834646743,1,753.4174734210927,99.82631509976791,15716.66661878352,-448.3831869017826,41.09113740726057,-155.12132092047824,HEALTHY
70.34352288723301,92.78965962095309,1,9243.314303085668,7589.825364205762,20345.279254304503,-853.0106393176784,1169.5442486728423,-476.4897556480674,CRITICAL
54.37728145767622,92.5206574304253,0,-1739.8410061267866,4980.914159614862,18887.507275575164,-320.14994827500345,-542.7284674783397,784.7274846914463,WARNING
25.326976460385744,56.286571938685,0,468.30079582566043,549.991974843654,16867.7222234884,-226.6091010678907,97.40692703242203,220.1291874271405,HEALTHY
84.76837093226787,96.17288099088333,1,-6522.181968007651,1278.5434492138259,11782.352425701623,-1051.9054795885884,516.9203486381376,-652.9652475591122,CRITICAL
42.39880367715072,89.51787321167271,0,-1196.3856667942957,1289.1515752084856,20438.68436946263,-363.88390200765826,-932.7148466987435,441.9930243906845,WARNING
65.02728852557392,92.95353539088836,0,4782.389828823088,-10381.6531429231,20318.792020978002,-817.3249374851846,-1721.8171626435048,-2802.4565433407506,CRITICAL
67.64421990655546,87.12908536087392,1,1543.536282176021,1146.0458057728056,11974.539096202425,1099.0533488592873,782.1630188334344,-419.9055672822393,CRITICAL
74.52701926605765,96.22005473453304,1,-5915.328727299996,3182.649129868478,14768.383453884227,-1362.7784388471744,-2723.827056984667,1342.1233168875372,CRITICAL
79.12039454979927,97.07218691467357,0,-5136.645915938582,540.5008652406422,17396.335464075266,460.36161245844005,158.14771592522624,689.2186411882196,CRITICAL
77.90789972122795,86.45079750326694,1,-1059.1049203183866,-11712.835006556421,15813.283729275348,5.843484935267451,1794.9650013017435,-2854.048923676144,CRITICAL
56.43293194329,77.445774423612,0,-3086.6038083927237,-3122.0078312242063,18969.798541004555,-1205.4711372714012,72.49093074812467,-58.26289718945975,WARNING
79.94058121392447,90.18573541714326,1,-9575.147879799155,8218.827271155553,20922.48728831467,1214.9671200336131,2639.9928970393457,1446.4919608343955,CRITICAL
26.163993574441374,65.16876772033169,0,2048.6315307977825,-1134.665329881441,15431.443882005347,64.2995805109414,-163.28046966038374,186.7167540800548,HEALTHY
69.91772613051103,85.01012094229894,0,-10368.943917615328,-4462.2779867196205,12969.48801711794,-3772.322685540759,2143.087940341265,3107.8308309110125,CRITICAL
47.325060119969486,87.03097012759412,1,-3270.4723245507657,566.5910437052457,17014.922091968387,-711.9346170659342,-354.23213502935994,105.4035644519383,WARNING
23.82848651516425,67.02576255459554,0,3240.1391486368075,895.2052350186248,16986.96410344126,159.0373723283041,-153.91869290046142,65.20887527317184,HEALTHY
42.19249972660005,84.7978828426165,1,2627.4101379159147,-370.1465305970548,13475.092050684883,38.98128994939502,-482.2548774173051,1561.480558910003,WARNING
82.46820171398375,86.01827067798548,0,10196.519954410142,-2599.1624960055315,5042.772060106425,1630.6028453204083,1855.5125096950574,2284.003276164698,CRITICAL
83.56585707168801,92.58747905708606,1,-7015.267996786141,-8227.180573804248,20770.65486532545,-819.8627158495233,-1447.0837274826113,-4054.3255419102647,CRITICAL
32.757563424928954,69.63477073540871,1,-676.2412082424238,-1094.3647975501433,15795.84564301225,283.647756581258,-216.8420159559625,423.3493642959301,HEALTHY
24.67166396068462,49.09582483508451,0,-588.0868263145528,-133.40085789154404,17454.996467205256,-116.56012028259953,170.44929780605364,-464.1474747956261,HEALTHY
77.93924297868983,96.78183952916419,0,570.7198139135583,-716.9907489237696,20456.10438890519,1104.3064263464655,-1215.843451837038,-1648.0622318508047,CRITICAL
54.57668294244607,83.82720157371243,1,2623.36636399258,-486.4272436938212,13135.690995543026,-255.04843692057048,-408.10822416631987,-607.4170921989036,WARNING
73.15590560354853,89.0404745483071,1,-1191.6943372707844,-6015.251772029576,16390.965920325234,1383.4102272159753,2707.4196799530228,2949.387970691365,CRITICAL
30.349465356895436,53.38941306317116,0,48.87321519441653,1234.8505377345377,15987.78898797856,-108.7133680493167,-267.7548041779765,-44.77184652350501,HEALTHY
50.19553689407025,78.50909940393882,0,-804.0189492814619,1202.3866418332307,16058.092246713471,-621.8365899693188,-676.6837809764843,367.71651993297456,WARNING
51.709033937148774,85.04603810328892,1,-2096.559183998827,2948.5611703510694,18525.149532871965,-9.703494152989949,-605.6463376965727,-537.7787242742388,WARNING
65.97934267705476,98.63056786295189,0,734.0593049184912,4695.924308241952,3950.38398761224,-272.2660084568447,1035.1989628330512,563.5584164728448,CRITICAL
48.64454150982085,88.35867470911485,1,-425.49860969599314,858.2848647528864,14121.988500497007,-115.89943209737336,1351.6889449847702,-44.201038143320105,WARNING
23.848441755520458,78.51707500950319,1,477.0037193950731,-2276.9126980996075,16631.49779683721,450.090953563254,265.05381020766623,84.40263214139374,HEALTHY
82.30465720950292,97.284644770249,1,2563.1917059460866,13614.187282001934,22539.916563287155,2510.6001389076523,189.65974547945893,1826.2732978529828,CRITICAL
26.592616706713276,42.689625362081465,1,895.8362923539669,471.4855520272297,16871.31648321891,-72.22182384358918,64.15197162322798,-167.9675741560781,HEALTHY
28.36891167726051,63.38672360663299,1,1155.8850841926999,-420.93888569228466,17492.33768663715,119.35655593499528,185.32110160888143,-219.71016816127897,HEALTHY
25.351299900403838,51.23738038749523,1,-953.0277892165022,-1047.870602581814,14508.323227793482,-273.35642777725957,127.26102166903405,-181.34413371598598,HEALTHY
21.038451886184475,48.41546217976496,0,-431.45564455988483,-2120.0872151201743,15647.936346531485,-62.18750327021877,121.97600943808378,-7.985292674672754,HEALTHY
26.936852255977218,77.63863151371176,0,1058.6190526405767,-1614.6269571095443,15194.597375974568,53.59426876502693,104.07608301349573,-14.34015903483189,HEALTHY
21.127144297663797,45.36809705305401,0,469.4549688057314,616.7454520156119,16733.77651923076,-69.5809212119141,24.120801461500566,-18.731552286570103,HEALTHY
34.76361075202473,73.27032563208988,1,436.7325555648351,401.20716348299544,16628.750326684774,-83.3770560105029,16.739879723101858,43.11993674117336,HEALTHY
25.059959132686483,73.10094775815269,1,115.5979970637203,-1116.404779950032,16090.261913441926,-257.6411213965039,-179.7534449054797,-400.5898041344325,HEALTHY
28.160248687741273,65.442830549193,1,1213.731437725842,-140.04285194223806,17272.598880330876,146.88980669753093,-207.7603656005112,100.58008098282718,HEALTHY
29.61458116017998,72.89922254537444,0,-1969.1472859735475,-218.25116374283667,15360.580689649354,60.34450253657967,57.38348573446464,-23.124422991491063,HEALTHY
47.307890772461796,85.85594758912903,0,-189.74696269915015,200.7989315630279,22695.273191518736,259.5963248976978,-1425.1317990733432,-379.9592802018756,WARNING
22.208406116157754,48.26324064887123,1,-834.3230454915821,764.0297815728595,14841.198484790353,-126.55100597700782,119.28822751635053,-126.85716953788062,HEALTHY
29.003771151493744,69.250023573895,1,-251.48925749149038,1094.3397864026542,16786.192637447723,-35.10348555740977,-128.14634955288867,731.540360799815,HEALTHY
86.83353269011499,93.52858229710321,0,-1871.4915337955986,-1697.4481730834748,7951.463364078438,1045.779276895151,1183.9662990483516,-746.7113944416468,CRITICAL
56.16764862478899,85.41054225618328,0,-619.885518319724,-1199.9203653718164,15094.0475266273,291.81114381302825,461.04236695335675,162.53615324962934,WARNING
54.39310146556228,75.44257348843163,0,-2464.3325835686865,-1934.4514472266446,13863.73373309893,59.481073845079045,-761.5251084764809,-478.96952636067056,WARNING
78.72038325408032,98.5924095179784,1,391.9172961508104,-8991.408782735636,12344.522934912076,2049.46282359651,-989.240984459466,190.72307779875945,CRITICAL
53.367304531808664,79.56355434258342,1,-5391.113442512582,-928.1434266759845,18836.874288925883,-270.85061261996316,1216.5894895864642,300.27756398396195,WARNING
82.33217181393222,91.6607176425699,1,-7039.836175133027,6134.593814617872,24470.0813300771,-513.5360857731495,-1911.968105550772,-966.57082086662,CRITICAL
54.264312928864996,86.42636871572255,1,-3813.9498129597046,4509.121490718815,16120.187931684775,-838.3895456126261,690.7589045259272,440.6459091997138,WARNING
47.02415136772826,75.41142929375391,1,3263.6823514266916,-1397.1067426781456,18885.091693241728,-13.046778916037326,-864.4185391340643,-1016.1127049849208,WARNING
41.418753036166386,86.90715559627948,0,570.167169132977,-712.6893572643723,14763.147039640013,-122.59222894754055,470.51730757664404,579.2599503118469,WARNING
57.494039686534244,78.41120756013036,0,5008.017373173359,557.0565846462556,16182.721206243565,-597.4086440476302,-823.1394609687392,539.350712874471,WARNING
44.286797586859514,84.42058168208753,1,334.4014351355731,2654.4619173958026,18397.099644761016,-25.513124180626395,-410.8796902143243,232.37474999658755,WARNING
56.31173961031537,87.54891219633885,0,1196.4809261171747,-1732.3154194234519,15206.936513563187,-397.3373702758686,-332.6979709986115,-581.1012416685821,WARNING
53.890839480745484,76.10967884135822,1,1944.1686167904045,-2229.0954470823262,14554.020268660506,-383.5132103932137,602.7593643426679,335.27190141760684,WARNING
27.288284092844197,62.63407149642688,0,794.2566781620702,1466.8244164047687,17073.003144041406,-103.71032144221893,-215.2011300277821,-601.2488856219361,HEALTHY
75.53756470476225,97.10743042095807,0,-594.7231149397392,2900.9682117857483,21066.37356751111,-2050.9396887965204,3667.649457999949,999.0015939378075,CRITICAL
75.25868566291668,92.17539943414745,0,-3081.8958220860413,-2397.386214360228,23290.52116187206,586.6861800911478,-1518.4853638530478,22.317823247143565,CRITICAL
71.21739851667512,97.34793995410318,1,5076.270053336446,-10448.949939684575,22210.530030293212,-2807.396769490485,1925.2145481533046,-707.6350524243622,CRITICAL
75.6501269854086,99.82081691043264,0,2082.9781855927777,4890.095498923924,15274.115564845963,-3852.026133681223,-1870.56597485707,1360.4858643242462,CRITICAL
22.380183105345274,50.3292407866464,0,1699.9573745763805,1071.5431522348856,16574.635591265025,188.2621161534967,-206.5047807055079,79.58540998936179,HEALTHY
43.32864153324914,81.37851430863779,1,913.4251360850052,1724.9843068268228,20200.711443814624,-330.0400829463073,779.7248091696176,975.5213505060741,WARNING
27.705617828229574,51.52738103838118,1,836.2229368215294,-173.15310179969788,16069.309106301616,-39.642779688432,-135.7723586971549,-62.27028535520507,HEALTHY
51.587272346530945,76.17257400845168,1,-2303.201598733018,2659.3464154077183,21079.71537244607,998.5883729627193,-1519.8157657809077,809.1874287844895,WARNING
76.85157810386269,94.66963009909524,1,-297.8024320166419,3306.3330474848735,3847.319311303888,88.39983669651379,-133.01309060478516,-930.6036777425264,CRITICAL
68.05199194037739,94.33297878512604,0,-13467.227008697357,2652.9784387553527,12533.690939149421,-5327.55203529214,-783.6443047615857,-2015.5821081754773,CRITICAL
22.69488933544868,67.56436325947296,1,-808.7780822373949,-942.0491402148156,16656.796624531795,158.7981019002132,75.2519712114374,41.52869997007118,HEALTHY
81.3725883071285,86.16244032492614,1,-5982.252594629492,4603.43653393033,18984.098870346883,-708.1624842153481,-893.1144168848582,-467.7496377123996,CRITICAL
65.82385437786594,95.63209446955616,0,-8450.540305236053,-2999.774983251814,20650.276615271818,-2342.0820793236326,4281.940592660708,28.833125271097288,CRITICAL
43.65775301793106,77.86329415555159,0,2496.9324221496277,2957.3884393884136,20400.520784180353,443.5193294347437,802.3865466702049,-181.4772348188048,WARNING
43.67126489894654,83.49287942618099,1,-887.3706668516456,6151.88232177095,15608.394854535183,-385.50769759055,87.04050941679112,679.6208384093467,WARNING
77.4197814607424,96.37817381344921,1,-10589.957796879537,-5076.443818912838,23726.98932800741,746.3112011301291,3418.581341368895,-354.6191097432679,CRITICAL
41.75512111539992,78.11452023846691,1,656.6049696792262,-3625.040890418832,13969.07268847116,-568.5186302084307,-464.33682645861126,-962.6045744282121,WARNING
86.4708042812943,85.74264203296251,1,-1264.116826222296,-3597.608693320064,9253.436746247125,957.5182118496208,-914.9206384644189,-1554.708749281929,CRITICAL
28.39460496962327,46.2096098372285,0,-567.7190347756907,-221.52209668471707,15555.341963662206,184.32694367076948,12.726648073711027,190.30281258859077,HEALTHY
51.97470225658128,88.79575982820612,0,757.4296839682079,-1472.900969972355,16865.54786896734,-100.79998439116277,-65.9909020616762,127.02274443644707,WARNING
68.6093874495732,96.38111336423779,1,-10010.373556294962,-278.99815989285673,22369.38731424547,-1570.8709664783323,-382.35070320515166,3235.8170037744044,CRITICAL
59.15825101780296,90.39273933582825,0,2749.708183883673,-235.43696182324732,16482.997045130345,839.1928129317241,-636.5626732703561,428.2198246650829,WARNING
24.466312305083665,63.988176536324005,1,88.23575388594865,973.9051199932285,18438.854619813166,116.50901090063546,315.9659437447239,-242.41133034531236,HEALTHY
22.017351597432533,52.80744877616221,0,2057.811177097762,-1438.4111667945592,15868.829100907982,-25.30377939079006,87.89053809159812,253.5920974206178,HEALTHY
57.251784826827276,80.71085875739067,1,-4059.600845212296,1611.3400155863221,19012.576890406217,-59.23492530144339,-322.6821544666566,48.93898624851687,WARNING
32.7827225047781,62.07627355097942,0,-563.2586114603631,2539.2577912108927,17780.793578770244,-77.98207820195562,229.92461576661645,105.04234253818952,HEALTHY
65.52449987084833,90.93636555583475,0,-14324.14876964182,-8204.84150516031,22829.506657340407,1987.4760325627165,1293.5155628686719,1025.327756727674,CRITICAL
59.51704158687178,82.34124911421902,1,4719.062801565013,-2413.03519187637,16980.844813228392,-891.6861275939431,10.285866881056755,270.3165485988721,WARNING
58.05825783933538,75.78393670911485,1,-37.31343110740023,-1453.6077158568924,11475.603391836199,-402.71602588125535,-680.7154463809036,326.24672379502266,WARNING
69.17004350927088,87.59559649208013,1,5778.449130337207,-506.81567254416194,12081.29533129472,1436.5612923953536,-1538.0068395779347,-315.2755436909241,CRITICAL
78.23662129928667,85.67471706618262,1,4139.803023828646,-2342.302124193685,25907.512471452217,-2503.632850793008,-1648.3067869992326,-1145.571591639983,CRITICAL
56.213441135248225,92.07308958898622,0,1919.0694056683863,1851.3057224310835,13568.074009637536,453.4634803655767,969.2413207235802,-336.14120774152593,WARNING
59.72725803393762,85.44046835328697,0,3442.2147154396234,1907.0217239332371,14802.828959224662,-694.2408522555379,-484.9522913969706,-891.620019756071,WARNING
20.01680167220164,62.24726940159028,0,-225.71364756933312,3.414751178410458,17201.75269587605,-297.8786119298612,4.928419685716846,17.99122962535795,HEALTHY
67.17468514202722,93.34027414691428,0,-3704.873025961295,-1048.413333656485,17670.782415431113,1093.1373048238333,206.73521307193653,3547.883157113499,CRITICAL
21.194624094335346,63.3374253884354,0,1330.4323443788164,-120.58718847346952,15043.875104345214,-97.1357489150094,-297.5723406981246,-225.03722034623235,HEALTHY
26.03460562073558,56.998140762497215,0,1177.544724769586,-212.57862798856803,15863.136334849143,-316.1501634618883,-12.22038275027323,-110.41160035548036,HEALTHY
82.03391347385563,86.75573941127662,1,786.9162322648295,-2704.0029169477443,20943.139030356757,-471.8497021704134,1435.0610328013581,-1984.5394262559898,CRITICAL
45.65895136074663,79.76575552896136,0,4525.756525010405,998.1735190354394,14890.404256318634,396.5583506088326,63.553632076974964,-1202.5701196038651,WARNING
43.50349727408362,84.47566724615645,0,1810.2191873663542,2131.513973451473,14619.422466524638,1225.8449413389653,-410.9898710556418,437.67813515724333,WARNING
49.34348266704893,89.09648330781432,1,-2547.615677815225,-950.527888638134,14710.2743865996,-326.5692463154529,231.2879256539445,385.74468069775423,WARNING
28.047884125901724,74.39762856733637,0,-1084.070484904229,357.7227694722416,16406.102749849855,111.28434109170801,38.67055591966295,-130.22057940281402,HEALTHY
33.18806506378074,40.52040853703491,1,-772.1272168322233,-1587.048654030604,16384.99970371353,236.5601101076813,-193.12074968373733,319.8069248789653,HEALTHY
23.303615713483225,68.44598129752072,0,649.0867326291062,-1222.8735366753067,16920.336032382067,-182.9381862522555,124.10964319234704,-32.187475372612674,HEALTHY
59.42594920613184,77.3572021735954,0,340.91327018284795,14.500297790234761,22976.995497831358,1042.7042211933056,-1106.6548644460622,-630.094334080756,WARNING
44.18372260161685,87.53092643495394,0,1424.6909399488063,-1690.1359163720117,18868.350657169893,-177.16078870987758,-293.89289708186027,15.199112939389892,WARNING
76.13714480634476,92.75012322915296,0,-9584.725309974734,-443.5941915414616,11097.081625922441,562.7130750767404,-119.2196907770684,3893.6439246922287,CRITICAL
28.8564663473404,42.453238225731305,1,-731.51340389633,-1023.1955113182944,15354.065329094254,-149.8062941910191,243.474713950326,164.11108380127456,HEALTHY
81.13185574163654,92.4550143735203,1,-6735.938633532744,9461.867682411803,844.1570347448965,-1349.1623466482947,-844.9186719573026,314.3759112069865,CRITICAL
20.893806460297156,64.17437278859084,1,791.2090390128811,-508.2603508951309,14207.418914375885,148.3279492929549,86.22419281948184,-127.05832093721799,HEALTHY
44.69897125666785,83.84941853987037,1,-3818.5968672775484,-3758.932873955675,12923.93091021518,11.20481142756345,136.20464113685182,709.2289620691073,WARNING
55.23925677778578,82.30678527221401,1,-1877.9198277244343,-4511.730640416134,15453.461035976012,255.96258910228246,-309.39018988243566,419.4970132313426,WARNING
26.00044453979437,71.13356916270234,1,407.956909750648,355.02561793492885,17658.977382020817,39.54982710761384,-165.82183612680905,-320.95099758219374,HEALTHY
26.502811063711132,69.76170571996461,1,504.9872789804571,865.7551941701215,15183.703592944225,-66.90024716818968,-94.98906223219123,-130.66584651474238,HEALTHY
46.18497035250283,92.71495067437665,1,-819.0466651637895,1829.9103434857927,16302.490598997878,-779.5806353338776,-334.45258284450443,211.50516620230076,WARNING
34.23374327283073,49.83998961227181,0,-1491.3202113412167,1650.1702598320112,16958.8584956824,-107.17602085814302,162.6814235773001,244.46981341462157,HEALTHY
25.8060097008694,62.50563988992398,0,994.2988266876232,254.73113738020947,16255.122621311246,-101.81876106231391,97.07198151063801,-169.8209701980447,HEALTHY
50.77339919370866,92.52816977158965,0,1311.372960163578,1005.4995059711296,17753.652468917862,326.3497514973606,-187.3324053305557,-1233.434142878188,WARNING
68.31360262812689,99.91248448440301,0,-4150.168939657829,-1618.7590812436647,12247.010138758265,-1395.9832410765362,-217.96246273178647,1406.110403180117,CRITICAL
33.607925460587445,66.82929247623336,0,-379.3299198383287,-1138.667938470913,15070.334691027683,-115.8510465685693,-190.3700949349248,-60.723341061551636,HEALTHY
27.34840616576261,41.28661081290525,0,-369.12727307249367,-240.3008051482479,15635.026902729955,-111.21938724576049,60.14980343615909,153.51801538999192,HEALTHY
56.36424002740926,75.11304209682369,1,1468.708815845192,3912.6979930748507,20307.25166382036,-213.77810765278355,139.29606990398355,-347.57438940913073,WARNING
70.36975096848136,89.02522100872824,1,3430.4483147977294,-9865.24366820853,15782.982298503015,-2019.5663271722265,-3945.315918025521,492.73422921960145,CRITICAL
67.85814364003005,94.02235203494565,1,-6416.663918373341,-7138.743876094589,15554.991122320604,6.55181420596365,-1716.7762284130793,-552.2108958715132,CRITICAL
31.276204885937606,72.12008287831348,1,668.649860160592,-918.0087622218045,17962.037507053097,-220.22805759551449,-229.83097684795953,-321.96229073933733,HEALTHY
23.493187192277226,46.27041714606557,0,1025.3865645439616,-459.9143271356735,17265.584984388563,-2.824144386686564,-31.734701095850397,250.4734193321551,HEALTHY
50.8023341872564,84.8781198781871,1,3177.575248577851,-817.6835771594663,15639.126587966943,317.2553315980281,1032.137405164779,286.0275232947421,WARNING
53.80786677187368,77.9084571819088,0,2361.402863779054,734.6134265289882,11174.147962670595,8.31087929769153,919.9971053610069,-212.48650828556777,WARNING
47.13967384280226,85.25376144657623,0,-661.9840043865354,2383.606065632414,19210.478494160074,-73.94466988817796,-974.3120439632453,69.36690262817532,WARNING
72.1966832105627,94.34478073364626,1,-3112.800254228235,4393.605719569392,22848.49899311304,2430.6519409529137,-4518.741767663395,-1198.5489565302892,CRITICAL
34.30302646777263,75.26462559511991,1,-1654.7282764099975,538.7981587692622,16535.110437284806,153.055287672952,-347.8131262208868,222.58113347618632,HEALTHY
59.27366544521004,83.00621798462225,0,-1900.5114468884574,-287.91351546657825,6222.492140664026,-779.7227570751835,-1244.974688436187,802.6705876899382,WARNING
33.45071434760184,42.85121080220656,0,104.20110395187606,-62.593127899522415,15630.035411133324,-56.13501537335481,-338.5913628390771,-19.66792535894998,HEALTHY
83.21972975260385,94.65951649213523,1,-10075.248540322706,5850.642859732852,11989.703526429521,-1814.9927614719838,-71.27712186333747,-1288.4059966398775,CRITICAL
83.96025476067656,89.48909339116047,0,3613.4348707974846,-4096.313697419818,17757.757784686582,-1230.8284952195213,2456.935018071019,-1429.96491626726,CRITICAL
42.39786774289747,93.23030656334369,1,1088.028820724006,-1853.7456247818125,15524.608701224724,85.02274493968213,-349.6158350196494,468.3596471872668,WARNING
26.27197399690434,76.4406279991688,0,881.5245709787681,156.7463375859131,16623.10929228082,-10.4876613065737,14.353203503468501,323.8278142500874,HEALTHY
25.082017548906695,47.025058622720096,0,361.8568656488565,1964.6544124099644,14691.26715896329,20.048392962395496,-17.614429819402417,-91.304352353622,HEALTHY
41.716215434188776,94.39053046648013,0,1433.1666956905865,-2900.016875301399,16142.074119653898,843.0283841749351,-611.2643675900879,580.2759266368877,WARNING
80.44328040886575,98.18951569884038,1,-6561.332855581858,-5839.312610192524,14104.540606388919,53.54146551007073,1280.2823479845947,-2502.083645109533,CRITICAL
54.725255355552804,79.85643710022467,0,25.56368563186465,1219.038418194766,18968.49297878518,1315.4315195511915,847.5428653543574,-38.55932823195529,WARNING
29.048291153200584,53.489085310216815,1,-379.1277409874871,-203.58036010236177,15802.319086051357,-202.95134613857337,-129.8555090132014,-244.7880533524513,HEALTHY
31.06059458046007,75.28822948907963,0,-1609.5209830809792,-697.3091506990274,14568.458370474664,107.39513938874823,245.0941090628939,-36.681997458408546,HEALTHY
32.7689175104309,71.93936971721702,1,2013.6989173313573,562.2502831697199,17148.47822030579,-196.09390698437954,56.811314105974,51.51499417783888,HEALTHY
50.385601647905425,92.15903890804672,1,-3296.944166243251,-201.8222072303956,14338.861698546114,-2386.2767162154437,2152.9098720660645,-559.0555081670379,WARNING
79.0052386009449,87.07316058042022,1,1984.577359550474,-895.4196889903158,18556.62865994372,-371.4542622342996,-580.0833753389268,-2924.065618180134,CRITICAL
76.91206585436787,91.6319611340557,0,-1055.7762754190712,4672.955366639284,11508.885892637109,-625.0883117180708,-1465.2917825452005,-2694.4009897081455,CRITICAL
29.920559166056215,47.40782271469872,0,1244.0339481348617,-2203.1604608258617,15586.040522258556,-28.94613025714401,189.70164074333397,6.970575278353257,HEALTHY
75.84406859481403,96.57831467504417,1,3520.9426207446622,1370.0355437059593,14865.521674721907,-1410.9320132820944,-2157.8841221419425,2731.870346026158,CRITICAL
45.454484732528464,88.16197769615006,0,-502.71983900092033,-3092.383146107113,15334.314594289106,-1452.4717766267122,1338.5246333640675,-656.189651905419,WARNING
49.35628592361943,81.22831507762318,1,-8.10024606914035,557.4496382857333,13367.172546487329,184.515856365562,-170.3285453616081,249.93557066078444,WARNING
78.32900624182231,96.711712125723,0,-5521.464185409769,-4779.5177255155195,5161.314562141981,-22.58444553197783,4135.454278601992,392.3379969324271,CRITICAL
43.512495626576765,88.17245017926189,0,455.4265692802542,2229.6940864256862,13316.46480677866,-475.934127722782,129.47381113946062,1681.1085627212465,WARNING
24.211585436612836,40.97263865725815,0,-1783.2510621655238,-243.13446040701552,16711.223386365866,101.31506033450637,-25.520958856274902,68.3181611897433,HEALTHY
81.03840910613884,99.23544313067211,1,-6384.799578632872,-7907.223366555091,25950.94544033402,3397.0161481793393,3367.236360423201,3634.838581200621,CRITICAL
78.55050017860063,90.29264922141944,0,-14090.433772835519,-6934.447641605948,23811.365207454153,795.2481867447412,927.9982580997034,1861.7697433703004,CRITICAL
67.42784668784147,99.62768704382037,0,5022.798479511439,-769.1894451129195,12407.955688392942,1984.214842303022,-442.69633677735686,1103.9387267698012,CRITICAL
89.73630275350209,88.06759470098686,0,6158.516262807602,13908.61356278281,11635.19414492288,-2363.787948743978,351.0844876702964,1751.0100996888207,CRITICAL
26.780656648697025,67.67387519783873,1,-276.88935576880357,-671.7207892580773,15129.839013004395,-111.00334030882189,-280.47385668476494,418.21885454649544,HEALTHY
81.70325309952588,99.79322220082173,1,334.5186209566385,6208.956683135131,9099.736764559637,2755.154671690834,-3025.2575482550515,-1582.4543532939692,CRITICAL
20.650957678678413,53.93911903182621,1,263.04045134553337,1215.4327701278817,15020.208511592144,78.84116819225044,-13.082891627088802,-157.95486813498943,HEALTHY
81.44930977484478,98.4576235250602,0,7378.021958338536,-2476.201450199749,12961.784111085166,33.18383872885573,1929.354916728103,499.026298757466,CRITICAL
47.86492929584075,79.34466949184869,1,-1234.4661499458118,-2770.800060014709,15126.320422036035,-1638.414696689308,958.1363957154093,1353.8334946057887,WARNING
21.514671602266418,46.69964356376431,0,333.6790599453971,20.545378887715025,16927.296664082292,-243.58472535302255,-89.74331373301978,218.08686827982183,HEALTHY
71.49020176795484,94.54966788834315,0,6511.133496806167,-2307.4946623212777,11097.152146733426,-2011.4259608450423,-2128.9928423459055,1318.1360576049706,CRITICAL
65.57030729686758,97.9524179926768,1,-5044.876809358694,-425.0034451515308,4049.8013562627,290.0126347227329,2350.8812899117306,-2849.4918186923605,CRITICAL
81.83390575959677,86.10895586137235,1,9418.36523544646,-9914.427512356617,21002.94478762364,-941.8663956526794,-769.4000177150998,-2020.3334392324837,CRITICAL
55.10337184590655,86.93902792523632,1,1644.8447687077694,1102.3604679851846,15444.044197488483,87.37580979248264,1360.7767766425907,-504.5236576434666,WARNING
23.742546195241125,61.89885959449275,0,672.9432044950393,-1764.5959092770472,16158.343296781932,-17.121617894249212,301.5267117827368,-138.43044241537805,HEALTHY
45.30993127677071,94.1411259296062,0,-2094.2846871801453,786.1865278018673,13942.267011318021,-239.02681100314746,233.68633335415447,356.8776271251232,WARNING
66.16423674656093,92.65962772793588,1,593.9883457487813,1015.4895704559776,9422.697657803257,-385.8343450601104,-353.2034377318863,2753.675245637725,CRITICAL
70.72885467563572,89.57893643526123,1,-5060.49179753017,200.44692224983777,9570.758960741492,-845.624270587585,2489.5250426730117,1442.9159255737968,CRITICAL
67.68363227919775,85.72017798413789,1,-382.64674452286795,-814.7965842829242,25598.92718156237,-4843.471556510139,174.7081372318203,-1841.4799328834715,CRITICAL
20.516918891375,78.78430907392382,0,377.10039390218645,-29.262813684978354,17510.05025077217,-10.278744717697249,-354.6064936413763,252.38430014279834,HEALTHY
82.50323906139882,99.95232174844274,1,10851.89144876588,-9628.663794938688,13174.99346101448,-2581.535656663023,-3625.070868502122,2610.573890341875,CRITICAL
59.1096178956166,81.2682117243925,0,2645.4617546469954,1324.4973330744974,15663.806139428532,-749.7505448100216,242.6360247329175,262.09445606191656,WARNING
32.19773220926692,78.18550608025873,0,-967.0735882729942,984.7332738196769,15886.73141395354,182.07236317298097,-122.08238855049187,72.50630439506124,HEALTHY
54.41650456165602,80.01945630959709,1,942.4592523164891,-4511.01930624269,14131.149871995323,-507.6998351439677,-895.0456931904544,74.25789718083941,WARNING
73.16584650702482,97.79162806247844,1,-7054.5892099892135,6788.6264698121395,28221.889423420544,2396.1759269794156,2147.5769512583456,1592.3208452758656,CRITICAL
32.42833396859122,71.57171393278742,0,615.7007293625535,-565.173631605979,16953.079259535643,246.5049766235813,-282.0282009960647,-156.1080196458651,HEALTHY
44.50673822908656,94.485751120252,1,3870.020552046731,-1571.1067228883658,16637.557410599144,-527.595351403222,589.9418210693188,-377.10839624250883,WARNING
84.4582223658788,90.49094937373079,0,-5379.975886818718,-9280.036006499307,13270.660781087723,2087.872340845432,-1745.9198550018846,-712.8533964555912,CRITICAL
81.75406443848206,99.9753152698484,1,-7190.169281994581,6102.886046275875,23771.825581412115,208.09296207817118,4069.4983163051807,1643.1282492492287,CRITICAL
54.951492721082204,89.61085262993159,1,-2669.65917175209,62.802721378171185,16797.915482285975,299.96630702296494,-487.21135438637714,259.54302613361705,WARNING
23.792824681438383,60.69605159299864,1,-14.478858664749922,-561.8356351896583,17080.339147698876,80.03457579456179,-38.56551916494587,97.00334496536536,HEALTHY
48.67454125292033,84.14599595993796,0,-4029.7900432717515,4178.731794666649,19093.58972477724,-16.924710194786144,-589.1624318796732,-343.39730224893685,WARNING
28.428154343622698,69.63532826887942,0,1246.5455932310676,-1598.7028618289346,14865.396730409147,-182.58890311568422,-96.29215530653778,-280.6573193306224,HEALTHY
45.79519204057312,78.67895412321243,1,305.07479542273256,1965.8591266259293,18408.980347830875,954.9769532392424,-1.0855578868278843,12.374951285813957,WARNING
25.324925615575303,42.901880519466076,1,948.1429504720495,-305.9544315315921,15147.52171340765,254.88804556978067,-19.068218239336524,346.06436297143375,HEALTHY
25.13161431295391,57.19830479119287,0,-416.1518558614482,410.8492044326828,15353.805980102059,-7.628137604863452,63.880246719116144,25.863519630025316,HEALTHY
25.742500921526528,65.22541179932321,0,-885.4908865878482,161.88818624025635,17072.60805369003,-15.859331505689331,-95.79720941512309,458.6422011398648,HEALTHY
42.25366091511014,84.98113589720276,0,507.2334481653135,-697.5200537700766,17216.375501225306,-402.7736155360024,-476.23415782534596,-127.63825429853382,WARNING
42.51955721638337,79.48264359320157,1,-7761.513129315351,847.5590258973082,17640.818990777196,-708.7835771023209,-1528.0827005157073,-474.4149080144838,WARNING
42.60911273102788,94.51209937178224,1,-3864.343272021319,1051.3595064144752,19848.36939821155,-8.966806099549546,453.72743194379046,-29.773767791294762,WARNING
23.500944041871904,58.134824224166294,0,979.7672169413639,1324.8284219900927,15674.575160406506,-16.607887275798,389.55401578724974,-49.28241582089032,HEALTHY
20.046824770346145,52.140404995124456,0,531.4047812008672,1271.7061892697047,15351.60235036682,121.45432308153974,-213.0082007985227,-42.33991796781204,HEALTHY
77.17121437758684,94.1088730804031,0,-3213.071157883171,8505.796527334327,6905.019545868677,-1484.2679449484194,1384.8376871443381,314.95179347944816,CRITICAL
67.53608742604462,96.60628706816011,0,-4870.5218144218,-273.32355459160954,3764.839704116961,-100.55529875100348,-2099.6301022638036,1041.8414386481686,CRITICAL
51.538218157967584,77.52105217904814,1,1270.4482226308198,-1459.5069172999542,19525.26029485028,786.4253025466904,1453.1678777682328,-160.51356127274926,WARNING
72.17312354844539,94.71820260268454,1,-3889.2178906183426,-2340.9948421790045,19210.01785424814,-3056.1204094914488,307.80195485759026,1561.5691423139222,CRITICAL
76.56167182751047,99.27756153125213,0,8116.812898083065,4553.034338158974,15124.947339945687,31.815239647782622,49.071173501522296,-537.4919810074704,CRITICAL
69.94874457622376,86.31021982722145,0,2921.9078058097043,1104.4004628499883,13639.079373185023,1249.7074936182598,1150.11959678193,184.15129026119615,CRITICAL
30.264929756829,54.396561448614534,0,798.3480513491078,175.5720617154881,15115.308023156827,357.3194047853392,-83.2420427679177,120.69620206030733,HEALTHY
53.20375994995717,81.5986004168495,1,297.9294073377783,-59.98700838526673,17243.39856961265,1758.8051838455972,180.12210395659508,-887.1946245713997,WARNING
58.04440573080748,75.99534393177152,0,2430.6537936997206,-2794.8041589422696,18640.952671502884,-327.07470046945645,698.0037672604323,-236.5627369482698,WARNING
20.671525830327305,42.16190509398906,0,28.200609712332966,-910.2478563006189,16124.54948339067,570.1554847739485,-145.19958074904545,289.71915490831026,HEALTHY
48.24668431266645,76.50385695403513,1,5302.082488335089,-683.7105832624059,20968.509648409454,-481.37923453430204,-1382.42652174858,-405.4945810623353,WARNING
52.14712766955488,78.70330090832405,0,3160.2727714062553,2105.9311975491355,13325.354918733588,-1202.038921924833,491.0302016562307,60.203076611997794,WARNING
69.10026319943715,99.11246852017017,1,-7423.529897247767,-908.4964079185597,12096.32312725422,-2676.683650643879,278.3369234652417,-1420.5640743021559,CRITICAL
65.8063784199649,85.73206036836064,1,4558.625154755072,2223.6838316871344,13148.6227792626,1012.5569429751741,-906.31578737187,126.13005897624002,CRITICAL
48.92228614250376,86.29636627920394,1,2485.994451719243,2319.356001322107,21001.3295398753,76.03289334136046,1294.9239699879304,-660.8693630606078,WARNING
89.97306271158332,89.49703050593666,0,8970.147117816941,-733.8622564156558,17239.023392032075,527.7850369931613,1152.006900025681,3621.746467188985,CRITICAL
54.269147208680884,93.52416348801367,1,-92.22238267226018,-1460.737574201203,12344.05916570736,-608.0175014449957,-1516.9630430680302,-637.4497640615962,WARNING
47.36520476460161,89.48725413126436,1,1647.6132878388225,-2217.2203356945943,18886.471990225335,-805.4341731756655,-857.4514463566154,624.7330867576951,WARNING
42.93846054201212,86.4626986930814,1,1243.0828783946547,1237.8446751149324,14830.316488213806,1478.7635036739614,-199.63191272056153,670.262444350328,WARNING
51.51820934834793,82.93702940683728,0,-1490.8225393060764,2313.681583553991,13359.82703646397,592.1635473385612,87.82618492097673,-1003.868128197529,WARNING
71.10399140576554,98.7663679312037,1,-3696.888773355768,-2356.047921156507,10193.04069562939,-1778.5043249418359,868.7538440567359,263.23074654548356,CRITICAL
74.29264028246475,92.29110610548854,0,1770.2674034918975,-4723.893733389561,11666.494292887755,2253.819369406438,1354.14417769066,-31.374919516924052,CRITICAL
66.40450899295278,97.16799916846978,0,-2018.6134656720385,9598.225206288618,11885.344749809135,4229.086924602604,2344.2526191787647,802.9963010924179,CRITICAL
32.259466549437406,58.092731380732005,0,1685.648301419165,-460.2954441938468,18116.215252485646,215.01656420719266,473.7118255958384,-84.80771639989979,HEALTHY
67.97566444857678,91.14243774687218,0,-133.20134061196876,-93.28292186146169,22792.966209255905,1922.7207196376264,3167.8728819269672,-3512.4604689591542,CRITICAL
81.76594365816113,94.70390046948528,0,5260.593637089553,-1722.0111502284665,9881.638895864495,1233.5513596315177,2109.3579566035924,-1319.6177526582926,CRITICAL
29.178561271509864,54.94078656926965,0,558.7238369444854,-156.47737612315848,16726.926377321342,248.6938256691927,-155.8750650520234,-130.37771650627616,HEALTHY
81.44342697468682,96.4944756701839,0,-1398.9051786220173,-8057.295332492437,5826.442291798405,57.12426732932,-2654.9725409421367,2429.2095323164326,CRITICAL
50.77017746028227,80.08840982391068,0,-646.9110296809473,-1242.6312170892063,16520.737163436566,308.99383192506536,597.1106317704483,-194.68390505643384,WARNING
54.33107279557999,86.9585885363966,1,-2701.018323196254,-2943.5412631232216,15324.77320772331,-342.4093226289513,-376.58497017536854,326.51121778818293,WARNING
34.08342440061912,75.75940820187843,1,1179.7252083607102,194.1076309533577,15852.785705392402,96.77533023760793,-220.45842996728467,136.2719020885896,HEALTHY
45.1531404598231,82.3248236226723,0,5302.483914612773,2444.6189116358287,10421.215753267408,-395.68111744728253,-1268.3925362934378,-665.4834853906787,WARNING
58.32730213484791,83.12087818198248,0,3080.5105935347783,1093.4316854491708,14974.37917035035,-1627.794107897776,-166.11856393665278,719.5713015804586,WARNING
26.179198229183953,77.37643178284858,1,295.6574008467178,-276.5264803951118,16519.207081063658,206.7127910130374,-233.30246168817803,309.41002378108067,HEALTHY
34.34368933804501,70.66820951987259,1,681.7434088151417,962.5028858001017,15157.820642187316,439.32921099579085,153.49586891082612,-0.34283073381279144,HEALTHY
66.12066785383746,89.37432834051167,1,-2088.2151583396503,4804.730742490343,14796.830061181456,263.3340332206342,-730.062695667067,354.29096468563233,CRITICAL
89.50155788468211,99.2670556966268,1,11314.972582198672,-4230.941238318973,15709.844792395705,-932.8590835153229,-2666.820938972515,1803.7620029227257,CRITICAL
79.61107286824274,86.03548174760907,1,-7742.210295477837,7223.248450761571,19574.192403939163,36.14694684732765,-4.935698624350741,-3012.429741813017,CRITICAL
31.12709712869258,70.26819640445878,0,670.1223588880752,711.6640860743736,17724.084232680507,-155.17768905895826,-239.57959914552075,74.09604905275116,HEALTHY
53.35168043597121,89.10817747946967,1,-1008.7448323605771,2055.1050098223573,20030.081758566947,56.96322241273986,-827.0348861145815,-1745.429359440015,WARNING
88.61983354258929,99.64127581232722,0,-1371.8064987773328,-10635.374052320318,19435.14390957553,417.7552849006816,-599.7566552332479,-2077.605292635719,CRITICAL
49.00413232230239,79.56620851250356,1,-2305.5481928367867,-61.74410771248058,17258.369538119954,-1729.4642980155807,737.185016766662,-346.14858167048425,WARNING
33.033574767180774,62.82438986555319,1,198.2893773718653,-259.6058224494745,16564.64546427544,150.34805467871524,167.83697354326245,363.0745369653812,HEALTHY
27.990138301423325,65.40356423638875,1,339.51448381883995,-645.7713506365684,15473.296176935268,18.372949129698725,-377.04001040422344,-59.25348870177635,HEALTHY
67.53521003575919,95.5093339707917,0,-4895.758570721154,5369.020128867406,7700.323760810673,-1455.962316891891,1135.7407246750815,1618.228665910119,CRITICAL
21.88229445198726,70.91085678660316,1,1127.7120081948794,178.59051739280292,14949.534658150313,-211.46656343494607,-86.42474186481074,312.92394823215,HEALTHY
69.17095729104061,88.74574620452503,1,-4567.654545488071,1903.4866924097385,19267.331250379848,1800.5862807628,-548.1650860617247,2944.583097565571,CRITICAL
33.378396548848436,52.24205854091152,1,-666.2842005099067,-177.69397711340014,15724.397731480767,-140.9736907630981,-345.9795663453694,-46.182050736311076,HEALTHY
73.12468523892716,98.9843886380975,0,6361.600346269185,-6722.521620355988,7613.89027731176,-818.4714054109676,2080.9185116278522,-391.46720207270107,CRITICAL
32.738351157412666,66.30451569201374,0,634.2402962642899,3061.0952143782606,15065.429839241888,144.0774484076393,63.178181430463155,11.856256810639175,HEALTHY
31.40467476656636,56.8133323772737,0,-1268.1368049753125,-168.25913448754153,16452.37156596766,-349.29334511580674,66.32953342515255,-209.4315137380529,HEALTHY
75.23615411278934,91.35756227330873,1,-9809.191419329682,-8478.609850395407,11818.565319881041,-1394.0351284725896,1523.5976679051546,-826.6431708971892,CRITICAL
23.739383437233123,56.41531692142519,0,1622.920499341374,823.7330769751414,16677.05924564557,179.32607674218923,-122.0644034694669,-63.23317936195447,HEALTHY
84.9503879676113,90.46689771909465,0,9324.25480121149,-3495.199329169516,21498.01409844559,211.56397130113257,-3468.559468161639,3044.409264243619,CRITICAL
43.42222666674859,93.61746185829041,1,3900.642005461425,1092.3328102775306,13365.042854454143,645.2710851660289,-170.7111819191277,-1163.3142596324797,WARNING
32.76505650195874,71.08816989403408,1,-401.97097205696275,929.7402248111573,15951.956185755225,361.51806443846147,59.90650060864237,-115.25238580565444,HEALTHY
82.42516282487068,97.89621843492309,1,6116.819550176924,-1959.8004116255327,20064.494213490238,-1123.1150295473687,607.0872940058622,-963.0885157220988,CRITICAL
33.7161791888744,56.75082099568292,1,-418.70484080644894,1454.9278083256665,16755.593830486527,-23.679580109245848,-45.00118067407507,241.51843408605237,HEALTHY
32.606786094154,46.967733463130145,0,932.8790843286214,873.1585486191489,14519.668471690906,-180.32014920711447,-312.3613722790943,400.34742050602705,HEALTHY
58.42734805399037,86.20008728154518,1,-2999.837130774726,-2435.055839011768,17099.081058732652,-890.3981689282401,-643.5967734389783,-1282.2737255506822,WARNING
87.82102897389639,89.47118610644792,0,2172.8166752947527,1081.3729449878772,19967.45254451129,3306.7802329213223,-2073.2729027563564,1500.5490169869504,CRITICAL
53.78823416861026,86.96505861034105,1,1231.067805769656,-4090.625373318812,16090.684463218431,182.71415570195634,-130.58567970411684,-1350.3010553504078,WARNING
77.84966853469683,99.54813798153293,0,2506.8020246377323,5911.786012186403,18736.70749332512,1762.1586525059818,-1488.5494197481364,2846.8758468884675,CRITICAL
40.08550404337563,85.39556972675953,1,-2393.7171456114984,1779.3359199995305,18375.48575680735,658.6084667913076,1333.499888287173,-390.7658535089062,WARNING
41.58297241899455,86.7470926227598,1,-658.0425359989953,1229.0684105580824,16899.68248048902,210.578204931914,-217.67498045309333,282.5608169857019,WARNING
30.375801712020333,66.45370715778898,0,1662.0767410146684,52.77551629782262,16534.223354936872,-392.4880449693701,-21.33513638886422,229.851870006127,HEALTHY
40.62062065089891,80.4278136753264,1,-5425.547500755264,-2287.7093765271666,15031.681928512828,315.44403794876445,-1156.1784419436972,-364.8171569057036,WARNING
45.718125807899575,82.33417295784488,0,-2496.6267258695175,-2465.9364801308566,14340.997326244964,623.2930098431451,199.06999900451575,-1355.0406315877378,WARNING
21.565571871242433,79.30752958365302,0,-1038.0535711116133,1022.4359319281596,14739.008664508425,-114.38952811697531,167.91547496236626,-11.685708650870753,HEALTHY
57.73128225262304,89.59545274672315,0,-8043.447223224045,631.1584133661684,17133.065179819525,-795.1544450935941,228.10241422451998,132.96395087924012,WARNING
22.96458830886695,47.22072913569694,0,1450.9275482792118,1807.1966436378852,14701.341305877315,-204.8057181772759,-55.962068475401225,-192.9075589820383,HEALTHY
25.247925413337178,68.3329619631188,0,208.95445213315375,826.6474465370726,17879.124410196477,-7.306069936428733,-30.412656332249977,94.41767012612648,HEALTHY
71.90952052765671,93.54845558755453,0,928.4292982928074,11617.183181050947,17229.286994693182,383.85623694712297,-1138.2300544963807,1888.652827740011,CRITICAL
34.51614237250573,66.310615330904,0,1183.3238104431566,1673.9015887420603,15398.805597212653,280.98846584362394,-97.47788325802104,106.72959907377736,HEALTHY
85.32683293789304,96.50063893291367,1,5100.025607817558,3611.617422619453,16135.252226021286,-2275.2004099284704,-1365.0800923070913,-1033.5351350925794,CRITICAL
83.05459798398152,86.20774528987799,1,-2973.962483512674,-5138.517437768216,14462.841882192115,765.4926298964424,-1722.545740785795,-3496.3756944813244,CRITICAL
56.985375008763626,88.39781735716814,0,-4418.986271207282,1624.7971851901066,20042.96227261737,-578.557347177355,-889.037555866908,-435.90726863566925,WARNING
65.52380425736312,85.76175458855127,1,-1903.4139012756546,12645.55882071404,9940.820932985522,-2800.123942215549,-2484.3039380830382,-2342.562041223015,CRITICAL
44.92374714922506,88.39537804779202,1,237.56971318018262,4320.823451415833,17418.385507368468,169.71512644507357,47.74474782198544,572.5944694801357,WARNING
48.26833150347817,76.45364311681622,0,526.8240210458462,1604.676943572562,18403.516146363265,-27.293655470217665,1.9210727843633988,351.3438306283498,WARNING
54.85970646741208,84.55048071842575,1,-4009.9043785665235,-740.9297343831246,17802.983411522404,-254.96833743589474,1231.8690462215743,81.34120336706658,WARNING
89.72197798137533,88.43538868110066,1,15391.794693984899,8521.957055449819,17412.82846039473,-1930.5464376436719,-1633.2459577079032,-346.3499845769108,CRITICAL
49.85328451661057,93.02076995468046,1,-1550.4281888791838,80.57741474247847,15262.71938764749,369.6780652810315,25.991289274741582,-679.8088716828714,WARNING
20.437560028611117,64.20406488948603,1,-179.95670180328068,652.3265358282317,15853.234111846643,-210.6612651690925,358.83339746059767,73.806345952826,HEALTHY
43.33037421067723,83.76030352516162,1,-2352.1221805151326,-2259.085908980883,18741.855639722202,-315.6209780354455,179.7230827276712,520.1932857973845,WARNING
70.20662971336762,87.1181546391618,0,-12419.08934011266,-344.28125649614935,10392.22110401676,-4390.527168060001,1163.1962904113825,3053.9283618282457,CRITICAL
53.86790005196755,93.34091180308953,1,464.58764582193083,471.2295574159206,16409.1047081242,567.4087930554928,-398.2336182691209,-1019.9068453599966,WARNING
72.76341938382153,97.0897569224249,0,12774.159841483774,6333.288379644087,4356.096015788448,-684.4663351093592,-772.3931917588458,-1893.3009623175483,CRITICAL
75.67311354733799,93.94731758872226,0,-2183.367603651881,-4470.073212055176,10665.855739165238,899.2450088568678,2225.374875231015,-2095.4925700987533,CRITICAL
49.47839521822384,78.87400585571405,1,-364.6710532416209,995.2695025320813,17752.266605610897,-158.15481069904942,341.7384438239005,-61.023312998151916,WARNING
42.20488973361133,80.38067097551821,0,-976.415146233239,1038.4513392375586,15022.470121041704,96.65086612495432,210.78645703389907,-480.3638009830694,WARNING
20.15827455223851,43.65705075446837,0,-1290.5614219462186,-143.25891536419263,17480.547118230254,-438.2507702330562,306.896420358903,224.4748437406319,HEALTHY
47.62882164211218,82.12333930628886,1,3186.1578245298783,2039.9222332792347,18873.67398095158,1657.937196527767,197.39863142717056,1009.9985488678986,WARNING
70.278909438517,90.98148080244785,0,-4782.993040315396,-7977.100675475039,15054.010562246222,360.77213425756673,-2088.08197699652,-214.33754466578193,CRITICAL
89.5322414980013,86.57909593309508,0,-1952.1450393842879,-2362.4431378852814,10597.208839522198,-800.5112625736643,-770.8220254534742,981.1957135914997,CRITICAL
50.781780104135876,90.93545721139691,0,-833.1224558026945,-1663.2568060736457,14002.459876462171,997.6045047328147,-840.1402061482916,-117.37569650842431,WARNING
69.11093763393916,96.05517488643342,0,-1731.0988511733924,-2412.5766269791816,15201.778838339034,-217.24359577901748,-1045.0046837656357,-424.81484763641106,CRITICAL
32.53997095671814,49.43168375836839,1,494.03018628273884,260.6737658239071,15833.69484615458,-134.3246735876103,-5.110814198289056,234.54580385187293,HEALTHY
28.09790955669255,59.45429927982431,1,963.8503187153614,973.557447520124,17769.903321291098,201.72058996976722,-326.44361588570376,56.19286418363985,HEALTHY
76.69580848429356,88.1444483192702,1,4361.848985029861,-3444.858427119249,21383.307868233045,-138.1562432350991,-1364.6451358263362,1853.4532629232776,CRITICAL
20.746715022845656,50.74000304789982,0,1289.563224165446,35.522430777957055,15449.079150593763,-373.60445741588524,305.8981693777218,208.37012206395244,HEALTHY
42.0660095562656,78.95295562239231,0,4130.424944669623,-1115.8812630023667,13516.472962389795,670.6953103279833,366.34845228913866,148.8329097623261,WARNING
42.47456176374277,83.91451770824766,0,-76.48266057688905,561.4986917706487,19842.56019638994,331.2376082576583,140.5770027721316,-670.6555657489528,WARNING
81.5402874127098,98.57492838958487,1,-2182.0876324673536,-2704.86173946707,16630.831232573786,4989.796159187288,1337.7611206039644,-702.2454827471224,CRITICAL
88.74915220226843,87.30540484404843,0,2025.793595944609,12283.87477793917,27766.320059618796,-1399.3956126297257,1422.059441781332,-1778.0594218450778,CRITICAL
58.506594737491966,83.93668461039857,1,-735.0593456027981,-1860.0670562745936,18140.43698489097,959.2931184433115,328.756040369334,-59.564512247460684,WARNING
45.290324371705836,76.32973606029744,0,223.40184649059876,2461.4246148929965,17919.26451322421,-251.88832254627152,627.0956160719642,64.03600418429798,WARNING
57.14194379119715,79.65262972819276,0,3222.8295885936122,1641.0164137249303,15185.18751342054,1140.5229622091285,-1293.6770786719756,-365.23666010935017,WARNING
76.11565659030194,96.03329983424958,0,1427.615890332196,12256.80611043902,10541.340226288881,-1356.919104061102,-221.51079810444992,1111.467969343035,CRITICAL
81.37728277118465,95.34918865920336,1,-1728.1844366353262,8298.34439148963,13312.789593438894,3092.2171208628197,2829.4876387196255,-131.05823097790264,CRITICAL
22.164638010824046,44.628052727212086,0,-413.60553342164417,1887.6876573401898,16940.55312453376,-267.0963138199782,97.2072578835274,-309.46079778767313,HEALTHY
46.45719888338905,76.76309288504598,0,1654.0645165905262,-4184.601093422096,12410.626936084305,-414.51197659977555,-390.3075490212731,438.6296296423168,WARNING
32.87180591376655,71.35089556068996,0,670.7409459502034,-292.2597619017695,15914.85096997419,128.92564926353933,-141.45867612719235,25.073063153033804,HEALTHY
65.80236280482316,92.04253348411501,1,2913.5635202640137,-5229.063565998944,25310.130678421083,1123.4220558368866,2095.403137755219,730.3212649503387,CRITICAL
77.7298311864482,98.92078786103191,0,3905.6590150900456,1774.1992703056335,15095.27108401565,-136.564995711118,602.1463897120096,-946.4895232562433,CRITICAL
43.616212700752705,87.93549922163865,0,-1821.6342659642696,1037.3189645070324,17831.337333485582,544.4970594227339,-513.7295567824623,516.6500273986416,WARNING
59.03160618879739,93.89670906041475,1,2180.7935397171764,3068.306095345245,17244.183286320404,-635.7341489052661,355.88078458245275,268.5893379475783,WARNING
68.9984827359891,97.55504303081378,1,4523.409519510909,-1925.3186256867357,22052.208311325026,-73.24981411591905,-108.08363456041805,1057.2404444368797,CRITICAL
59.79083514240164,89.99337004210581,1,-4393.558426006888,777.5976634201955,9243.311466647106,-202.64305630353368,643.4303075738674,-741.5384810923786,WARNING
72.02065171653139,94.22416542486857,1,-6383.309470079422,-7027.827573269652,8995.190977427892,-488.1712771171041,4230.686438324367,-98.34756854110559,CRITICAL
79.48716203640913,97.92408298883971,0,-2371.8204933559164,2323.3384075092654,23451.220497052414,-787.3089568233239,785.0298361600513,-631.2475660133197,CRITICAL
48.49366983393921,75.35570282524967,1,684.1497128683492,2726.296884122042,17109.526857738587,262.2793487528832,703.4452033348324,1118.080467333418,WARNING
31.891371703592192,42.76183625258399,0,937.391149279786,-223.3505408837356,17110.003432567668,-188.12897952818284,69.96246850977275,115.40516533369059,HEALTHY
56.72792014567992,84.08807117639728,0,2568.881784187893,-3178.210622785255,19110.180422642483,731.4863465932357,-656.5673861914247,1119.053315513777,WARNING
72.50644405221335,88.54440409286568,1,-10084.67774946391,4485.6614716323,9521.972190765651,-836.0182572668396,1919.1517847702698,2059.516328618064,CRITICAL
85.35447241593451,86.58809883358782,0,750.1972297769715,5916.652242487501,13925.160672388465,-1450.2613348748012,617.4778947390545,463.0805213765121,CRITICAL
44.48381397678798,87.43453230617763,0,-4657.617142056189,-602.8812306541325,17945.855066203763,671.2650752151676,-875.3319005224408,510.59535684523524,WARNING
48.53682818737956,82.83470192570242,0,888.382203098802,2924.6956291153247,17036.94386608333,1706.9853311531483,-595.7099777083936,-1564.9603302596086,WARNING
23.179910820479872,66.29413928680515,0,837.5078724832392,1306.8740958752737,17032.137269907533,151.1709919519879,-19.687797231126442,-86.79322841456218,HEALTHY
79.67199479491897,89.64434339389234,0,-6417.290654814513,7991.040961344281,26022.426048859947,-1458.2257984403466,-1618.2817226187676,1245.142643284118,CRITICAL
79.55239830706354,97.71339237498246,1,1046.2055266098196,7568.993944814302,18781.281046094235,-299.62143749158196,-1899.2004881300084,2998.0241364670974,CRITICAL
20.604219601009707,72.19331269185888,1,-786.806656896385,-784.496072389535,18183.251045686196,171.77895933197462,-50.415193181994724,134.40698913108847,HEALTHY
25.965934634340837,57.12454278988967,0,-233.9975705465629,863.5713591358121,16293.792824992164,98.92492791485725,314.98973986152777,151.7601867951538,HEALTHY
73.49113307680037,90.42931107472343,1,-3933.492126969667,545.4135026629009,20381.558104579377,4721.9193659213315,3959.8023441066916,446.49883761608356,CRITICAL
30.002963863191564,45.586050190252514,1,63.85630133414325,120.58993389071134,15989.57815292148,-85.45712512154645,-144.15808378728775,96.778463448378,HEALTHY
56.05342440631758,92.86964076639677,1,-1790.4212911834409,-3610.825583556794,13895.62603913461,1432.1253068661222,848.6691170228266,-1410.1763140399867,WARNING
57.10935058232211,76.00337686997378,0,2051.9368098816976,-2268.6723576062886,15759.198862200734,-481.33118541114624,82.32325094055469,597.6318206761803,WARNING
53.7608193269071,81.7385638638345,0,-1072.87373416651,-1595.846422149719,12478.192095999932,192.69497037057224,-67.26385341811337,1416.0594534146098,WARNING
34.706533554055575,60.49139028973941,0,858.4511166566652,-234.62056995741378,16422.23799496003,-289.7182829267088,-59.93532960135741,-10.040923408348956,HEALTHY
34.59033114891628,51.43365794653638,1,531.4896881466578,1834.8201445867028,15648.927016372641,333.40254107141413,79.71281317840146,-173.88654960737279,HEALTHY
78.39480654539031,97.49074437156341,1,3118.4354721941504,6199.042564460954,9237.441026802433,-1412.32441364414,203.29416589694594,620.4370505096261,CRITICAL
74.17440933491125,85.66583501810376,0,-1948.8265682797614,4292.882304544907,17384.933757204133,535.2903565070017,-3340.0352277722654,-1966.3999538020819,CRITICAL
32.51687379284145,42.24855621839514,0,647.0103643824976,-3.981149493700086,15908.144663406574,-13.860405874222618,131.19429299192836,138.05327983458375,HEALTHY
30.462071925039254,67.20563087041202,0,-928.2694514164505,594.3688089231695,17424.205928223662,-18.950674715680496,45.92558603273072,-30.494271021019294,HEALTHY
28.99395890066081,62.01405115355004,1,759.5148874861078,-291.75863225853715,16324.173856470095,98.71204086685832,58.17941151800118,-399.10635609034773,HEALTHY
29.161701066136523,51.22732862063897,1,962.6689195855317,2363.7178692967013,16681.9210652598,57.74647894399202,-61.976414728750264,-358.851446102012,HEALTHY
23.54504885403127,43.914280108658005,0,452.067838259671,-355.9740843858328,16413.190503935566,139.5948060260195,-246.50806224405605,-136.8983461225594,HEALTHY
85.85111040553706,92.19500774290127,1,2118.2119566653987,-2590.9456826915707,6652.8025786632925,-3351.388338074362,-2233.7745475598163,191.67575593084933,CRITICAL
74.20375581188438,91.1636843969928,1,3786.175213851515,10025.500832226118,14641.563318960438,282.6846578645765,-194.8067751444842,-747.6193774913025,CRITICAL
52.762190424078995,86.7610953169363,0,1318.2247970933167,-934.7853651380262,13399.114444886918,-845.3664470313543,-857.74530560761,266.1677170577808,WARNING
72.00724877450976,98.27748298383904,0,-5520.937884589305,246.58411146269896,28578.841966823977,-2143.2983073367864,-19.9906247556806,-1754.8040319720308,CRITICAL
50.76286860162909,76.74654745116938,0,-1119.372305643371,-4701.678360638565,14587.821446813668,1105.3949173819326,123.69931259375151,-944.6054426451916,WARNING
86.47626505083844,99.55134147613185,0,1695.3506429150384,8338.36729491122,16042.379731911633,-2742.190372472174,392.5525148595776,1410.8714934817165,CRITICAL
30.0612080070766,73.89420215637467,0,641.0602694118086,1497.2961671819255,15141.689722123798,-340.16080496956647,-0.12127017445831564,-20.775379394360908,HEALTHY
28.787152189578528,63.459163687548276,1,-1895.9648413072891,170.2983621623942,17416.963947152806,-38.98904168579168,-73.76604591850807,80.35425651171477,HEALTHY
47.29001929097585,94.77520811788523,0,-1702.8580301165582,368.645748946655,18877.46261785981,737.3611973703995,553.5761848780844,-204.46121789846686,WARNING
33.36493061966397,59.84703704404461,0,760.3654278213821,-385.7569996233021,15973.084724209602,-96.33900974813702,-212.9265267104603,270.3676471490772,HEALTHY
69.04522398692998,95.38617938410512,0,-11180.836895449836,-171.80714997499695,13453.797478865146,717.8410177452862,1326.4368414808694,1104.5236516260609,CRITICAL
58.422942751836665,92.68223907800835,1,-3628.7952960709317,2591.516034662379,15615.596896630375,-804.6413456049374,831.9507098242941,1005.3409764336545,WARNING
32.32269421111162,54.873341169548986,1,732.1236073330721,1080.0690003221646,14683.006448061247,-81.29857533925238,-245.9738756481629,-35.54806429748119,HEALTHY
34.68894937106774,67.85449730132122,0,-1167.6517821164261,9.140675822632776,14453.147060746993,-134.85805851697646,510.23485050052955,130.04447868138865,HEALTHY
57.623401769483486,87.88046433271096,0,5200.785645272836,-0.6083640563028043,16855.825998595574,-1260.7253276482202,-936.64165031114,-784.9809943905592,WARNING
32.89910610104481,67.21230154351119,0,-600.638689918805,-291.69374979327677,15782.293387770604,370.45563690178756,-2.699444947586783,-211.54218579117997,HEALTHY
29.36356993870988,44.675921628334564,1,1214.722059686548,-880.8636444882607,15502.121104955935,102.52099447524417,-2.548830097673645,210.87904316982286,HEALTHY
43.952131627817174,94.42131664214597,1,5375.776983328028,-2511.7621517669895,19092.871308319674,-505.1875178108098,-609.6462889090072,-521.3293097490721,WARNING
28.436440611768813,51.1778122927561,1,225.7615231117544,17.613251933657313,15408.63397272175,260.7015863869518,132.94054906662197,-110.58416747346041,HEALTHY
32.63427161892498,57.990165334790625,1,218.63831605386247,881.7610389486106,15374.914657134892,-316.6588427073775,154.74008336673637,-107.62833233259195,HEALTHY
58.293302148474986,86.50225133878723,1,-2458.2690952693283,-2943.5012266814824,12147.91042135411,336.23568638479094,238.87358470358376,-227.27285226788413,WARNING
34.02198454510249,73.6369537509384,0,1178.2528475480024,408.1359127783564,15008.365911213637,-94.72909153023821,588.6096670537243,144.89821207634552,HEALTHY
26.84354763433313,54.76212087043666,0,1132.034986295036,2199.098180556703,16178.787025500804,171.5766212262861,226.8961040168637,-162.4809997979527,HEALTHY
55.42859977985873,75.04368189011115,0,2620.5099191881895,-2095.4412058288285,14883.153352483781,415.4776026052336,2.1420817170009987,409.23606674071857,WARNING
34.4604327074827,76.37818443748968,0,-594.6058338395052,-2097.895441308674,15705.470664635257,15.134458809447066,-72.32905553713141,393.57978858562694,HEALTHY
77.45559350670567,90.20761759504434,0,-7087.145643574302,4899.748459573373,12575.183899195683,921.9172837146039,3292.5667671679544,-2200.1939251556123,CRITICAL
46.44666623600947,83.75995495791108,0,848.4084064155096,1524.8566823357037,16192.207278237242,-352.0231050552962,343.5125452922552,1051.9114882777963,WARNING
73.55150360971683,94.59532189569143,1,198.2504347887153,5832.269322615237,13315.462968078024,335.05195032449694,2179.87557640361,2059.2007723797556,CRITICAL
52.77050092383329,92.96518167349649,1,1950.0784820626154,527.913252522581,17150.445687871168,984.966668290345,153.30946643261458,-425.4124583417821,WARNING
58.068873930818555,76.94562736693725,0,14.592080085102296,2249.3009325738353,13962.063153977479,1252.7892927174682,-945.4639328159387,1085.1951768549955,WARNING
69.69201585802443,85.16816534870921,0,-1281.6966332938175,3457.6756952329906,24487.213909337166,2286.0468724969205,556.6081015415695,-1661.2630873303226,CRITICAL
82.4632089270435,91.79133176912373,0,-5933.211440017529,-2438.899601486925,17282.110959260477,2779.8965880714118,-829.5044214715151,835.3099116947485,CRITICAL
69.87654304256992,89.89320285620997,0,3398.6943025461105,10757.706337292519,12423.543799339652,-1434.5171251601032,16.133763719171892,2756.4695200060623,CRITICAL
50.60186126949533,75.51802614957946,0,-2860.290471558845,3689.5241135908345,16764.48444950271,969.3512551578032,93.39884025741799,-124.02941279987064,WARNING
80.51384364072848,92.58329543984328,0,1517.0895073855497,9589.725362904226,9980.26951958376,-1249.3812644215402,-1078.8082288780945,-3349.16006366091,CRITICAL
46.01303746010328,80.21417277987501,0,2218.272406149366,86.85308384756054,11891.14083092724,1222.9414011874599,-371.0075311459763,-281.9301029344922,WARNING
56.17970801342377,93.45649929196743,1,20.286746180527672,195.48782923356333,14479.033384697921,1146.6389188596581,474.51193046273545,51.158635353586874,WARNING
57.416652425707,75.11759138684901,1,-1197.2458295245408,-3612.3062603644967,14910.232069238464,228.31120474103432,869.7061005679835,-179.68651968707178,WARNING
49.10366694668524,84.24229845403505,1,-4763.464169732416,-4286.604851168373,17357.14230356682,305.55639234404316,-191.71887922209396,1204.8183901314846,WARNING
20.439491646551275,64.72411862246787,0,-642.9923901189592,-212.68317022092197,14788.615099824254,-407.81910264874404,-245.81048951852392,224.61947226516207,HEALTHY
83.44580901264808,85.73129315929154,1,3596.7835117510454,3428.5777094788937,10525.440449850761,135.07955813989275,74.67015422142494,-55.83384793496136,CRITICAL
44.46630094548011,87.8435882390063,1,2861.662460621849,-253.37577595952973,13244.458039394183,-593.8010361462538,-660.2699338506445,-647.8186736693405,WARNING
23.896306756404893,68.9368045475434,1,551.0677454759078,38.877607922946865,16427.27169474429,206.09468408716594,30.273894914075285,172.5593971580978,HEALTHY
67.03071570553271,91.76557794221974,0,10378.724324737459,-4946.53973198008,10838.17498911198,-472.85187674136023,1642.4022995036466,1109.7344804289762,CRITICAL
48.52881590584864,85.53495704860093,0,-1428.6265116356292,2415.428264869137,17335.889614369833,1081.9716079106631,61.09422826655125,-726.130099638804,WARNING
85.54756097653218,91.57464079205857,0,9524.254001679996,3990.9938636542697,10781.813853210417,794.893315105525,-2023.2416638261293,521.1464120609718,CRITICAL
30.094499335916485,51.015246970216744,0,262.36238032366265,1051.1940109860407,15822.11433645257,-265.7210439191127,438.16503197455035,-275.7058700086494,HEALTHY
22.410220598893336,47.46268096205223,1,797.4842044783148,145.20406028545824,18179.164556638963,-14.901529306234535,113.26802610380446,166.36363522105256,HEALTHY
80.8905576949429,94.9628202925939,0,-5692.209207979001,-10133.410011382373,16734.762741004153,1792.6203715573197,-2521.949517817208,515.4594824221053,CRITICAL
74.90179634791726,93.82911378540783,0,-2311.8409306820076,-3692.4270072893564,20110.608326453254,1330.9889508417946,2556.4738461438187,-2493.0031462061083,CRITICAL
68.44499430109977,96.13564574308957,1,4766.811716879427,-229.3916816096368,20221.377585126596,3392.3537771135957,-1693.3361024385579,-1995.9328192858434,CRITICAL
24.34591975607322,49.55007084344096,1,799.3933586204381,935.674456385793,16388.499548768523,-48.52575756003129,-44.8764219782673,204.22031458122163,HEALTHY
29.194162622984088,51.95343545349255,1,393.2631513836775,681.4450803572857,15804.53672592993,217.80199635695476,22.906673243092783,190.0290941997663,HEALTHY
69.69983299074211,88.14935080373517,1,-8564.249802450384,3171.2705627337805,7272.857228623606,-31.020739626744863,-840.5261093821549,444.92972468494594,CRITICAL
57.54054542523274,78.61946127956004,1,327.77140771208815,-1342.2311110097558,12184.87809952677,-597.7457593584586,-625.0087326540115,1384.5116042802651,WARNING
88.0215391295386,91.13857595571193,1,5394.151367684732,-7362.014784267274,18972.330213539906,-1746.9363793282741,191.59521215396668,-883.8754777445417,CRITICAL
58.257634904453944,88.37906154914607,0,-1039.0529499198055,513.0953844739893,14564.251403364708,-241.42397443902752,-100.27431141288405,279.8067330792589,WARNING
75.0309113490782,93.53444703887939,1,8217.821833772821,-5862.853532737127,14905.056944882941,110.28852717435929,-204.39751324738572,-2823.85394602819,CRITICAL
83.22015497548469,88.43672001635015,0,4186.2486878230975,7940.184356224443,17163.27725060773,1479.7253167489523,-345.56357911874755,-395.9687388133179,CRITICAL
89.35951956477614,88.43223213998455,1,-7293.259272306342,-15258.559136848673,11639.7362830686,-2910.9469512346313,2955.8534723190714,3631.3549101606322,CRITICAL
27.335726006739247,54.06599489367621,1,-1810.7976005596345,483.0633592613237,14588.063448663313,-132.23512696565305,173.11168975144835,131.51969634089826,HEALTHY
52.262151919111794,92.56432620548406,1,4983.758189762268,384.87128168509724,16148.63677205558,-548.920429421849,142.09280236852902,-578.743165570115,WARNING
76.58491616515,95.698587280303,1,-6576.435054547589,-1120.882899310672,20299.766536197112,-27.438750490529213,1834.6109894668186,1777.168776141631,CRITICAL
77.44397347754753,90.49230194075915,1,5065.552449948847,-2798.4661667045248,30709.489773654986,212.86366309469122,1582.1563528961456,-1999.3809435941134,CRITICAL
82.49718946378718,89.14529453350251,0,-6940.872573917886,4429.155095283645,28737.91417476602,-1710.6668055720493,2401.2838984785167,1123.8613865670404,CRITICAL
49.587045784316665,84.07483518188603,0,-1524.129564267944,-665.736783934857,20163.200009357573,-1147.5014163522499,995.6874964936832,-643.1428431479125,WARNING
25.71650770417721,68.77880925253524,0,36.96752054910817,121.75861030942946,16417.285827857348,195.65879379239155,87.14252808993501,89.76401821416236,HEALTHY
41.59594093118915,92.03102234098735,1,4241.643258108049,-7327.328100589953,17584.65148196883,-903.2916289427784,-563.6764972992103,996.3532163413478,WARNING
43.91332591250685,94.4595476084061,0,685.2270704266361,3209.892691683592,16849.165840238125,755.7916553101303,-642.9141758065371,-429.52193481633367,WARNING
53.54163943902216,84.5196338069844,0,1588.4534530471017,-901.3569801687657,13370.751963049514,-693.1840791832732,-478.9400696932161,-310.83057282461675,WARNING
24.700541096455368,58.49445788990957,1,-342.62671968747117,-711.5109706152397,15778.877193394386,160.50519499242895,114.6397157006325,-100.37094082857452,HEALTHY
54.083095015777474,89.56722605473445,1,-1053.7074929159069,3180.496385625244,17854.39316108966,-494.53285053605737,22.585367539876955,-625.6832544473631,WARNING
75.05686560058912,96.23939367496655,1,-2193.297520000867,-2449.180041181324,17250.914027446288,-1847.842154385297,2249.8188858456747,611.9651043157276,CRITICAL
29.171954168384914,67.13999873170552,1,873.5164244697507,-1492.2687866598637,16544.978947179,506.70323306930516,135.42937327152615,-49.060108266506106,HEALTHY
74.28953594629253,97.46733481834018,1,-2390.232822466426,-9707.070898541322,12551.076191066113,-742.7242586637811,1737.4520500876322,-879.3117102669667,CRITICAL
32.73004692387012,45.464853257681156,1,-1377.669367957091,-937.8250399151228,16899.03526720866,102.75719018244176,103.00953726120956,770.5462981309441,HEALTHY
29.95043801022022,44.72889648289839,1,-220.64275011577215,-742.2480135662024,15880.495838112702,-18.92475852985778,-26.83112841845285,82.42183220405728,HEALTHY
21.11501913329107,44.61451205222816,1,-159.6851874882997,430.0656871753184,17230.94650176991,29.301840191688616,-64.09250995192876,4.952707619160549,HEALTHY
31.659987711232898,62.26728210727014,1,-4.80518632728754,-593.7615564013348,15127.352749370952,33.70268046668585,75.76672653789568,139.07544728034586,HEALTHY
33.547265880149396,64.69054848389167,1,1058.4244868495878,-1758.7394864231144,15200.741487334224,-407.8464355520201,-53.88136688891153,143.50845115919242,HEALTHY
21.75596619472794,61.127108856920685,0,796.9054413769378,1396.341493160928,15222.188923638563,-345.9004799265296,-11.510784081180981,-350.69827148387594,HEALTHY
20.230923375369628,63.317042272170525,0,701.3241370487435,66.98180781873279,17106.387928328168,-178.90653782727773,284.8924026265269,139.52467414648765,HEALTHY
72.8667955677827,97.37674556365133,0,724.6062652471061,-6601.690628083432,11564.560730677771,1035.390554395528,-1513.6428188720392,857.823030089258,CRITICAL
48.81073296246756,85.38905533035113,0,1727.8984958051772,-4652.251923026902,16998.967620320385,225.638311134575,-541.7607271040022,67.8058749383246,WARNING
66.48754634527573,98.89534704355115,0,1250.7433023141982,-13419.870919324292,31450.79528614005,-39.86312331449007,-625.1341160426535,-1044.7198517082293,CRITICAL
26.910682570224132,51.45119448447764,1,308.7582043113931,-708.5912669382154,17543.764961951772,102.73583500497378,39.7547300690457,35.11696071717789,HEALTHY
87.68162701486193,87.03325180939734,1,-9140.652348813719,1081.927495063794,20395.37569802276,-2896.2495505537368,-407.7669379597091,1431.8342809711305,CRITICAL
50.06540896201169,93.52428210797137,1,823.3589234536802,-2297.3482929661072,14450.698483463702,351.27498898728,-351.90840575286575,104.31246572015885,WARNING
54.28696550804409,76.1115734589587,1,6634.312188415876,2973.545711158691,14313.932052030852,501.6939775670965,-991.139190675815,-959.919923274286,WARNING
32.96649870302546,63.47746026235628,0,193.56939925357767,-602.6858478277885,17268.242305773812,233.9601905177101,46.74943528458205,-214.39498325483584,HEALTHY
22.493231478638794,48.67236426345965,0,2153.1824575115565,-767.3475628880495,17256.320636720677,36.66840114767035,437.96058664353444,-161.6596570710303,HEALTHY
33.18677461343247,77.78928089165642,0,-97.09956740332326,54.318886454236576,17522.170740137804,-66.31732485263171,123.62811905613628,-100.74089613462829,HEALTHY
41.12160338527342,86.82860317798021,1,3788.5345383705226,2866.2178968325957,13603.181325823549,-817.4301911299448,892.2786947756405,-794.9451333304803,WARNING
53.59673519515441,91.22043378584453,1,-1091.870308123067,3.7329384086333226,19644.50391412912,-550.1269521624704,-1144.6826024344402,45.064044592507415,WARNING
73.53957630723963,99.99175784487946,0,-214.25980514633616,794.4452318567011,26193.19861261054,-4520.950026318489,3234.7068016862013,2096.532077821308,CRITICAL
59.191068285998,89.65371382793603,0,-1142.1560853992169,976.209016206947,14436.798316233686,-185.80854451041031,-314.1296703852876,619.8121925741133,WARNING
52.298344848321186,79.61979746399905,0,1996.1925261131169,1298.7221853700312,15677.476831271935,113.82374153502663,-1296.896674405695,1231.303232609022,WARNING
52.42769216147658,78.56968148694169,0,1301.4972027724198,-2562.3738278292053,13465.202199807885,567.6046129323663,656.3303904567184,-343.55441793512426,WARNING
40.403227642357884,79.87012521477189,1,-1784.0227525939447,-1194.9244759731612,20482.348505270085,155.21120875782344,709.373941792954,-562.1648193201272,WARNING
31.77784826634262,59.4962521240323,1,-3007.6323396937573,571.1794062192087,16627.657223702714,-218.04168135988596,-197.10792014418598,-193.9487439269349,HEALTHY
41.46768033304017,83.10451565858668,0,-1413.2188140349667,778.0120311121665,14644.317323543239,-405.30492790334506,-874.0330456229229,-477.65418413387647,WARNING
67.53728170521924,95.83482539318241,0,-3532.809399717004,8442.595734966679,22278.632984373446,-1018.1893011470147,-866.7108823412754,1134.4834136138081,CRITICAL
30.004485552307727,48.028513716551686,0,-806.3769291180498,75.69494000509344,17069.589746298418,-28.32971720202538,233.27410913385043,106.19513239281811,HEALTHY
42.516773810273385,83.94440570404728,0,-2938.200291490638,-1686.21793595193,14749.378158802101,1484.588663564383,1086.7132835498192,-1168.6688645063387,WARNING
74.5832193848246,86.03368269891823,1,2123.8915960260397,-14574.674022999876,26238.515475569933,87.2802649314759,-2585.932024807056,-2034.490738573683,CRITICAL
27.551259062822854,67.6157931451746,0,-41.62603428692417,-900.1156580739133,16506.50549833952,394.6921783205116,-75.8115292364642,-211.91582924332977,HEALTHY
67.23839130394342,98.72863066652124,1,-2648.2830511403704,-1258.234329712879,14871.16630533246,-3197.3982512970206,2573.3102810956943,-2238.3236686128953,CRITICAL
28.031200032672015,71.5359812377965,0,-488.8861190436912,1588.9403284440828,15141.753466450771,-225.11742280639382,-219.24406497371302,-13.574276339896379,HEALTHY
22.09034111109236,73.39720947197196,1,1103.0252667777827,1151.4253744647322,16504.647225994795,262.41838994992867,-1.647313412415628,271.83152544211157,HEALTHY
28.584727784451147,79.96829195773763,1,145.7775091673821,-648.5278132383967,15733.70300721131,30.40986620459606,8.47899734775816,90.99523382380413,HEALTHY
52.85385156910437,81.66233115777419,1,-532.4466413755282,-640.8891071328658,17910.099998292124,-230.5775191737801,1272.795092619975,134.534574621087,WARNING
29.84946610561814,49.61595651574028,1,-803.9723988069778,746.0881195396844,15298.543923103784,141.6842085789164,336.70929975569004,-105.42427708302328,HEALTHY
47.74518080508868,83.93951138805478,1,5550.804645012205,1515.5929837407218,15876.69010866443,-38.32247697335089,-294.6901076092232,63.02910870687082,WARNING
34.0275813008974,55.03220063384345,1,-385.02181171286367,382.98898474092846,16525.257140087462,-426.11329596144014,153.64144332634746,43.07930109125759,HEALTHY
22.37138505924273,44.98944452886717,0,-414.6305088140307,-724.3025342076669,16698.444590874853,-71.79167703588271,145.9545874068391,-186.2003423264883,HEALTHY
48.499447465981866,82.20279732180012,0,-795.4517938167072,-665.0417389008674,12882.325362783631,-339.5770135128431,299.4382610454279,-195.07523198769007,WARNING
44.85342700663609,85.51495828190521,0,-606.2269415625257,1296.396755017552,18172.39959546821,-702.6388564647381,260.3578907956382,695.585460888821,WARNING
72.98429166095654,94.67958893526408,1,-3124.9845558456095,6080.524328030286,22611.713389757067,2139.2169874032356,-25.343892029460164,415.31443495275596,CRITICAL
25.159694544745552,51.09033665396745,0,1808.8613778929446,560.7693490151672,15785.107263384634,221.7303225012516,-1.837806806177128,-44.28111219880462,HEALTHY
75.90878309907973,94.82143792759376,0,-7750.7773459852015,-1827.952227465769,13221.513727595377,30.158989985594953,5072.31620174531,860.3076189906217,CRITICAL
67.08560855527884,92.95503023180058,0,1732.5064271119004,555.1498460347085,22187.43779160879,2762.33686939435,-2904.132055620933,3255.8679451033113,CRITICAL
31.2856179415652,71.66316174903395,0,1813.6665758789075,404.5828951175248,16474.07258698166,16.5460871600958,-51.683547163487106,236.6964640282005,HEALTHY
76.850789559223,93.35196546568612,0,1129.2125305369034,11010.02973156713,14136.030624956487,-2189.7807713541843,3198.7017416280128,1209.0606123598602,CRITICAL
21.58210549934946,66.27120418897177,0,-813.3546477889175,-205.2802741949789,15026.597040213788,-52.55667779649373,254.12621213164468,-141.46106806566655,HEALTHY
47.72062098052439,93.53157834286252,0,-1029.6784981078367,2621.0046828540667,16158.438505249604,1126.2216653891967,-221.26949883573587,-176.10549391882785,WARNING
73.2564562092214,91.2152216264744,1,-5704.779976165588,-7077.371563875153,12267.276251351968,-785.5973717935893,-670.6016822468933,242.3560512248932,CRITICAL
21.722552371088053,64.4248016976653,1,12.951537954094748,-875.6987416672425,16186.037031298685,95.36561886482207,-345.91601860182914,248.34279193046882,HEALTHY
58.32629748962373,77.15092523909445,1,3278.702047400738,-2853.5394805680485,17634.5958767456,-873.8119613085227,65.92352842154959,518.2333957895352,WARNING
89.6030269256317,98.18212148491801,0,1568.427015283264,-2487.0973048059027,23143.10736211422,-1947.7323073865132,-373.9430256345634,-2809.5304433340016,CRITICAL
84.1942892548368,95.29743023222424,0,-9565.096078352404,181.61202665171444,9101.7268061605,1727.2110137725756,1049.7299834502576,-341.82010694948656,CRITICAL
27.1984562238811,67.43870943931937,1,139.34259362126434,452.5348918213347,16250.420158694784,217.17326837356117,-420.18377229038356,587.5505694335546,HEALTHY
26.736851208953762,62.82658315923156,1,396.0321795429282,-680.3498245027363,16180.887351273586,-103.68539746126648,88.01678497953523,-347.0604893208623,HEALTHY
79.78775549422504,94.16233310745889,0,-3741.393147948071,4240.139442734316,3950.953762441848,2123.4770224149597,-2388.2333800393194,-278.05624142717244,CRITICAL
79.32676646292329,86.35936655080323,0,6425.242635145586,-794.6951231391216,20392.93071886244,-1279.0915206943694,961.1855447856317,-959.355882326161,CRITICAL
34.470357182426916,42.94253416863063,0,1464.5135502668568,2100.363279985318,16378.580561373637,343.05320843034195,-154.35492940270456,-106.31717669719143,HEALTHY
26.66941486870857,41.083245346802045,0,-1965.9289941469779,-82.86067253591541,16401.455465252657,-268.8205632364827,-230.74655814485712,-169.02572216532002,HEALTHY
45.80184529901496,87.2689094513598,0,659.3889620564391,-1396.998930155851,17552.130537956975,-381.00730242000435,-353.0958783080186,-1063.9249597332894,WARNING
85.77969890041112,89.69324368893899,0,-716.2842113174314,4710.594188105789,14303.446076452807,3617.851674836191,457.3121925541371,-4097.137156367652,CRITICAL
32.378011511233524,66.65227543340158,1,507.7576703115002,53.98841844579295,14581.591092505783,-129.30590423848753,-577.6542410385449,58.653862826700596,HEALTHY
31.301418833854537,70.75691128430564,1,180.583206608363,145.23871678166523,15764.763535020558,62.623765949452824,307.9213696003029,-139.23047179262423,HEALTHY
50.11331486168756,75.64690575837795,1,3510.790704987381,613.0896197355909,18758.103746541336,-1200.5653430277773,474.3459713474217,-5.37184457915243,WARNING
84.77140444217135,89.71781151502304,0,7513.203933327471,-363.4616415087341,9628.13401916579,-2543.118140598475,1569.6186189147843,1385.715749193944,CRITICAL
28.81987444195749,57.05998988967445,1,-388.7164909372275,399.3987492785162,17299.985355945795,149.87318845400824,121.9467135699664,331.8191041839446,HEALTHY
58.7536420431894,83.11042310407072,1,-2447.7335516910516,1649.825924318466,14232.246327220026,-725.3111193873417,-279.0843300202489,1035.2415878333081,WARNING
72.76973448039361,93.15665862954631,0,3471.5118492753163,-14301.72756030446,23208.723447542783,-3425.6152261933826,-968.321010537185,2779.9700865448094,CRITICAL
43.842152783988446,90.86883182744265,0,313.8631982494085,-453.8973039880812,16422.94753452388,171.80290695664934,-767.6567119207112,534.143411016988,WARNING
76.00427394587433,91.34060533795501,1,-10083.210152214779,-11422.66907204909,25160.28401510566,547.3770417273106,-903.1764270974384,-53.04229248792839,CRITICAL
65.78918741024704,94.11856186445722,0,10656.225823560932,602.0120449686717,14408.263095974335,-32.107459086107255,829.4559018449814,1009.6212473634449,CRITICAL
25.89720694241023,49.47695975586894,0,138.13170640272097,-527.7382240281268,16788.058617459417,-269.27398269755616,-65.29077781013672,-150.6368248807332,HEALTHY
66.99964894851742,94.03679894745392,0,7576.227701237085,9265.100723739133,18288.306208827562,503.8505240185187,-5238.66294185568,5454.655695102484,CRITICAL
20.43754838436115,61.64952857735321,0,-1446.932069802858,-59.19857440860258,14919.303126306055,262.9629289688563,-1.4247224416673392,35.63481695388683,HEALTHY
86.51305348729001,97.7557017457201,0,-10130.613955049846,-4389.809842273631,8502.235280403675,1033.1201237892094,-3047.461923768048,2861.917627768299,CRITICAL
76.10321231321817,98.1106524331787,0,1214.7769105155191,1108.6414097175343,10628.947422439995,135.56391434305408,517.420321116254,-601.3078626474445,CRITICAL
55.43636424205282,79.34833668510514,1,-1139.2954347608056,830.0499845104632,16847.08619032748,582.7738690598911,-791.2913811437131,-628.4444584571685,WARNING
34.782861998828274,62.16233533840843,0,746.1736380790437,116.77309999459811,16273.83207416822,-125.04995202297702,-65.76826167530781,365.81216246521024,HEALTHY
26.257901278468648,46.40902403906025,0,-1748.746076136388,1981.0808939292174,17038.10559585661,173.39804394565445,-214.83067637532213,256.5297282593192,HEALTHY
21.518898719227384,73.88557958775141,1,-1234.348871879922,-592.4642591528942,16357.594243041072,56.03223176392127,-161.92070398432924,84.81220889281794,HEALTHY
65.2254131912964,96.90671154209143,0,-4031.187045717597,-4881.307843856007,13454.03393919834,-1026.8218489128808,242.94622434452052,-1163.0445574374082,CRITICAL
55.48600235560302,81.43368093334068,1,2394.429078197369,1088.5998168273222,16940.439807068426,-482.29505187287873,-243.04745491328245,-179.45317942944723,WARNING
29.092198474002195,51.64576991140716,0,-1600.9039784765155,-828.497024780246,16280.745239850952,-328.6377622308334,-35.17088088641423,332.2940331456036,HEALTHY
21.60486891761935,68.77839870679888,1,1220.6406986921627,22.882877345902937,15904.71401053561,-294.8276870863654,-77.85018471339272,476.2890775352223,HEALTHY
81.72043984900415,93.90394202422331,1,6969.641642800872,6353.56838470441,7312.088256590556,-827.6352721083921,2343.6043408353576,996.2724532802524,CRITICAL
22.71838341574564,78.28787854076938,0,-250.18783320716298,-1069.9601565925823,14173.95721070982,220.81412185640997,31.451687357059665,1.2422711243572255,HEALTHY
34.43293814416987,51.596990505321145,1,24.79863462860666,-884.2890029883182,15984.01797217109,-206.0284530445658,-215.64363402326015,75.41804408535594,HEALTHY
24.205016911872814,67.4962545654495,0,-191.04768994702988,-548.4396718269898,16490.787193474174,-26.953715823023806,6.0381574420310065,121.7214884713481,HEALTHY
85.08281890960453,90.91234270200918,1,-5269.996794682411,11566.128338944885,10968.228247562682,612.7656014849185,690.7137214690123,20.008891495756405,CRITICAL
55.43978140509382,93.96489071444937,0,-1070.6060603196258,-1764.138206049056,16944.256143489147,302.99019172782687,-914.2998657352264,-218.4572958289731,WARNING
87.7409480576664,95.61329246710329,1,5922.089016382658,-9137.383478914835,19621.33871870083,3362.1913866574046,3851.4708409171985,-611.9369942904409,CRITICAL
65.33345112086282,99.98412355852679,1,-1496.207030088531,-6780.002256554739,12580.072300198404,1756.825959015308,-2506.4160824837427,3545.4462035117704,CRITICAL
65.86561434441488,99.38901604202404,0,-5560.434226802144,-2561.2834060242235,13195.927057690255,4852.093567963887,-2548.358031566001,-1585.2734878945976,CRITICAL
73.99321550688241,87.5001262576398,1,-534.0032196508239,-3347.3535594219393,17898.195545098442,-831.0965428852875,-551.8915521866119,918.0678098134076,CRITICAL
85.95993121205333,90.78199874916889,1,13822.70585530496,3234.5646255306137,6820.5248398959575,-1452.0082064920023,-1247.828403689826,-1644.0050402298161,CRITICAL
33.97610604974762,79.87797669646679,1,-397.51263890986223,-315.7823764401705,14975.896626187108,216.36523020805262,-362.64665720060907,-211.72211810583983,HEALTHY
49.63513818245353,92.91486890248625,1,163.71214864302905,-1889.1920968222453,13710.100235306694,-158.67444396722667,462.865443680401,-633.4660422392008,WARNING
20.75761206248423,41.755243534749745,1,997.2659536979144,-548.0879005079196,14670.357030931307,-180.45257753684967,-57.25361072105317,33.35210397788567,HEALTHY
76.43917808930753,99.81594332959662,0,-13693.684480525942,5987.269836800483,14309.645599370386,789.6074097720721,-815.1305107794676,-103.60993697031105,CRITICAL
80.40364066019798,97.224990847684,0,-1804.9497918499737,-9253.677215711103,14874.130671304252,2845.174681405581,-897.1715051386988,1248.2935363347453,CRITICAL
82.79167942464197,99.05729509488648,1,-1156.6890028504793,5001.061639707488,17726.655862860887,-2866.090442205607,3106.4461257521752,62.715016921696744,CRITICAL
56.13093215781366,93.07262120754211,1,2280.9664341056878,2189.012327054794,16364.460207273552,-839.8643218342231,-1249.5486214025261,589.6783907752161,WARNING
50.664013287380804,77.00129343133067,0,2569.1340482709284,1002.0072285373077,15276.033431746331,-184.2067171660678,-790.6053495279943,1403.414730578754,WARNING
33.79783424619141,53.85383977463845,1,840.5272502515564,-38.49172001974105,15940.52010751471,16.531191889006333,-38.18229827766855,62.59483036337031,HEALTHY
85.30113096378898,98.84373615329821,0,-4332.602802471368,5834.359256548429,22555.071450009455,2138.054790739653,759.481300683964,-2465.1594887566107,CRITICAL
53.43975742804652,94.41456327971589,1,1994.636586355075,-555.0603523796026,18912.344888704203,-577.1200414638269,-6.338645167582061,-1062.94233298971,WARNING
55.488571638196824,75.43965413468817,1,-102.61962925468222,638.4584134633303,18269.784921966395,909.6505369046109,33.98398127672505,-1163.1131668391733,WARNING
54.686468164370496,89.54024909399448,1,4935.560262112413,205.83812332762824,15188.800241575213,-702.1806325610062,-359.69976060100504,-559.2900314479956,WARNING
80.23953240759002,95.75907533781005,1,-149.34815375320306,1386.2939916166404,17181.789376255852,423.333457894972,75.45291963908659,-4164.731580108173,CRITICAL
27.16613189599304,59.12635694223376,0,-1176.1733365547807,487.5602970867186,17565.891092959962,96.18161854977907,-40.50484541296599,-105.65940933259579,HEALTHY
25.395797928654044,61.44621545010944,0,-130.73706671323822,1104.9419222309718,14026.665775400521,-102.98970612542875,-153.16199601174227,-6.9043599662622075,HEALTHY
21.04091128856275,43.595074069446426,1,263.5690735354844,-327.05255875409614,17265.123139279527,140.3751562615839,174.73193537885868,-99.45279332723571,HEALTHY
30.16157106842442,57.13831615395182,1,947.984119856982,-135.10926719083818,16638.258279740996,-74.417648290591,-568.6970584103551,4.098602585204976,HEALTHY
69.23409053984162,90.40165668717917,1,-792.5698617374882,2037.046610236764,26197.00178334099,-1210.370555060937,2078.849990517363,-1635.1724233259638,CRITICAL
74.06842170302191,99.99484463434509,0,-3913.2150185519513,1076.776911803686,18505.720212817258,4134.889767669282,-1008.1016446288804,1188.8726848456818,CRITICAL
54.487681366581036,78.29893321516377,1,4802.177874849466,119.95680111653047,21384.381281232272,360.8203885473851,-317.42385525855923,802.9480539646453,WARNING
78.30311163347436,93.57071646728969,0,-13309.413181874499,-69.31607385934302,14810.631176597006,-2265.9561893825353,919.2520744317367,3433.0806317549427,CRITICAL
31.56864611049767,41.552517912472084,1,1804.2844530490925,70.92320030914249,15031.176574896004,-228.66945721351252,210.5939389362856,-15.302720521814873,HEALTHY
59.346383444611824,91.22815005401313,1,97.30336733158448,-4929.052157140409,15362.524985990125,-740.2656666254284,111.45296030111824,-622.5513789765646,WARNING
25.533704593546585,58.50138864532592,0,400.2189704070378,-784.5118938133024,16855.826991266396,130.2130113340608,-233.953686765018,-331.81831767753135,HEALTHY
30.779056110352933,48.549467519276426,0,-1007.6818255154478,-1.171176191213901,15420.421966114529,-542.8273557020946,-45.44801295497814,171.50878143133812,HEALTHY
84.54460901672171,94.08872992997625,0,3903.665376636814,5903.561455237343,10410.145556535039,389.2151969220485,766.3807707546549,-800.2721266051202,CRITICAL
82.33455610486193,97.56943262254127,0,11930.738871036556,1391.7346296383057,23304.737233879394,-1855.613125706137,-972.4108264235247,-621.4493829065111,CRITICAL
49.62711664215705,88.60122056613673,0,-120.9065914612688,-527.2975995178067,19158.504839130874,762.165658555252,1246.7825935175122,-455.9882530044889,WARNING
33.372200234352604,40.11684130485448,0,-611.7690909052855,-37.03679704841202,15954.69777548274,-138.48419597477118,-281.26349273436676,-16.621114525738953,HEALTHY
74.182737140217,91.75520423995492,1,3064.2592257538154,2268.0938865613202,18919.108866049617,-4464.578712157034,-419.8459794568805,-1933.1507942295275,CRITICAL
31.699824903658165,43.949488275306635,0,-1028.0964078219301,-97.11820107514264,16532.910075846372,-135.8881845863426,84.66838972171507,416.1531808078378,HEALTHY
50.96431821309841,85.79007180900012,0,-2858.289065818712,1864.638615367788,19951.66016908387,0.5285637544920782,981.3338701802139,-36.66633210650403,WARNING
88.4963989723466,87.45281426796188,1,7295.38356524621,-4678.741720445002,35072.49401666636,1444.3095327537508,-1255.9575222375659,-2787.5119138471623,CRITICAL
89.0300272054195,89.99146898859301,1,3203.6243883543616,12454.717327451972,22045.784906901386,4423.996399068273,-780.7681988205833,-2615.229680376046,CRITICAL
81.88922548059175,90.65071772867857,0,3667.4005098318944,11993.176760105629,10592.961371171097,-1875.2974846655554,-2391.738749246117,267.0450165107225,CRITICAL
78.89227986196597,86.808495241325,0,2923.3271942196347,5045.7333143021215,10819.624594476805,895.9603185928919,30.723603209081844,-1366.6556390343344,CRITICAL
23.84102484141986,41.617343581537256,0,-398.63839001520125,-60.864087474746135,14965.249541408597,208.4983234678842,180.70649812516848,3.8000662124299525,HEALTHY
42.529819186405085,76.06145564342734,1,3551.667585384081,-433.73795264113573,14453.994899043755,384.4259758844439,298.5217326906289,-1044.4076601631407,WARNING
56.068471381963256,84.76166954394289,1,799.8059531078588,483.3880591264387,16177.546660984037,-206.0023660070146,442.331027352751,-387.6191361824484,WARNING
23.5043714547285,56.38243709050037,0,-155.36773419032275,-1984.043903188063,13813.013857244834,-395.0815233821217,-58.41784206220162,-53.34200197682261,HEALTHY
21.54122378678635,47.561580989101266,0,-327.89471651291785,155.19068385897913,17209.098264667635,-173.42604314218005,-131.62329781505133,-60.74520575533293,HEALTHY
44.924095370175635,80.872243301295,1,835.7567440631468,3643.4291061614167,17443.879170158023,-61.9850360801075,1035.098097623431,504.1810611829425,WARNING
32.07445595598882,42.09565182379445,0,-1132.6690518768962,344.3557692879563,16010.33792173583,-101.45428211876244,-118.78063440406044,-21.244298768402267,HEALTHY
51.425138032607556,75.15302491322436,0,4748.459402419866,124.98606780076739,14253.05189535302,594.7788174498658,-78.79237040232499,736.7853462188378,WARNING
30.435164948230085,70.63137170862898,0,-1125.480038096064,93.56984702573578,17786.121748421167,-165.33211875584192,66.78337807866019,-241.14808600252354,HEALTHY
83.35813283737498,93.07145403209256,1,-1618.0797703471271,-1854.204154227569,19037.101728416128,52.9795025571506,1278.6732084868459,5040.255220040936,CRITICAL
80.20968944525083,98.0498006146688,1,-9283.671307481514,-7256.534723351006,11414.765766044216,630.6192535411823,533.6523421607743,-1358.5806392552108,CRITICAL
59.55791975572253,83.6884027623666,0,-3040.0235958543753,2144.0341966318715,12255.389374089524,1414.2583516725415,609.5585595819157,1952.8581473060772,WARNING
49.067070758283904,92.79192926272387,1,-1606.9353700672889,-673.8235516129097,20597.72942927351,1176.5334018156832,-1379.8257020507333,-45.22640155596844,WARNING
24.075612782811394,48.50907864521092,0,645.8904202758926,-1099.0447515548726,17636.28366195664,32.25990853253902,128.82475357002176,16.397762764943874,HEALTHY
21.54685803253899,76.10211626718267,1,-2456.5931457733946,-76.53206135154646,15794.347143312834,-59.66024463274149,-82.25811813196283,196.804708912618,HEALTHY
27.21179252269591,79.68063877587343,1,-830.1334105804594,962.7120960637839,16501.681759701776,-301.7353978525282,89.96598355102627,-186.10376639567357,HEALTHY
22.055792042422333,74.48845693287753,1,1699.4359830087096,-401.79502694163364,17065.362326575305,-230.73845626797169,150.94665961356185,39.88479719735342,HEALTHY
86.38695850400784,93.69286650870866,0,7038.608727277225,-4844.440119015714,19714.713080383648,1314.3475516073736,1236.871012400124,-311.1655745230338,CRITICAL
54.19792217742448,86.64401801514575,0,2360.537100629536,487.90511785454504,20547.130584861738,-125.09481919444701,437.3724761377127,563.4598015461431,WARNING
46.70219720073888,92.26108786231899,0,-758.7193987460892,4985.862374299624,15659.207285340342,495.16500259937925,491.4074280705854,-271.1180767563468,WARNING
51.63060948554221,78.3642720466842,0,8443.457297706615,1691.2686910999375,15360.64856195344,-739.2780984309607,-1316.2018873981492,-717.6533600162031,WARNING
32.314715259487116,62.66421035621852,0,-741.3932766302569,1660.8024019379084,17048.71408630889,18.19379535508181,-36.1568727790982,-61.313889426770054,HEALTHY
28.396935832696464,60.80461658009578,0,-347.18649511226243,770.8022199879712,15330.164504635655,85.56287903058065,-340.3804460036671,-112.26759928844119,HEALTHY
23.48083609551734,50.614804464079015,0,-714.5470084708703,-261.70506767822695,17213.129827336114,-5.4663868212186735,-131.23919097768862,-146.57857714544517,HEALTHY
21.59839220701652,76.23956602596809,0,372.6481864800551,166.4931271151245,17926.736367279776,48.69501542735404,-80.83143189586055,0.35897457562141705,HEALTHY
52.62578624665462,76.99323227110881,0,611.1198962436323,-243.45251478366896,18096.810846038265,618.88702472198,-250.5768221273785,244.2536791457798,WARNING
49.25126616627599,87.02768445537461,1,-2160.71315485134,2839.0514637286906,15592.301135164376,962.1394869992915,564.673481515054,-2060.199095830213,WARNING
31.747421463855456,44.899914478639566,1,-960.738878335462,-1196.7468099250227,18093.828186076997,-33.74443563945405,-36.59868436134012,-220.46189484825837,HEALTHY
52.78781771806003,92.45746571534252,1,581.8229366901334,-854.5646722059308,18643.239772256624,-334.18232984378403,342.5620943899153,678.5826015199426,WARNING
79.87741093356622,89.13333723057859,1,-1221.1452952291827,7048.439142201061,22054.053406242532,-85.20840323999799,1923.0803677984845,461.34376529438333,CRITICAL
55.68727890882332,80.38466357148633,1,-580.5886533087586,-1126.9309332334346,19329.987003941944,47.69278898954439,606.2147454892217,1032.2417892605852,WARNING
58.07491541217883,93.14234838360265,0,4348.7111762967215,136.66354601153316,15654.719489547197,-277.78758910410653,-767.7065554506889,-470.3893260434735,WARNING
84.98312918146549,95.88123446179677,1,12985.985095201431,-12989.607451313304,12353.800147429127,-1058.325429261987,972.9325261423902,1053.341712672048,CRITICAL
59.25473822794513,78.06296167327515,1,-3053.2434615130633,2160.9787435166622,15582.43880923297,-425.2646369444975,-501.1770562287596,59.53210214012727,WARNING
87.77487275316952,97.25712899842358,0,3112.7078734706593,-9846.049177187531,20215.477355002524,-971.3708873742032,4418.933579605909,-600.9947787108129,CRITICAL
42.06038388884412,76.43615090890938,1,-5162.962180302976,2520.257673624836,17351.465745982776,615.8149865405047,-515.55675775426,326.4547763229192,WARNING
42.731338534066005,75.33278928403901,0,-2301.4580645911938,3790.7211263900354,12458.408364795388,862.5986806575818,27.24107961213121,-342.62689673939354,WARNING
52.79233464864124,78.45844995254522,1,1739.132547315928,-2297.5293849777026,20903.40055193392,387.3551164151132,-232.8671540274362,-356.38206642036545,WARNING
80.34015845123422,88.54431562059281,1,-6193.374815653631,-9110.013595610133,15120.074944207428,4858.5239176821,-648.0063781875216,216.10478654392244,CRITICAL
22.08674291214593,44.03178412063546,0,109.39479460489294,725.7666238986923,16865.009231736713,44.77680485582628,-158.09489108906237,94.29367142719914,HEALTHY
56.51217345015188,93.73547899046004,0,-840.6235693505014,1443.6024985484241,13799.769862402425,-54.479438972508156,-49.121531353328,388.28953695594026,WARNING
34.71544233672614,64.54831878174988,1,-11.78136214232736,-1476.844161362518,17315.306349988772,-11.12416208834406,-6.749124359608012,-17.433325417301177,HEALTHY
53.838628393461846,92.8019684837534,1,-2161.9590966968826,-2364.9736157656075,15164.128377009378,111.49727690539159,223.6476183629332,647.0282426220194,WARNING
74.02124815698397,94.30828987892322,0,-3983.2287994574463,8815.60389022396,14062.278726253338,-1593.8230474234745,954.4792462122691,-2399.222150471078,CRITICAL
80.61838005307406,98.0907676194354,1,4833.356366451776,-2271.181743794265,8122.399778263668,-2759.5040024308546,922.3878421630172,-3752.3252415609886,CRITICAL
87.55738221851057,95.32259548040024,1,-8101.90685898916,1519.551733603763,18956.935327760017,355.56911280900204,-1369.9329397046931,-1617.6903017218422,CRITICAL
25.985689192056665,74.31945015690823,0,1107.7204502817003,-708.0788661941414,14828.101349510105,-54.479194099961795,-419.0315045359971,50.83477844924042,HEALTHY
51.8820927655085,89.16294669197114,1,-2332.937416411345,-281.1694527675333,16211.167650747133,-547.3872180573763,612.7767180836968,-1077.8046373668737,WARNING
33.869940324373935,54.16984012756977,0,-1022.1362438736228,-1056.7094483632247,17431.496914875992,-189.14431750369454,-164.2319416390673,107.50342539462852,HEALTHY
31.711782250482145,47.67093833174684,0,2845.3142746971903,-309.29882589326496,16995.375867564348,44.536092719841555,159.49353864156487,299.2232734133241,HEALTHY
32.512079907853774,59.5881612743142,0,-608.4939037312018,-1007.8679132221303,16637.737296774834,-358.6152795824779,-57.58121537358405,49.00773286308118,HEALTHY
56.29308901188101,80.8010142459155,0,2512.325735169708,-982.0025422028549,13667.409527786796,71.96997020854823,454.36536907125054,644.3567025459752,WARNING
43.76349292105836,75.1660968224666,0,-1470.2732444887533,481.71435576271784,17776.670897854132,-1132.4103413873847,704.8236935124335,914.411950700583,WARNING
24.7705941754178,76.98567164514546,0,-1235.837741352225,174.37538567501718,16201.3379601363,-87.24835402336333,16.637943344302858,-304.03514111168886,HEALTHY
67.53270917057286,88.24820746829997,1,-2634.694205937901,8201.472549421882,17620.47998420186,-847.9452065142456,1386.7429844171613,-307.39020769915595,CRITICAL
69.8326819695986,89.1512134656029,0,842.5552046690052,2612.4939163856448,6034.0873952123975,-4848.529741394572,-2875.0915628888165,-961.0868512135514,CRITICAL
41.294755321529614,77.26451584502435,0,958.7251607381208,-5055.93091757522,16080.994831562677,-130.06854913119628,499.64901324923875,823.7924399354597,WARNING
50.91554970811221,88.07835576546694,1,-3658.1920302144063,-5489.363650748655,17294.955076389975,730.5442313289708,-359.475726831547,-398.7909712607781,WARNING
45.77658859839217,83.18015473472546,1,-82.62472182651157,-789.2721043273515,20419.857292294255,-1478.316827129553,305.5162206737603,336.69953274273644,WARNING
28.206914638533508,41.631400537420724,1,520.6464247290675,-167.65898262910403,15369.82605617273,209.5520728482759,125.61053261656726,22.916738123214852,HEALTHY
28.74999364982776,61.53536747585733,0,267.3467494252629,253.41475987429968,15680.624594505682,-24.683771409629145,0.8523334438175576,-18.23834939474218,HEALTHY
82.56821957654405,92.41825285145777,1,4337.3385214039145,-3358.7418063120986,23442.153328972094,-920.1277786435473,2313.909084762678,-40.17905363144048,CRITICAL
40.703900042803554,86.79955209399199,1,651.6403867630066,3293.8520475435002,17818.142408191787,40.4279026670595,447.8162546892263,316.7475192718777,WARNING
67.28035696881625,89.94152107507391,0,396.68743157356135,-10053.725732103369,19451.786429975964,-2409.6976908093916,1579.4126552475075,-861.8846450730392,CRITICAL
88.4794056234408,95.10838542074417,1,798.5481645299552,-369.3025180339274,4929.213377879464,-3456.3138333570555,2213.549250520533,1473.221528413769,CRITICAL
82.43082851100677,97.80134904263714,1,6067.752628247739,4820.361363222427,11194.11286055971,363.1561786542687,1152.389997042333,183.92288451703885,CRITICAL
22.9950460706097,54.850836820215754,1,-633.14900395725,-974.7369907801692,18527.68665254352,69.16733155911274,140.15320144109705,146.61202317443013,HEALTHY
21.471238711763668,59.529645480871125,1,-389.5966068587924,553.833331781546,17475.551424314,106.6028158302278,202.38066236534905,64.21046666643278,HEALTHY
33.16208020290579,69.40284175215542,0,50.74395885526644,494.5998918817146,18062.305509822894,-374.89377497190236,322.16406187850043,105.59208540529477,HEALTHY
77.11756896692313,91.35242558241802,1,2293.844051907726,-4189.3222922794575,8556.881439451994,2516.813235185514,-928.6807446579933,-908.3136539935484,CRITICAL
23.82773343161346,74.33881010393051,1,-162.28244716741406,-25.34727475042437,15793.171889092524,-14.995851815510258,-403.8812257581603,109.76717660369249,HEALTHY
24.020954612343143,64.96595631396536,1,-627.3105416773042,1251.6514713998245,16017.026801119617,94.47932856787169,33.28302975257768,-195.19596165833343,HEALTHY
89.44072745756857,96.78613919683784,0,-1595.2197173203112,5877.345694818637,16657.08017708741,228.96742052683325,6.747095661323962,2559.633937615505,CRITICAL
42.00572944957811,81.72216978442286,0,-5241.998702069931,-462.12590162632523,16632.485223903575,-577.7482598733343,514.3240170187058,-1023.5602807647331,WARNING
88.40584752992132,88.55830500872001,0,-1847.6643379502518,-4120.218029939059,19080.78791184688,72.49145464652155,-2712.344122389935,-974.933650917969,CRITICAL
59.72659309102679,80.63363667296336,1,6045.889383931128,-77.90091200369405,19499.82452768736,-808.5059481799317,-1678.7141666756283,-985.9020432578526,WARNING
54.68008701199209,78.46436762373801,0,-2095.904700002019,-3031.6428315582843,18338.856338629797,-45.787163516775806,-9.452271215083726,-774.7130914106157,WARNING
46.9299012635365,90.4879707403451,0,1493.6316905419685,4610.29887920281,16421.08346991181,-7.63290720469574,-401.28801022745233,-1139.1425314383634,WARNING
24.383273456928467,76.4308064657566,1,843.414309396,495.2129531241121,16422.865562048562,30.863166326717273,408.34918211257036,188.4624420535736,HEALTHY
32.44348747142553,45.347826175977445,1,-231.82616924247532,-1326.198155642884,17750.47284234336,-10.37303336111213,-31.793907853976133,-178.57092817554613,HEALTHY
46.77763772497349,91.96272578606356,0,4422.407146564361,872.6729960651686,17177.80940562314,599.6727786942105,-821.2133328047779,-311.5771684079204,WARNING
20.946595536733195,52.98436674040646,1,18.016872044446586,472.6303458434056,15017.141636719174,118.51345476946614,-540.8783263205551,-125.97691047276207,HEALTHY
87.01912529020257,85.52370421904826,0,-195.7103143688228,12439.983605232248,4904.325945047464,2224.890115351727,1945.7263155095748,2394.847324044817,CRITICAL
40.80335627901162,82.95031503082471,0,-1131.4245448299039,-1545.8501264591257,15114.390607849997,-784.3823930456197,634.9451097920626,95.24690336948937,WARNING
42.92181399546172,87.64801790270393,1,-2508.060502754421,-3856.166390541883,14107.793526418809,1432.9004597414369,-702.5813077293028,255.86635856332472,WARNING
55.709828664285375,84.75707004732624,0,-2607.320654521844,922.6301214749201,15426.501963791356,303.84794102822394,-29.999373362236614,51.99158313310136,WARNING
71.07161626328165,87.49389142452095,0,-3426.0646493809477,-2699.823179101971,16141.129479200124,-3140.904503416242,-1106.880033601044,2281.6291644262665,CRITICAL
79.99585294403923,87.42309339920926,0,-1004.3716855687294,10808.348485651772,13431.442218206821,48.48354503109578,-2065.0980706087817,-2624.618943979141,CRITICAL
80.91088361433701,90.27726873130212,1,5239.425404145689,8645.873825543667,18782.07527413357,-1760.992764118163,1206.6425517007876,2539.482643091183,CRITICAL
55.67833857693097,88.7174491046288,0,782.0584656079723,-36.99271172047399,18696.28373581293,894.125935274914,21.218337033252773,267.46716652880764,WARNING
49.93412259393525,82.87155640291516,1,-1312.0429907321632,1012.1642324090238,20191.339811209484,-140.304238686053,825.335150877486,-1008.6459375172927,WARNING
41.51289361314699,84.25661314397615,1,1948.416285944525,1817.4802876219903,17780.121209682402,-82.43633989239154,289.26514057389966,-295.9973788385029,WARNING
81.73907869135358,97.1816079330895,0,3420.883947881769,-5932.2366934443,24089.76245836177,-920.3399370858485,165.55907332324088,-456.48189543714324,CRITICAL
77.29597760880851,88.0014642867824,1,-896.6554664449983,3545.213342867257,12703.680974718853,3143.2415809764125,2517.2666810063483,16.959554872964148,CRITICAL
50.72112708654175,88.22381799463876,1,768.4237422925387,-3562.4702794540653,22267.613048045205,684.640929265154,55.29991092662378,-156.9508854236289,WARNING
56.714844904493056,79.59521349711052,1,-2125.335506794046,577.4183217378849,17154.553278959953,749.7143304789851,64.34822590505836,174.25247417218674,WARNING
46.47878240321432,87.17460965169697,0,-76.85168340194832,5889.650501620211,18563.76752490428,-212.56316866510315,-23.85107092849457,-706.381119090939,WARNING
22.8973662668147,66.71697894384339,1,-320.74638863455823,-954.457012652753,17481.429831416583,133.8876026786454,487.7713413158503,166.96570023849065,HEALTHY
30.05380964066539,47.51614355193666,1,191.66963679677633,238.77071533735477,14802.18258465969,158.83673153695372,-112.69629611828856,-6.631066609998575,HEALTHY
22.50290302548129,57.2211735384883,1,-154.4655188679761,430.57267209404915,14034.471693008134,66.89984035562354,87.28502589861576,265.268439597444,HEALTHY
22.943514225317834,67.6030141675519,1,-944.7082092724078,411.55791725364264,17682.697400316916,519.5166805411526,67.61338242793,129.1944325639074,HEALTHY
68.78674725650896,94.58893843131885,1,-8967.957953624145,2155.7021540198384,15425.469835797972,-1232.9858698015842,374.04942668592577,-235.8829382184796,CRITICAL
42.13238545610847,81.91161746697395,0,-2723.1498571016537,-3863.0049644056508,14644.877186163958,106.86086603508942,-545.6497591774489,-439.3390713645865,WARNING
89.11432171066289,98.01657612757117,0,456.95406147750043,6356.6930365561,15912.58391506724,-1755.454670645804,-948.0185158064635,998.0273842262472,CRITICAL
76.04306228042323,96.05903035379627,0,-6.4833435299742685,-3624.193742672427,16593.574802528674,-2029.9248264573632,957.1290808007635,42.81064307594961,CRITICAL
43.372073227650844,90.8259549156789,0,-2506.3640809738054,3048.732556416573,20018.17043518488,-461.6469958223321,1155.523841013652,683.1174583154262,WARNING
48.66501485391501,82.53711965968218,1,-392.75307497377133,-444.0675940582469,13888.740222630571,-1214.8623272518084,856.606829753305,-491.57467965420045,WARNING
76.76178127687577,87.73493143832607,1,6226.39139604337,4789.58696778544,13351.55556295132,2057.8819150561844,1326.8029373331015,2550.2583958943565,CRITICAL
54.19790866762907,75.95731197812214,0,-2119.816758709456,-2193.439461450103,14293.146742503612,223.19890922415846,-0.31457907758312165,36.841859525551776,WARNING
43.769760998772774,91.11905936754965,0,1273.7839098242148,-468.32577455325213,19862.644917389855,-148.5710168879514,22.941546289047,14.855855583980883,WARNING
53.41160101653871,92.88779707396982,0,-2384.5855180268454,-1334.3953543168604,14072.521165138101,-152.63498160405337,-1395.095773510477,-562.9406122370824,WARNING
85.27478182638099,86.13780678692382,1,8507.05316479321,-5892.313862042162,16573.874811121408,1539.0492407973384,2219.9400645687037,-1335.4654695607735,CRITICAL
29.673594857973754,74.05937797255976,1,1140.493982308256,-636.8429101898639,16897.57332800183,-228.65592115890783,77.13139064739798,26.254272265931576,HEALTHY
24.453039118404213,65.96298635177573,0,-1096.2750868952019,-1440.0508825942943,17978.505063224973,-169.39226966366556,-198.27846989126144,-430.67802272074294,HEALTHY
66.28581110093683,99.10710044592157,1,3261.0256845458625,532.7522245513366,8827.855048786285,-533.0144177759288,-5189.188767190032,-2188.7570291696034,CRITICAL
30.301335804228632,66.96878529789588,1,103.04156577138856,955.6292730487398,17024.816411781103,15.97018904126882,202.30209828647037,2.547581326190208,HEALTHY
20.728440849434925,57.91814788724742,1,-1368.0741085319894,-1106.4745561139018,16485.75105077164,66.68180247854245,-11.211113188039421,-76.51867657747563,HEALTHY
80.82214750051033,97.2534405590798,0,-4621.714088867898,218.14230886972376,17605.13683253039,-1963.9211677789474,1192.6880015874829,-3806.1820797861574,CRITICAL
20.148857316917535,58.56380637814016,1,-109.10851765256909,-488.59758199266423,16115.005492696659,313.03438650577544,-173.17328742581182,-143.84866759259322,HEALTHY
31.121913667085682,62.92603397029555,0,-459.36089954024413,-849.8443694647918,17214.335816544244,-171.21676518177344,14.313247443878494,-95.53148935302333,HEALTHY
21.883483679558772,46.85179831286681,1,-96.62367001488973,-415.9669279473586,15438.253939303218,121.6492383369937,-263.426383989317,155.20558276869508,HEALTHY
85.4103238689641,85.69109697782758,0,7021.894353609096,-9600.488826087869,11029.16148901701,262.75966983672953,1422.9475747659603,185.4338048777383,CRITICAL
76.39808184250938,97.78521701428957,0,3074.216543675101,6330.63016164792,21684.934880583933,-1306.4552011635017,-1992.9609965983775,-382.56051140622344,CRITICAL
86.58147818165058,98.83162885612685,1,-3686.492881567273,-1014.8097640317895,11141.302677350057,-754.1216343640885,-2733.8783171642185,11.442562198244799,CRITICAL
33.29129163220274,75.82759777066467,1,862.4334095553571,340.50809274202345,15945.414289315324,71.0063196341675,-190.8078271088716,22.05182349778185,HEALTHY
48.23042438868442,87.01684851731828,0,171.57049983188892,2655.478269067978,12203.536227309669,-564.1908277671284,-735.2219940254984,-768.1045888058854,WARNING
76.75299415166172,99.4518799305692,0,-6340.634806848118,-4282.1607729508905,14140.913229050797,893.6545807329439,373.72257933427,129.22215477985307,CRITICAL
54.57767415344373,94.54910536669922,1,770.3208413412616,-192.9506902842408,17741.15930089555,-19.181603606552756,-238.01385343641994,-52.45630020660644,WARNING
25.11449845193727,72.21865132162347,1,279.083858345185,291.5636766819725,14693.328372393547,-195.69990917332126,551.0435487439803,-61.122122830760674,HEALTHY
79.3606899314319,85.1961042940817,0,4233.78740283078,-4917.940569800839,18311.999087884593,652.7566452390922,767.5010511963835,-2044.790581741971,CRITICAL
53.36518874416349,78.64952662198459,1,2493.771965823907,2947.3877081685678,19170.718569454755,-370.7390675364569,-160.86136366565393,-1097.1948849634675,WARNING
58.59330532600897,87.01427287403749,0,2187.1170677991427,-359.66068472854954,20532.323482786418,1336.9124075362977,464.86036013915543,-1027.43993845868,WARNING
23.628915921788547,75.05169394095749,1,-195.70240470299194,-232.5564477778301,16631.634472629605,1.2092031870610742,-102.54223235444371,35.671930471975635,HEALTHY
84.27776027937723,86.23259971931337,1,-5737.008361504017,-5296.07293296358,21992.809976173925,3278.2642558590665,-2160.505123156158,2829.49067593644,CRITICAL
72.54950567384842,90.57719309395998,1,6980.916477036601,4050.7892299068635,12222.085941250432,-1753.904542116851,-1283.9459111555796,-1891.3013025466748,CRITICAL
56.4005564453085,75.18950262523393,0,5885.121873797206,-2164.177349289543,15136.644170117663,-563.1790388867836,654.3325935877989,1513.57468454419,WARNING
34.12197213164788,55.44410551203097,0,-1144.9485200714016,591.3161169279817,15500.921341520467,-139.87560967929642,-83.70177624208647,-22.283755316318203,HEALTHY
80.92586022681773,92.5033717140332,1,-9717.739339604612,-7645.676790477681,15732.89427221117,-2675.7177432013614,1265.4930383930828,-758.046311499205,CRITICAL
74.96147227049565,85.3923421679862,0,6473.0973990537805,-12955.613611918607,13389.950413421266,-3521.272886675007,-570.1910316566767,-945.0017861698088,CRITICAL
67.53306040947898,92.01118430602527,0,3412.498805610416,11821.017262243658,13357.074892097711,948.8312660004435,613.6924785737056,-347.9588225522469,CRITICAL
34.465838849858905,48.68896396604326,0,721.1195208758526,319.55410121987705,15861.225051783436,100.55945890511549,209.69697474091015,-197.16209929509458,HEALTHY
51.68983084504453,81.57134837034242,1,1270.2192860519663,-3977.1146421467397,17693.319413534635,423.8807878099078,-304.3144776869339,-1046.638311112209,WARNING
40.08747964566019,80.47743639410741,0,783.8346926127464,-1035.7609790895685,16118.530347378644,-247.2594787136632,83.12375402780646,-592.2680409376931,WARNING
83.84595647963441,90.18173700959724,1,-8306.268865282142,-1247.4738603966855,15796.645568967182,-2464.908781660452,734.0935858599357,559.6237086047107,CRITICAL
53.673450434790134,94.5875163933291,0,5937.293292134566,-3421.6254642916106,16223.015544622183,26.22233380919552,249.51703983289403,298.22767238254033,WARNING
27.612636417039973,56.05010332814912,1,102.85857793233407,149.34191105988046,14972.943168933918,160.6309485228044,47.92550364779959,146.6108562931997,HEALTHY
26.464745942708877,46.99146860180632,1,271.21912889824637,1160.6114176936583,14913.339043062882,161.12570134074025,260.4689446791311,-177.7920652075248,HEALTHY
21.883246848477157,78.5391978989731,1,-981.6450701752221,-1058.5200500425603,17305.414180674477,-150.7827058733289,203.67107684565394,93.06923470532918,HEALTHY
40.080505577079414,83.03290354424084,0,3654.080269078092,-332.53390874344655,18334.55946126807,-356.2328587946607,-826.9337865124485,1163.2103912142118,WARNING
49.53214362974968,90.99025007924183,1,6132.154052856004,2595.8879622564314,18770.448952765444,257.38807725741503,0.6001339721751577,596.5396591668629,WARNING
29.11564712340507,61.5254827084354,1,-1141.2362168447278,-387.7617827065225,16785.464141866996,-290.4996794175394,104.33825191619661,-535.1369298072474,HEALTHY
32.5443696965369,48.6185162910292,1,1937.5543019623378,-2658.4764318542116,16216.608660794558,-272.88721444843856,-77.07400013018088,176.17346613881554,HEALTHY
23.897053715962397,65.36022812398446,1,-221.19733172579893,189.72088355805815,17570.38741221529,-47.27056678487185,-237.08400093606224,-79.77849845071022,HEALTHY
21.150842402793277,46.642100859261454,0,-2064.957387584735,-685.9980417194214,15456.215890939238,-47.875370301782965,-42.66595986185386,191.99133488674906,HEALTHY
46.21408437435834,86.612916007199,1,-4725.854505667634,-1965.840259693204,15453.453725883019,-482.27532909744934,-239.78816312455822,468.1094256308958,WARNING
65.48618593695299,88.537034259038,1,403.1260529639952,-3658.9273003637923,11094.009231505868,-750.3474496711127,2283.075320470227,2713.599370982959,CRITICAL
29.49861162366441,69.4361845278401,0,-1669.7791720684002,1764.6869342627188,15142.498769050877,-163.26108181096913,263.15330165643195,-350.62140938764304,HEALTHY
70.8582947991502,92.71370671424287,0,-131.2977905103791,-4222.356337555264,12186.060699049292,-3063.813916379928,-1588.3488568984196,-1105.5735502151579,CRITICAL
33.295529706433115,73.51493080477451,0,-110.79147568777582,-291.48942125335196,15831.104066306287,30.734804112837626,-8.705893300933267,-82.94047734539343,HEALTHY
47.65282310131143,87.2657278766626,0,-3401.2357558713097,-4710.722965746274,14462.263161329225,-803.4513254386068,835.9372628205342,64.1424200808474,WARNING
26.848018557243655,48.737617488673344,1,97.07754934804039,968.6449905328892,15681.946906122648,-65.53242931955364,-78.42163062643152,-292.7029896264237,HEALTHY
78.56805917345638,85.14700790400957,1,476.0445765950951,2027.9887241756142,18024.30060142334,-4914.534385019825,-1511.229620278823,1432.0246410299933,CRITICAL
31.5668422377783,66.18602747463818,0,-2924.925179196677,1247.811197916247,16216.803856927649,133.2332130943324,333.8457509280604,486.88172664753637,HEALTHY
41.939027852534295,82.02434039276976,1,1655.764114320573,95.10952547449831,20660.887357730888,722.0805954961911,258.03174386031753,-1304.2539536169372,WARNING
54.47968530496303,88.23899172959787,1,4619.667489255257,2976.3241092941917,15882.286954061676,-283.28709980432825,720.7230529937851,1387.7293151182494,WARNING
55.358751032360225,92.058487163569,1,1815.206830642397,6475.230444385671,16364.83796735633,-184.48849267955612,-322.90371542779695,388.9173481001692,WARNING
66.3260941803017,91.67789440324005,1,-8992.949483372173,-3853.6109478651765,18858.85803488893,-321.95541372954324,893.3578729397872,4205.700042281377,CRITICAL
68.17797422599271,93.8224616512031,1,3806.895335699404,4393.214029232389,11460.52612081007,-600.9542064046943,-1285.9227301551678,1641.5622551684708,CRITICAL
67.23620621062115,94.91702720377525,1,-2387.4865116808974,6336.783191994719,23245.90486490248,1092.481517226615,-1228.862261001408,1888.4691609712277,CRITICAL
53.75210201987586,81.98529811695278,1,-1153.0849882022612,-2470.6375029419282,21472.492333008027,954.2821681773672,1200.2211084739347,-69.33100518845359,WARNING
82.12948810516238,89.01385267491779,1,-8073.76750996888,5709.312468474517,12834.13815841887,-14.47462689907123,-644.4823076714416,-2625.2165343053803,CRITICAL
79.05478063550228,91.03623585034379,0,2330.2930614311686,-296.1640002590685,24847.482392639344,-1418.2797532685904,-337.66439635904015,1251.2006591159493,CRITICAL
49.998287757337195,87.62544513282319,1,699.5539898606928,663.2208619595203,12810.683822564839,900.3764605184011,84.8275063304748,-141.85728397550457,WARNING
25.372171717937082,55.14569533616376,1,-948.9528277686779,-906.9028747220608,14033.544147375638,334.573640379706,-172.79596981521564,-25.306515949411995,HEALTHY
66.86379712175581,92.24337183991415,0,690.1533980568429,6052.575042798811,23003.043632761837,-64.0376089741416,581.3329862260991,657.0695078278965,CRITICAL
32.177196604186676,69.67330854914638,1,-3221.0163559857133,395.5988347629423,16418.271814200223,-336.1740918476241,61.945355827200444,95.1503983663064,HEALTHY
22.880350537045167,66.66742607570052,0,-1586.1016588219634,-662.9787800892201,16799.15398434871,-132.41595766679384,-118.22334747694177,152.65218437496836,HEALTHY
85.21877424610082,86.92324732318582,0,3015.9109056199286,65.63845545554383,15765.299124068764,1073.198866854689,352.95328495898224,2615.4454139523746,CRITICAL
47.60888903531922,76.13029248776125,0,-3596.050423296932,-2076.810657634559,18257.06683811733,-1.506831333852884,-179.63247212052076,-784.6583931643642,WARNING
20.20547825613372,43.20888985822856,0,622.0699903060487,1328.9333195354095,16770.808520689203,218.1960850371934,402.45408914015303,204.74190922139627,HEALTHY
30.11056801137435,40.66641884976864,1,-880.75408960273,1798.7250183513115,15648.798965236754,331.24165041145915,-48.6122397761733,0.45758722870080987,HEALTHY
49.062726629569994,81.30477256802043,0,-670.6923033111145,295.79371140219047,11688.7704152925,226.55705040729757,-544.9652089706387,-1061.994520889835,WARNING
51.699834974038374,94.94043609123395,0,-2222.1492450891865,-399.3712449789666,13848.589454682578,237.28312556778303,-162.59145195963097,7.38199821871792,WARNING
85.64924237088671,90.45293612334366,1,6549.367638093951,-3474.453042815277,6257.447806826416,-153.28411767251941,2125.0730797299225,2628.8706706587336,CRITICAL
84.54181669426055,90.64360072586503,1,-441.9121575465411,-4249.092377394069,10340.9515857541,-1898.2352565599767,-1359.8718895168304,-2254.265167363687,CRITICAL
53.688048041292774,77.75340528522013,1,-1911.3672627687783,1614.7800385480045,19363.997288830706,933.5688188035682,235.76789067122542,758.9127118684062,WARNING
50.726170695085045,92.96135714346565,1,-2161.2290293915935,683.519474375984,14475.280938215936,-1213.1096519439375,15.469526485655063,-867.3162822169041,WARNING
66.8689461680445,85.64626324235296,0,-1442.872821195554,2396.0415642080966,21081.909231548118,1961.3999024547625,-149.11789975156137,-2470.9474953254285,CRITICAL
23.273113018282583,74.96287093220741,0,1493.9381997983448,527.9026489428971,17733.325062945845,332.28820274567914,-29.460079451003672,-106.5321945017518,HEALTHY
72.27846418698424,95.65362109541384,1,-929.338701354897,-573.2231690410626,15735.385807933684,-1295.7324784050024,-3309.641408542376,397.6750301008446,CRITICAL
59.42437579921564,89.54484639139957,1,1683.375473522676,-4486.521854606358,19751.28865967499,786.2050703371893,-213.09818516339058,307.18690572950806,WARNING
47.64887410108321,94.74913233920155,0,3088.709423757673,1592.797601028069,20279.960029701953,-475.4553560526702,69.38805473331202,27.549028495936746,WARNING
27.03537409576825,77.14222131576544,1,-694.31881043883,-1529.8329082032703,16183.402185069068,107.0090383407997,207.7873522872867,106.10051483358644,HEALTHY
78.05432011210846,92.78460783916582,0,-4894.435031181216,-4500.388898710952,15894.700683006182,-852.9539199397018,1052.3187809020008,-92.73910322809422,CRITICAL
72.14139085972786,90.14975192321657,1,-2972.9020865958496,6991.953595339688,24137.762481308244,-2791.780468927238,2012.4814946232736,1637.816612694568,CRITICAL
76.12305673372006,94.48803877981442,0,-4525.608967748781,-760.6998398320192,29288.3841309763,857.2742055225192,1719.2601887258738,-1284.649434998856,CRITICAL
67.11160412132186,97.30542022593738,0,564.6924809953838,2906.4652872132733,9274.959637149886,947.4300530778523,1893.5390920138689,-4661.545564051437,CRITICAL
40.850492670381854,83.39493949836412,1,737.9884203970901,987.2037250064442,14367.725927436044,-321.4542785924684,-123.29393839754488,-1073.8872854141962,WARNING
77.46194610594662,94.03297119546323,1,10192.322724115395,5701.717421355056,21635.526693324027,-611.1412558608324,-1133.8528384040007,1274.8100174567078,CRITICAL
27.147340960307393,53.028293403479964,0,218.76473678477086,1297.2492001860537,14618.571302474293,-81.35504325877785,-174.92796282961083,-302.2108067825731,HEALTHY
53.642803457826034,90.03043196182507,1,-447.7588840816269,3522.2768937073142,17532.107015948277,-504.5493577669919,414.6385388749735,-544.4475145930796,WARNING
88.42063682536968,85.13188919552888,0,-5953.108365834642,-3088.112300548614,13257.82433900862,2797.064489356137,4449.068677542421,179.59217397988812,CRITICAL
40.56914783687845,87.58709885257876,0,1111.3062489175716,2157.1995736625104,13204.543494595642,6.1407581128504365,-729.9097500395654,719.2574163606145,WARNING
50.18577981359852,85.64695455909258,1,765.9313599158655,-234.42350255311513,16226.40542492693,363.4167256348616,1150.4668061554444,226.08231936840116,WARNING
77.22257096635002,91.64016811816212,1,3701.162610480531,6335.057463300721,4623.166333610163,-1056.2735537989226,-97.53724039100555,-38.79983311878647,CRITICAL
31.359433581067893,49.080051973536825,1,-1074.6763416278968,-1326.015412034066,16800.53466261204,-2.2965139240212022,-16.71482937096541,92.90518446886664,HEALTHY
46.65192168791935,77.1759169276191,1,868.4746042713881,1015.2127746860725,13217.652927637571,817.103502168646,-1974.1181755684836,583.8388162945582,WARNING
28.030371527639915,47.13783860911089,0,1224.584437626143,1623.3965622990456,14847.05203997368,53.550244872892435,291.89872067670433,-337.0621877523881,HEALTHY
68.30932398506256,86.5630592853918,0,240.44386348954438,4866.5678861311135,9947.330043429016,2918.232089815264,-312.4131103411498,354.36365886832607,CRITICAL
23.307057214990547,46.5826423371734,1,-323.5092195836363,-80.87957289112644,16000.955836275545,192.63654857056326,282.8590212008843,172.58214859164283,HEALTHY
56.17854614435583,84.050672880586,1,987.9398980620298,-4313.740552983448,17462.833696478956,-149.31766811391915,764.0218924888562,-472.1311625596358,WARNING
31.459447944884268,40.20315251902909,0,327.8110735741233,952.4781569528053,15573.10606379975,73.36280865708844,-148.09802126643174,172.96488769820232,HEALTHY
41.91337420856426,82.65832814659548,1,-2811.2455830707804,-2754.3426571627842,15703.425289075354,-1277.9608592107213,-565.5718484916797,-1261.5976492036582,WARNING
26.343026135886305,60.68601449135509,1,512.4662173605693,788.4248952478341,15774.027057905349,6.237660493543385,34.898982270651565,73.6127463866642,HEALTHY
23.286890970062014,44.51372748734486,1,1009.4717885959687,-844.9414385934964,14884.9840395416,-18.368952866991027,-17.487065755436223,109.6639255108998,HEALTHY
23.265933495244003,64.84906121920669,0,420.69963101847884,-577.9207768327105,17265.14672081337,0.26513774688144587,79.08419707760766,-191.51379100304246,HEALTHY
40.86004330889144,77.4353275519913,1,2083.196542758583,1495.3881186617657,18779.979879042785,1123.9279682693143,767.2825547864287,137.78197923135122,WARNING
40.264625583872366,88.68950203756955,0,-363.3735557847127,868.4937160869041,13913.992954992647,-103.03492553760805,-139.3437876319089,129.3789235351578,WARNING
24.567356365310456,79.31787518218803,1,-132.56567734489693,-372.56884237644925,14942.480173036172,-104.77996566878534,289.4021333549614,265.67810908236254,HEALTHY
21.543576325130008,69.205207511057,1,-772.4149910105881,889.5412311690245,17972.294152054943,130.2550088237377,308.7395521984828,17.07772202699166,HEALTHY
81.15475423833092,93.99481637569718,0,4253.19550676649,-5172.6943705470485,26439.43086016706,1579.4964058769442,1832.1769443024612,1879.372809819502,CRITICAL
54.87561860289712,86.81999918171908,0,-2358.867741207374,-2471.8705083224636,18533.547724136246,249.8382777508254,-40.75360488265993,120.67174312939032,WARNING
40.80975648656609,83.05779157913261,1,-2903.6215249650786,1826.2707126619118,14650.475454744179,-608.3622821539911,99.86243060923562,-1350.06369347897,WARNING
50.75663422344828,80.29504470132419,1,2339.9328981640438,2737.3351391048222,20978.85507498069,295.50058453668385,-174.1063968577728,584.4925991650101,WARNING
52.47251894594528,84.63399676024682,0,279.6426283617045,-327.2007633634558,18932.99433011194,8.594522316827057,367.62528711201827,-1631.1997338224978,WARNING
81.7786227935793,95.85313786075048,0,-3635.4838297462893,-6659.237870932914,11948.374776259137,-1579.5389064306332,-1019.5670333420752,-502.873504946988,CRITICAL
25.18824585429435,64.83662071069908,0,-586.5480885213431,1910.8045884587852,17487.666942525804,345.0832550110932,-125.81439441388578,-33.71117481255221,HEALTHY
26.224966375561316,53.077684010187795,1,-1311.0860623691908,256.6428171443729,16349.57350684927,-308.5451018964257,-422.7331085119461,-30.452766683498982,HEALTHY
82.82400444411074,98.38136250086058,0,-1285.7238441799943,4862.007770744676,18048.237709347293,-228.48782820425126,-2801.0447820614245,2996.1005690731904,CRITICAL
56.254600988631715,86.59261140473227,0,192.95473680526575,6215.92924719706,16098.314862657824,-158.35803875332772,838.0040818594446,15.379852028764226,WARNING
47.89575018341428,89.88341994365638,1,1984.8663336781372,-740.7680555568003,15736.186973417873,-172.9161515460885,1288.0256361711722,628.9846502388518,WARNING
58.53091082871255,76.26260320648906,1,1170.9810505873202,382.0997893106345,15658.432005936898,-496.04815932419694,1439.0939725408612,-155.31062979752306,WARNING
23.804637115120634,49.1224726760008,0,1398.5123554517127,-399.4000361605468,17298.335597648027,-213.98520911282785,-540.957959571793,-18.90278807355356,HEALTHY
24.811141106571913,68.97690690456469,1,-1251.5394241904444,1443.7646040732598,16301.848821607431,223.45916631762557,68.54506927554083,91.35064383075678,HEALTHY
23.590547545130693,56.71874032055548,1,435.23813718513145,1672.046882004341,17517.57329078902,-103.66720197481717,253.06319619812513,-95.714938302503,HEALTHY
67.92735202849995,88.86303175360875,1,292.68742978657406,7640.216671593971,16205.70830757072,-107.11208811025656,2290.27758724175,-4.500276830073398,CRITICAL
80.61216390269051,87.070219082135,0,-2703.5990199292114,4804.434162846877,23326.51455416317,69.15856305856991,1963.7334777733035,3300.6564944006636,CRITICAL
77.58831564741757,85.98870470055881,0,2866.4552571298,-3108.351937060036,9388.161219959931,-143.36880194064213,769.4196988141805,326.14657160834605,CRITICAL
34.9920184130387,64.89503725892696,0,84.51847581532724,-713.5846699071756,14563.239722197985,-141.15469661907304,-278.3916761903463,340.8204156118236,HEALTHY
32.841987485206154,54.270748464930904,1,-270.1599923826637,593.9267344226445,15279.588722488415,184.79409171688079,-100.45503490157724,-98.55104223881578,HEALTHY
20.86766674170741,78.31159203952815,0,187.80254789108838,-1593.7170153510328,17675.946696566865,269.76588408783005,294.06415440729717,65.08635170725954,HEALTHY
33.0289869228419,48.94383354077811,1,-1896.7472201829223,599.0933258291411,16215.92921079447,57.03506492993071,-94.38394825802821,43.44129557861293,HEALTHY
27.788401162842916,79.72904269122196,0,313.7231828969071,-1484.6047919196528,16992.26716634419,269.18700156766306,-34.929589136325575,272.0336261656025,HEALTHY
20.51263383561631,52.786082490212024,1,-109.41650525101055,-675.1375045601978,15160.220787227661,-78.15287325088201,-234.9443162418178,-75.476804327888,HEALTHY
20.536493645224027,61.129064309086274,0,2238.353161770862,-938.954147968868,15453.114756296805,305.48587737603617,38.981441052475134,210.60000545974816,HEALTHY
43.30648867961084,93.70791908367401,1,371.3697589815972,-754.3326348965894,18716.666514302462,44.47933319265617,492.2776796671631,-1241.642592541763,WARNING
53.759680430473395,81.45628995427687,0,2992.2169097914048,-674.1183806037659,15879.855218250808,1618.7373338612554,671.6098962976113,-467.85289332062337,WARNING
20.515827816728276,76.37281608315128,1,566.1128267810409,-704.4534503765905,15006.060696177517,-70.62333040141365,-92.29314363483665,13.33145570172487,HEALTHY
45.34369034341371,79.35228048897652,0,-3582.6010115446356,5479.095637637468,13430.083552243968,154.09043124144313,-1218.4904244662348,-279.3493774701653,WARNING
86.56495926016383,87.31987750278223,0,7936.456991278719,786.6731770706052,6977.365914461349,201.89394057916203,2185.050829356839,1198.8820306125178,CRITICAL
88.74090509054915,89.33551096335246,1,-70.6070269418037,-219.36565577502392,19696.049861894673,1138.6033357787635,-6669.7854212516595,-1292.7150742987267,CRITICAL
45.87845457943009,80.07825849340057,0,6158.892330330648,-272.2662378458301,18761.790768255796,-691.2519554286279,-1180.730435814687,639.758328526094,WARNING
20.33408682600836,74.76486457124139,0,-1111.778299134442,-966.3790937920689,17158.580497731742,35.822802273693476,-174.32043963146003,-117.55318099423191,HEALTHY
21.045360450951794,42.328700483013584,1,-697.6164506090564,-954.0544541045876,15968.824718836288,-225.24764141721255,43.0441465900436,153.31027086755432,HEALTHY
46.84059029209206,77.35614426135369,0,2366.378403558684,2052.271302922768,16397.644610703286,-1069.3066589490313,846.5584248343341,-466.3843704525538,WARNING
82.1294644545055,97.08274943024594,0,-5896.509221394505,-1845.3679590933457,19771.7538190474,-1338.683582949566,72.23180754490147,5091.250391558067,CRITICAL
89.13665639953943,88.05545105663944,0,1074.8027414579412,-7766.541035389844,7358.073441473663,587.5361619588801,2011.9966792653634,1830.4439250088415,CRITICAL
85.42773487980286,88.56569230379132,1,-1647.529473306239,7844.967847390449,29579.128227334517,1726.713029209416,-3463.1139799341167,1233.6261574771902,CRITICAL
58.356050804191675,77.79284660419167,1,1147.244550495685,3279.8565573301407,13076.37118708341,1624.1527541872356,-198.5789296682473,-1232.240427908974,WARNING
31.04053100639098,52.80064452349567,1,614.1292794504429,-869.1939785516023,15157.929407183694,257.2964129288949,30.786038619801005,103.80721560992528,HEALTHY
32.990958342506126,41.808746804247576,0,1399.596647852733,-447.42802425813824,16724.61525128836,-2.755591053438379,274.4755593094493,-135.55721859867688,HEALTHY
34.299863973307076,59.40527630857339,0,-466.21078219393087,-88.25146273128725,19363.054963801387,-22.258581521061394,353.2479720598812,100.3975314777666,HEALTHY
51.75884476776529,81.61952138874942,0,-6536.85498199998,-72.66964912204155,15778.610138243646,615.3209293888267,857.2447022525839,1800.0015213673023,WARNING
41.300785987014066,82.98661665854374,1,-2594.48868254546,3691.8591769707273,14828.681299109026,1074.871541360318,908.9789308383587,429.8253847700457,WARNING
33.678087272675114,69.5578338631491,1,466.44580083980594,-120.50819676589646,16615.257747184085,-17.01463496502642,-55.440623068336556,96.9381559236817,HEALTHY
41.38266671634979,77.94728804309823,1,-557.5642031660055,705.0905261555514,16001.862520464436,303.4937221343155,1234.0857567761793,-355.4017384047997,WARNING
50.31093988150284,86.3940926407082,0,943.8641536227851,3661.2814276420736,16016.118335557025,-601.3572906188551,577.4467196231967,122.15874732874775,WARNING
69.45937504840226,91.32743203862191,1,-5086.235129981525,1678.0128101728683,11759.778030411955,4620.201758029972,1789.2538968438876,3916.5617063967165,CRITICAL
52.8905027134072,91.02624529710945,1,-282.341877612346,1395.209404365184,16699.134803567762,-869.0634488677487,-650.434714547537,-488.58357887132934,WARNING
29.729684885930943,68.86215530373845,0,-1025.9648174807778,607.2890151016928,17851.85044499731,-6.052611519397151,519.7645800149164,-344.8123621736071,HEALTHY
20.35298741621148,57.18491455587377,1,222.28985580085407,1278.8658133133931,15431.683619261203,-135.39902769170627,-154.5318890541648,166.03836237252204,HEALTHY
72.33476190354071,88.63234014272112,0,10044.116564623424,1298.139207547726,22214.357858563017,-597.3307811593967,-2280.3943955122368,-2618.7878908665543,CRITICAL
71.88049808595214,97.3041144086462,1,-11836.103544289954,-4267.799379298195,16747.483743034576,-84.87731400939958,-175.21145760088024,1969.463456912238,CRITICAL
34.94380549636887,78.61677405155174,0,259.88279424842347,781.8228717773101,15147.049289121918,-264.0913226168553,104.38831312337953,59.39693464663721,HEALTHY
24.758887615353014,70.652162844756,1,-798.85230106258,1057.136768800929,17336.030131437303,469.81985175755574,129.85511530624237,-71.21732486402176,HEALTHY
34.16377395687751,74.68795734220015,1,113.51734525124799,662.1306745210463,17970.01681614535,-247.5630997653698,426.60667493125334,-390.41755990450037,HEALTHY
84.0215168938644,95.5921655078478,0,-11936.135202353691,-6795.7854678595095,19378.711888763417,1346.9062166318954,2258.673584326198,-809.0223346382271,CRITICAL
26.07452881064283,79.95171743262618,0,-398.3364441302368,1185.3697808237873,18074.02384541794,-77.0764802125356,-111.64170656636394,-36.4148940183853,HEALTHY
76.540080419283,95.44327596287545,0,222.08626497685353,-2562.6632923957914,18442.29118416426,932.2942609899084,-1530.2693342192408,852.735637947114,CRITICAL
28.07489558014868,62.60295165920421,0,1128.8915734423497,1464.0135968022555,16414.75716368369,-72.05783921592555,-134.86144067005517,162.7149217693613,HEALTHY
57.78451204169787,81.08149177662703,0,-997.5171255716033,1237.1780005040591,17709.7748406199,4.646607266773713,98.04151428137352,238.53737300920614,WARNING
58.03976188586312,79.72807917906229,1,2331.883080790649,2467.760496088649,21153.201585784947,-287.7945709478076,-1364.7516359833126,-459.9043957589802,WARNING
26.665934276766208,52.13131757618108,1,-1137.1787758025603,-892.8295973180795,17916.933370535557,6.54155125375358,20.337079089459536,21.130765005212275,HEALTHY
56.07223885912036,87.76278976982049,0,-4757.858014934195,1351.0600063260722,15701.377293712107,-1911.0824703393962,52.748639898964484,810.4927960217021,WARNING
67.51759068280894,97.1940118735024,1,4046.2067138903226,-87.84812281990898,25916.59133937892,-2526.151301051842,-1156.327246123726,-184.4423162548267,CRITICAL
26.839689136399052,57.738233455276166,0,414.6985287308868,1491.9196463452724,17549.806019208387,-40.89099593704491,-27.05086507873849,200.71331203665704,HEALTHY
23.937629063998163,44.87556848321436,0,1958.4984018789946,838.0769680816746,15929.029687039621,-74.47461168117619,-245.4405797316586,260.1290484532104,HEALTHY
47.10127992329768,94.55952238705935,0,1990.4497374405855,-1891.961046869227,18164.838167033417,406.8018899060711,0.3304243523594253,-132.8204527678427,WARNING
65.6715147789576,95.33912182896535,0,-2977.8448632739464,-5630.061839595098,11152.844677911558,1081.7368904238313,-5128.453846329649,-3710.140165446114,CRITICAL
27.451502882887542,79.51142080859549,0,1672.2792360868496,922.9321822094079,14515.799600044855,-394.82748966717736,208.52176712729738,-103.97067830975078,HEALTHY
45.12961052736212,85.58348906363699,0,-4221.606836421629,-1523.8511720870913,19904.315215878305,104.13169056370023,1524.862227016442,-265.2897780291107,WARNING
26.211972718686475,67.91457581408577,1,-555.4447928650014,21.86574218222265,17171.322505646523,25.907927841209403,8.556580424864014,98.836042856159,HEALTHY
69.64769588384885,92.31985555863342,1,3436.080356404161,4889.463236196946,19205.71422083864,3764.357101213092,1998.750949497937,-906.9446326359309,CRITICAL
59.44097929551429,82.22956668188552,0,-3832.0197508580145,-2506.2059535174735,15379.353883312966,354.59424354857947,66.02156489490179,-1031.1187170049143,WARNING
31.55031842683743,65.20700339548166,0,-506.6028082758148,-849.3294858294081,16099.241371509981,-99.75303743872632,-89.76076023255628,233.0654835604323,HEALTHY
79.3112868561868,86.48050008580807,1,7339.593635083854,-3681.514933741914,15330.377471577169,618.93075311736,-1063.7838706748132,1513.8154439863881,CRITICAL
48.6134714296491,77.2936248475734,0,-340.88089916493055,1147.7001462559242,19850.653006609857,-494.0257943916275,-325.8599014301005,-30.216587764474237,WARNING
54.1771422640855,94.2557301765614,0,2115.169279320672,3766.0455628007703,15596.290180744227,335.70729114169046,-612.2000266841142,-99.22289776509655,WARNING
77.89505254163699,99.90703790051793,1,2135.707289065958,13738.47830684001,15485.282697279388,726.2440323708944,1789.1897339230138,-838.4206793713738,CRITICAL
24.935261567219932,58.8073037078666,0,522.8354880354996,-573.700003938579,16359.645407739017,428.45407172237276,345.50863402014227,87.26473393480642,HEALTHY
85.99947967530659,99.1331481418309,0,-7753.5545518084855,6453.407627999971,15459.665567130332,-251.07535978224738,-836.2313491990418,-4939.107656341609,CRITICAL
75.4046915233424,96.85040142463427,0,-3489.7227629474123,-12032.519688207733,27323.68565972754,1316.3131219079473,-99.130294736258,-1436.1401929705555,CRITICAL
21.454281853984817,64.25639106975201,0,-459.455415385183,-681.5978125874121,16235.660592209082,99.9974081863685,-54.870510332608966,114.50265752510458,HEALTHY
66.51492286683272,97.26203342524657,1,-6670.305155093158,-6762.812980139704,13332.605243780565,2968.888638499704,265.5388233807387,-1358.0398593938955,CRITICAL
32.37574115270093,59.93022729053814,1,455.0927369096452,-817.4251760211621,16937.27268895095,-98.75198847209123,-460.8204679514573,73.91552053749706,HEALTHY
46.733476685073846,80.04884926055935,1,4620.272760263881,1350.0445043078519,19039.41861897165,-226.46046274911998,10.001048318792343,637.6610826876324,WARNING
33.5565089209866,56.393906924734,1,-386.62644823805334,-882.9677872597009,16859.316135894853,-92.4207911169311,15.17232338302438,170.4286152805016,HEALTHY
24.245009531436168,41.51903870278426,0,-753.8621136909615,382.6535514774916,17508.93254530324,-348.5543947762082,81.88770612845046,-55.334354343829084,HEALTHY
24.517633804960383,49.9590759664546,0,-1411.851708321945,-238.76271988824794,18315.111068862538,171.79540520866158,-75.7950137812987,-373.833152200187,HEALTHY
34.146137566170616,49.627708473300196,0,-45.880781980918925,2042.9845253512565,15171.542721150772,227.09700327255408,-69.99562543088335,109.89495849974685,HEALTHY
20.03027776622351,46.96326701245717,0,-214.9103551500782,276.7934493252883,18048.317098124637,144.94477157885174,-172.91314545566033,339.0776916903926,HEALTHY
77.39381571650887,94.46815205273172,0,-1490.7972584443723,9246.570536262227,18260.828199929947,-204.9662716382897,2638.2737308840683,1020.5039057521678,CRITICAL
67.83691005024343,98.561662188393,0,920.5271730235125,-7197.725709844081,11003.348532957089,-1457.3182820675645,-3790.013787195548,2254.955717463858,CRITICAL
43.30801809002718,90.5432239241119,1,-590.5919408298656,353.79443768595144,15437.334284930123,270.43428938109156,-1200.2494010408227,77.98860725630051,WARNING
85.22060192725009,92.35443917198366,1,84.2024032911077,-4197.4961789839035,27171.03239854283,1152.8929852060103,-7310.1730302082115,-972.7835375817328,CRITICAL
65.80278655694553,96.15134347130379,1,-7064.439484262001,-7189.20198660842,20486.782526117688,1869.398843031161,-218.04058331413106,-4025.6351658112644,CRITICAL
68.3612641424064,91.38067145797218,0,-7346.585413252746,1883.854502904842,8696.001818885317,-2243.1835054695644,-1644.200377696031,-2501.481401750105,CRITICAL
55.93313469982286,75.87531694396637,0,763.1216490439276,1972.2105188716052,19297.38095638029,-56.94340892502407,766.8146391562647,-59.55961595571476,WARNING
74.75291193235671,97.0216254200426,1,-5539.638697897844,-7932.769416301937,23341.363300641435,2304.978232900179,1516.0635740508967,-667.7206518375316,CRITICAL
79.79377516660385,90.35918395156067,0,-10309.223373276738,-2831.953035740008,14082.26840797891,516.0019953389893,469.20968212515965,800.4367816773461,CRITICAL
45.50348053805166,84.47370520806743,1,5055.4352502184465,4577.942838914719,15901.546580598277,-1247.4805573893802,-1640.1273711562885,-429.8267130845878,WARNING
29.50294566141342,61.43098736299034,1,-442.80234490564226,378.2266147408522,18317.83980092812,16.1941611889134,-83.29127271027501,171.5006503176225,HEALTHY
84.14979099229846,89.64058543694699,0,4453.763513660354,1916.5384535238209,17079.045346302773,184.19657628705485,227.78366439403322,-395.7489959573772,CRITICAL
21.129180749775106,44.495881087040516,0,-289.2276781537132,-1468.8675648659923,17552.843557402717,-82.4768789600665,-9.422023126206605,96.0100536010003,HEALTHY
20.948801133480195,45.2683814082542,0,518.4928459641237,2406.2239228532394,16958.357992291156,-73.0542505215002,568.1772786002996,326.74020346951005,HEALTHY
80.47776094204009,95.88467782421002,1,4941.626289093356,4689.928007763735,18093.15750040896,958.6855850746471,-1623.4065768087291,-686.72544406966,CRITICAL
73.57868137144517,94.52452209499393,0,-1833.9005705344832,-7124.436929122091,9298.21829291788,-3676.2151301176796,-917.5336593323855,-768.4452296634767,CRITICAL
47.51589804576115,86.55315992132014,0,3461.7567575069534,-1021.9247027643534,17013.557536655087,341.65400676392744,-488.3270274060395,-86.84159994459856,WARNING
21.71759294703472,56.03380942613916,0,-672.9053320094016,662.8410930216326,17277.18834720725,128.37882457172765,-205.9392479266121,-96.80342472441696,HEALTHY
78.64541053880781,89.44290445323013,1,-3566.4821914678364,-6870.40749889524,5428.593435324366,727.16854769238,1309.2839856490073,-793.3923599304137,CRITICAL
30.956243975296033,61.3150573878699,1,-1979.29830303683,-148.19354138251524,16016.297673782214,-92.03019233528171,62.89016445813137,-135.51848595569032,HEALTHY
26.578077328061532,48.74039337416521,1,377.3507027632297,-180.4897889316338,15604.848348071702,-38.86630908406569,-177.24406872188118,53.732285336754515,HEALTHY
83.83191817828259,99.35013305619236,1,1768.940762744913,-5516.728060442132,22115.71071791813,618.2900549503876,-3431.544848929003,3778.165682564277,CRITICAL
58.52984432734597,91.31242061550982,1,340.7782389091691,-2255.595506786916,15730.081941933662,-241.33660591155973,-299.48395100251076,1402.0629588534002,WARNING
81.14850426903361,88.66745071088596,0,-845.2897350401765,2739.9958361397375,24866.45802857706,3288.4874857951713,-1135.3694561513137,-1255.8921628879916,CRITICAL
73.03824756285103,90.2711896169495,1,-940.6215333569584,-8103.229613543083,3050.1045205102205,150.3646619705033,-1852.53134252656,1145.6102540543382,CRITICAL
88.21812428401883,97.63718192585348,0,9446.94780279117,8768.231925045679,23456.175908315578,-3768.66003790569,-473.4876953038484,-1387.3934341774018,CRITICAL
77.44265628440212,89.98706840385071,0,1246.048682905487,2865.972828573007,9922.409522458365,1412.1882681437603,4859.512051607291,2730.452135360335,CRITICAL
42.03674683199599,89.57866023436074,1,1068.595570208464,-4516.398515586372,19330.849440013128,1241.3345399030293,7.900356212223056,22.224130336654824,WARNING
51.26188555744986,86.8737523867404,1,1530.2062520094564,-1046.3393333487197,17476.782519801833,1283.0653681676283,-551.615133142959,147.79814915387186,WARNING
34.6624438731334,72.31462582735925,0,-722.2688836538869,-311.9870086480041,15327.67200069426,-211.70074419916247,-184.1165788011758,-98.49807816673308,HEALTHY
23.00924556686979,51.49321332910598,1,-28.947314811212465,614.1921562419851,16860.862584882056,45.02073183481574,157.57920483177912,-49.619006374532596,HEALTHY
85.10352556036615,98.86383589657001,1,-374.2397205316747,13092.147290849676,27008.264839734962,772.7520616503886,161.52523468436942,960.8326129693387,CRITICAL
32.55094529215679,46.54702654918911,0,-1582.42797402364,816.8370114309812,15003.40129410035,-87.23108830149701,-51.52409710219881,-13.926690660021634,HEALTHY
88.35109481618733,95.23115227076714,1,-1205.5767672703132,-11085.504986997896,16878.116830414834,-4336.991391321467,1135.1586603695891,-1957.3203585501863,CRITICAL
41.00426242915145,87.17377521058636,0,824.6443446513917,-931.4271356634276,20068.792613139525,-309.16722985210714,62.815872106344045,417.4350099105683,WARNING
46.22811290089756,77.42162596482926,0,1239.5192453986772,-1179.7945850362626,12282.101171673396,301.60949639458164,-6.896695128128952,-768.0382802293295,WARNING
53.92691912190562,90.42506224759099,0,-2122.2616409261614,-3271.7103274728474,16000.24826107554,-606.5134389666789,634.7489866728006,284.09518668502926,WARNING
85.51739975586852,87.62482528892728,1,7623.4836315319635,6953.052941992348,22572.55412586489,-805.461757827442,-1316.9373038708757,3273.2874496147783,CRITICAL
50.531111137357044,78.68360922969252,0,827.1588276672798,4196.959518467137,13109.67006408092,337.05534169391376,1036.8656141365163,531.1934360871575,WARNING
87.37108844232466,93.96465813526173,0,-3285.4884396782872,3800.5933615125614,10525.13232720022,510.6937754902545,-75.19830572390728,792.0578884825542,CRITICAL
50.64239720409413,83.68473393222791,0,2186.807956005336,1701.4353991296803,14365.864381471161,-1060.730986396265,617.9311035938266,1465.343782390966,WARNING
81.68017637553874,88.7575953296775,1,1772.8837199610414,-429.3443786255876,13397.99685537731,298.5847425881701,1084.7156627849886,642.4257940160616,CRITICAL
41.6546361464201,85.46744294941942,0,1147.9032899463953,-2750.3560406775896,18732.007129155118,-469.84775259372213,-112.89980356280154,960.5952394126025,WARNING
21.915702254528522,73.04270521010113,1,-290.8060801440377,-407.8230860685443,15227.250329663944,-307.5694651857741,-244.06347544315508,-143.73638508865596,HEALTHY
40.4610556689042,94.38800225132374,1,-902.404566819144,-5924.034989369291,16375.407351090582,882.2099214037092,912.5353555725726,887.6481551866659,WARNING
26.829776150928925,67.92297353914596,0,-944.8842325838511,1865.1197668551401,15295.129927607359,-45.47077589730931,520.9424581958714,79.10763090218185,HEALTHY
71.67015902317952,92.13139064458278,1,-2137.2747007657613,-7936.697848357423,10661.418004769215,-2529.7884169067324,-2563.5683902292208,121.09564072842005,CRITICAL
32.73186879163761,51.927795115023955,1,-415.0446004376347,-839.691660361247,15632.744406305326,27.788561940803135,-32.09271036340891,105.46193867991269,HEALTHY
54.173797202863355,92.79110229004013,0,-3928.7229689406827,-4113.780612813366,15405.830712731147,-622.2473663418394,-361.69637660091973,-153.6686077129979,WARNING
47.19815854987347,84.27893083444026,0,2.898909424239552,4212.196492956787,17791.94806718408,351.9032742131928,639.5067571265545,336.2667826148432,WARNING
70.09546700462208,97.70385127164693,1,-8158.624743530536,-6976.330001434097,11902.782554579597,-478.6870269624039,-2665.897449686071,1274.563204704313,CRITICAL
28.853460003036307,54.438955877601074,1,663.7372138880211,1010.1414604286185,15515.392810734396,8.953373418980716,256.9066067867788,137.80724064299443,HEALTHY
75.60287273933538,91.93636507151358,1,8245.869723925432,1156.7044663457884,19553.729994848007,-595.2850719929924,-156.9792487526818,-97.75446703918827,CRITICAL
85.87843905247027,91.34028503818239,0,2084.1420795412755,7939.979558064074,18949.310806656144,-25.72876393330266,1092.7775286185195,1560.3922623990888,CRITICAL
32.3214798746389,62.18629392140382,1,-1105.3533175527916,782.1826079557601,17227.372622157058,111.88981519900743,47.316350175239464,273.94175559395615,HEALTHY
26.929142758633812,79.61365253367109,0,82.28398927542419,1065.4803750653512,15866.711549899628,281.86948803711596,459.7796247238501,-72.56771208793181,HEALTHY
59.01376136279257,77.30780458019848,1,-583.8788589409543,4763.88166785933,17608.07816172538,646.9271137167541,-734.4562750329133,479.20230752509315,WARNING
46.3051251474966,85.25921496518478,0,-1575.5801841160976,-3926.1876134199265,18812.360711353704,976.5713345516083,1090.0126227890614,130.9054050323042,WARNING
45.95329011858629,83.82622224776921,1,-3114.0608739657773,-1670.4317929788856,18099.21781528549,144.22492567448538,351.18451991710225,-367.04737244518265,WARNING
34.283901175434856,41.99440585596657,0,381.3612813584527,-100.88537554607048,15704.95681744141,-306.5012547860638,5.392231237270393,71.39197924356198,HEALTHY
32.01204031967787,65.28489713796093,1,1288.0757248523776,14.508999262654136,15147.864203969537,250.8676721514679,146.20012535709628,107.68699144329048,HEALTHY
44.446364184284526,79.25851900965202,1,-1576.613696703031,-2062.9171155586455,15616.056834170435,-1432.3265394467112,-723.5826301971529,-733.6989395333115,WARNING
84.66108509804498,98.69071129590623,0,9196.974585975233,9013.165302889158,11597.59675720047,1515.4503528111102,1012.1282757861003,-1297.9095712739645,CRITICAL
85.33137377804748,92.31630564356468,1,-1972.9849595234396,6208.7947831574165,9877.176258527299,-10.6611466522494,1671.9398485445538,1990.0351592317786,CRITICAL
30.092707002328172,68.97018109996533,1,1007.4439731951985,-1254.9226680022925,16568.710474781084,187.583107502131,2.4998643814500667,573.6806111333536,HEALTHY
44.73596069192238,85.05059253403311,1,2137.2475918455207,-1487.4535730229272,17193.123603721557,-337.61631882852475,-83.97419020710521,-635.7378354373509,WARNING
72.11211198018255,88.94146056871381,0,-7224.52170102718,-6368.837837541766,17077.7247425286,-1931.7432685101935,853.078580053086,2980.287191766954,CRITICAL
41.82655288730665,79.07587670599844,0,-7049.21469174057,-978.8484945824487,15440.488135192372,36.84400241819758,18.740217007635664,159.65970636658403,WARNING
77.88556120017283,91.99179128901639,0,-1264.2470864349575,3294.135807230567,24555.40480389777,2239.303350603715,-123.80893487069642,-1907.1423670759048,CRITICAL
86.79396324498344,97.01068088827728,0,2846.932029091923,-736.7584027624517,8031.371222457313,-907.8275658383226,-2107.9760039073967,3835.652982605311,CRITICAL
33.63879041655488,54.80928742738307,0,1118.8256537064215,-743.6616133667656,16786.722216872822,-182.23479527016576,-38.03158874774563,11.34851343241082,HEALTHY
82.46478546466308,90.74120986311398,1,-2929.1182684174787,-1594.507445327066,10691.295486538284,-2337.033105570573,82.0886562076543,228.23150026670012,CRITICAL
52.373746994239426,76.31181729329275,1,3249.6781088265116,-1785.1043594436371,18711.218456979594,1267.3657348946952,850.4608747984784,74.03926846688626,WARNING
67.58971636580073,98.54197778399718,0,3202.9204215114128,7803.980200593622,23219.765346840086,-1905.942049876415,2887.282950359186,-2052.352615926923,CRITICAL
27.906064077701874,41.528111350295646,0,32.356552826686745,2176.093210235964,17494.12624380007,59.07835138572648,-160.04145536964342,-58.46649995129278,HEALTHY
79.92091779989855,93.69074625687111,0,6603.960804510657,-7223.394377861799,22625.58319441453,39.592013103032016,220.23688472212032,-679.1062725813865,CRITICAL
30.23898919671958,74.85954167029553,0,711.4105794654954,3112.9102010438414,17192.03618940207,-169.61311960610172,-84.75193640454061,-90.68282167677076,HEALTHY
69.73411119188464,93.77168846595927,1,-911.7473733469906,2032.6489433976524,16173.714326067919,2279.0181704076613,958.0537426592415,-1907.4895670220485,CRITICAL
73.0786236108845,86.83974934787416,1,-311.8642645442427,-1974.4163619251724,17590.900986927016,4034.68513143724,-3339.6709597815707,1889.5872097533736,CRITICAL
41.57036779402405,86.65203481504734,0,1428.8267422518547,3469.614925864933,13585.522800635226,-331.22817441497955,1234.3091602096986,-180.12155041248724,WARNING
24.311143946983695,54.711439510246116,0,514.4009365704378,589.722092741383,15458.18081685242,20.271342309310274,-216.4734677544714,157.7097236634602,HEALTHY
56.973373512374195,78.25832209530581,0,902.2727181506582,2536.5152404375685,17511.343289250894,97.60307454069623,1687.2689105551658,343.98019568133367,WARNING
44.39349355989415,84.63888558785442,1,744.2588220369659,-2059.6434750741914,16145.691379774205,-394.07111198663085,206.92367055027327,776.00339622279,WARNING
89.92784085031847,95.21225634930303,1,3763.9045747057066,4984.66046766617,5072.770892861483,-962.1463137126833,424.46755916232365,2230.3577127772055,CRITICAL
53.374311461383364,89.56444418815033,1,-1662.7298702044675,1829.4662159805462,16635.838115793795,424.3468432123216,-202.78102092748577,128.10696526179103,WARNING
67.30962267490611,95.39253601213888,1,-7940.2672997479085,3316.8348197170712,21796.17493805536,964.4276246847073,-339.5227822325859,-2049.6488550607714,CRITICAL
48.287663387125534,87.58226286960861,1,4695.555963552192,1115.9288330391942,18422.882149815207,-608.6656578830957,-485.57505005179087,12.08471548137492,WARNING
23.326692379003195,71.2188455352062,1,190.99374777060964,42.5482579903094,15107.144223558918,189.70170865270615,-341.6492320763865,92.30731492228843,HEALTHY
88.23376311219354,92.04202772514829,1,-3454.7005760580532,-2806.3052593046505,25818.271798267844,-1478.207499805073,392.93750205852143,-1815.5133749487343,CRITICAL
85.27024741206179,86.03507258800603,0,7173.979643217659,8136.947405056745,12020.462822878182,-64.01113209165368,-2466.3626116486516,-95.29686460618427,CRITICAL
67.01915462058946,94.37160875549753,0,-5537.25398906489,-3578.5811096479083,17300.2418500906,-1502.420306846418,1710.9726500371173,-2831.074977741149,CRITICAL
40.12754338069669,89.21340187883129,1,-1833.5629170430973,-27.515804071019243,14458.432542224646,380.4670327850195,477.1624559782076,1666.2714223151427,WARNING
27.126505110375806,75.91820864740076,1,2264.2581279377796,682.0962275998932,17526.80963877756,247.67256650202222,-550.2026713171269,84.73463974991262,HEALTHY
46.80554924337714,75.04022528690871,0,2189.1409080705907,-2165.0167724565654,18878.885805356374,-282.32033712519524,848.1477379544168,-722.8498886854404,WARNING
45.30648140129335,88.04638403107101,1,-924.1633699396067,1378.778099625552,16364.959164802785,808.5417674031875,793.8328492722915,221.25250471929206,WARNING
28.004038200903178,64.31620371173778,1,1624.382058600212,325.13364863177134,16563.41681283127,364.1560753430713,-54.119978332674,252.36408258682178,HEALTHY
44.87434264335052,75.44689867532583,1,-914.8120322878332,-2869.462868368501,20023.15100785722,-270.0942249102334,-1301.568413008981,-188.09483087451082,WARNING
46.01382373447484,87.27118609623028,1,2213.49844073964,-3366.0054974283644,17824.52156149914,-1678.434809533215,-1491.4890134075818,786.7560388184028,WARNING
45.059209889152584,88.66721589746726,0,228.86411011182037,1863.130572045511,18389.9185822397,1141.0880222068788,-248.21344275208682,-381.8868219158207,WARNING
76.51747532791256,95.15328275134866,1,2245.045707493546,3020.6017558245203,27930.017123316353,1890.5162318410419,1999.959998981769,-1053.807150331123,CRITICAL
71.51256128635163,93.74016812075241,0,9057.490429263908,-1577.627118264265,15401.758415513665,-440.8753211082396,-5834.267944843759,2516.2125577302595,CRITICAL
26.013232026918654,51.89573328247959,0,-775.8748231664838,78.96404566808451,15742.918733461645,131.81086878268394,205.37892365158288,119.91550824907115,HEALTHY
55.15626611388532,88.41375529327323,0,5112.286171955448,-1313.6333155961952,13575.684547988132,-371.00571346820794,-333.5878585871893,777.2453457732811,WARNING
81.50406042007623,93.63619426481985,1,-8940.496053459708,-3925.1059545619714,4389.4731226131535,3117.253033925629,-463.09898789059093,4333.768069632623,CRITICAL
31.756876767280957,62.16906056528067,1,230.93344082999474,236.4246762624486,17210.994389117317,159.56053460988332,225.27337219912113,156.80663609302076,HEALTHY
52.71749054662014,93.75506031022967,0,-237.8703076933004,-971.1997669287023,15843.996446067216,233.77560477333324,-119.82555885747959,-46.27867576640492,WARNING
28.902446237327773,48.40471103760858,0,-250.0146859353622,-882.2107959959048,15668.199237258561,-48.82798326186609,-78.54747255769186,-46.874024638973935,HEALTHY
84.06128239964386,85.84621459966776,0,-9048.455278806061,-4451.636722538855,20920.52728417003,5174.54291169062,-3952.4321287806233,-402.21559057885264,CRITICAL
54.707352994650535,91.66458527975611,1,-2852.9074145179643,-3097.682432175324,14186.354770004275,592.12274816312,100.3302801708188,648.0944194973841,WARNING
28.4298927120021,53.83681790006777,1,-1762.8324838426952,-1026.640734735731,16631.077377806305,17.466211583081844,140.48131383021305,19.349978991823285,HEALTHY
67.75206397983436,90.55521806928134,0,4539.564711038593,-1228.7115456344145,24096.921698253915,-2409.62868187491,-187.90473126456862,799.169106415518,CRITICAL
34.422700084746275,68.57643054506393,0,-996.3916891670672,-279.8730861660216,15266.85867312349,-202.41897715951538,75.31480302782487,161.9715683274053,HEALTHY
29.37051004109912,51.301634546497745,0,435.31480962510136,1001.0109200318376,15997.52086212574,-415.1668794811795,-87.01604506600378,154.6001858758772,HEALTHY
32.98343574758305,44.11370368629907,1,-520.3821202023954,-271.45573545207355,15377.730645674515,-68.79521428675918,-5.543113249079801,-74.29429997231007,HEALTHY
21.086703316918385,55.69974225626739,1,1215.1550088717538,742.0845885237986,17323.848103529686,169.20270893425376,-64.67124245724175,9.520710362870265,HEALTHY
27.687539731554974,72.25614468931357,1,-2133.1330350705102,-36.5333499186106,16512.451737597752,213.1721997523275,159.08765053385753,161.79057980779908,HEALTHY
30.156595492944174,60.90291281047238,1,369.01643782516715,124.28569485085072,17320.056167936014,155.3873405863033,6.095282784125774,-179.45060123225136,HEALTHY
66.05164618037925,87.08225023364982,1,2813.2782202012813,-6429.946401814654,25160.054513076295,1076.3841925958507,764.9448922515373,-357.7773842568108,CRITICAL
58.625971051922235,92.5207822852885,0,3156.4435174103755,-143.75742198729094,15195.288147026393,-464.6831719779832,-168.74425572604665,-303.82334802651997,WARNING
41.95195079697481,89.55804766225185,0,22.183647131031368,4393.18554268036,14343.894997528372,-189.8899236198694,-624.3434863082708,810.1326069714851,WARNING
56.189571682443365,87.5242998171709,0,1605.1127297339035,1263.4834405511585,16511.28423883868,119.28069584340791,-1320.1052325049466,-260.7935963996404,WARNING
73.66725942573129,89.95555709903222,1,9840.124271705969,-5771.097951691904,9050.693821558169,-990.3256394725048,2335.862388887313,951.3918015044469,CRITICAL
45.1942220813266,84.73558701603088,1,-3295.2300894887644,1524.531299686882,17328.279400284584,1227.3626391070209,940.0694321418584,-161.49768073937616,WARNING
82.28357873723108,89.75612800591331,0,-448.9406784729803,-12936.610548890076,18740.669156392192,739.3443093174837,-1867.1872118937963,1661.392789016284,CRITICAL
59.84497158311151,82.93585762931306,1,-1753.444013056139,-2580.014140830934,18048.400135019507,1597.3320415599198,-389.2140155106951,-326.58391234349375,WARNING
42.35974416648791,89.17369437620191,0,-1094.5558110758109,-4370.0863428400135,13592.643391631156,-634.5550998484672,-1377.481086164806,-779.2863881546864,WARNING
77.94804334103604,98.18353680468806,1,-1329.1998125352582,-458.61372022989264,7933.015648131558,-673.4106417585743,-510.51425190491716,-3706.952766895113,CRITICAL
58.39753455350482,83.61500683931526,1,-248.8767079624211,-1570.2445876994584,18100.93872261916,643.585900127553,-54.87068981057503,161.3791107955105,WARNING
22.662227524865177,50.088925369224754,1,2960.8696904630456,802.406985981937,18970.05791689952,-1.6204828016365764,-61.81159387290413,-214.83941167509516,HEALTHY
54.487641030332675,89.01474198668605,1,-1749.1040551686835,-2914.2081841260742,13181.556413903683,-702.8786973309127,442.97304527636965,-356.8528102718153,WARNING
78.68860802235743,97.59986793474972,0,789.1363804689375,-1052.278105925881,23645.943099649317,-747.4417409808673,739.9584277614939,-1608.025995908493,CRITICAL
25.233056249079358,76.92674847016717,1,520.5018830769744,426.1031309833969,16424.614086965532,286.51722364505923,116.53616260303721,-90.13580329954658,HEALTHY
22.14300226882911,66.03553891795411,0,-580.8781340235147,-525.1698071781475,15812.61983424586,-184.81656754942097,-522.5098025387202,190.07393647938062,HEALTHY
72.99632597324275,88.64751360288594,0,4504.052367765906,542.5610640825197,7249.064590530619,877.0077389636823,-4141.4847294578485,-2250.147110482475,CRITICAL
22.739376953796516,62.959007001269676,1,194.4102082826167,1023.8746621300039,15388.711333245205,-464.43626878772585,134.1616984191832,500.5925151205946,HEALTHY
44.30260452849358,86.03359127505279,0,-1477.496171928388,-1366.831023988145,18872.941378032243,-51.57361024815677,-1710.6189184112254,-629.3260920074263,WARNING
47.12731186642076,78.82557975793794,1,4738.768364978388,-375.8209344092748,16884.08446828082,-46.90702920765474,-575.1765784135157,1136.4704476242644,WARNING
81.96559641850696,93.2342426506996,0,9306.582181695952,4508.537699439869,18207.243766418324,848.9360213598967,1169.2050107856178,778.368078828116,CRITICAL
68.30459825845242,89.6148701908455,1,4479.317109921476,2916.105042994952,25254.9259068918,-359.8813107682882,-4796.069620906,-733.0156015496588,CRITICAL
54.67761946547484,80.69310786987184,1,-5394.773577042983,1203.7923856949685,15446.505878756454,30.60221603815827,-202.73611904534118,-527.407853662809,WARNING
54.607393183759115,82.40724311115318,0,1115.3893449056673,2927.3269464885366,16349.541470033175,-547.6362297464935,-147.61092723260168,-256.87311616971783,WARNING
41.06680326010367,82.97199325436911,1,4667.327319186032,-980.7675725392314,19002.263645440016,27.19991439733467,-560.5102827354509,-207.61768875356623,WARNING
78.31530536602509,85.30919738253797,0,-9962.642507711775,1731.3488967380524,20823.789165301023,-2851.1575087469414,322.22712056110817,894.3221439293222,CRITICAL
50.54855622217727,81.48906843236335,1,-932.6466691597889,-2712.853857905832,16001.290667475861,292.13051116230776,366.96112596642104,1519.3165252611893,WARNING
44.53694191002113,79.3828993646516,1,-1527.4467122426786,1071.5462287695261,17607.65020822781,637.13063006352,-1137.604832272092,904.9833394010683,WARNING
20.527354880727522,63.0028167634166,1,-656.6893456274132,-260.30904127143754,14873.958788014748,-44.10764583130748,-38.74107596099241,108.05758880713907,HEALTHY
24.22687471263899,68.87932587806579,1,-628.6543050745702,-277.51361886023346,15347.69075262623,-40.692228216060975,-7.317994868586234,131.9299996164741,HEALTHY
47.826731253743176,86.19230011530152,0,-1348.4643177037512,-1828.8507368159035,12473.487746632578,-131.0041632486395,522.4057019219176,109.42954086477187,WARNING
31.240856792017386,62.87648815402403,0,-2092.107229625224,1412.834056769892,17725.700762941993,-466.1309527093799,217.18533926455953,211.04377026620858,HEALTHY
21.17764802680415,75.25032271052046,0,-162.2711150691371,-576.8570947168845,16389.74144680444,160.5561671829642,129.15581858072608,50.74580410170276,HEALTHY
45.69777277806122,83.33263700238822,1,4984.071956296294,705.7252247216921,14668.118555469535,374.9919447872024,587.9263140000864,92.9276166525473,WARNING
51.66779740739144,84.56125089227905,1,-1365.4152605450493,-3536.157528415802,18191.49233656081,866.4166740244576,-782.762357549222,575.3450376911302,WARNING
23.821513794929302,76.58104615208224,0,1284.0410068362867,-3538.8577250697595,16835.088212505565,-93.34916211500921,-216.84875072234183,24.5464323276546,HEALTHY
40.49312111413786,93.17385532605812,0,-25.52074152634479,704.3513711657216,21222.151407600166,842.4097774759032,411.4213722865384,381.9884363802068,WARNING
45.38520632941955,92.64108808557538,1,-1848.7343825554653,2150.6935615633442,13405.9734381987,-772.5081773536457,-367.79611620696045,123.8945476455615,WARNING
31.567040722562332,66.45061225060365,1,838.6710488851915,-961.390175894306,17142.80968501562,37.767939904724074,-116.60040589129011,238.35874347790943,HEALTHY
71.99095234315844,90.32568950790616,1,-4237.978240177752,-1028.7475838450384,14372.29915289598,-2537.745185211558,-4702.31642622434,-1878.1264998793984,CRITICAL
85.85101024299014,91.9620880356135,0,276.4108261252649,1976.9830736590445,14747.020723447427,790.2609196492732,-0.9434108298635691,-2004.5072852330552,CRITICAL
40.49327376596022,88.50647053614333,1,-3290.406291954602,2115.1242873117317,19994.280507828138,-500.3379701666969,33.68317409277111,504.36663200088856,WARNING
49.78661663248472,91.26686658090216,0,620.6287540064938,-1757.870824820086,13009.703409182841,412.7430723285836,-1050.5659946775215,160.326899623023,WARNING
43.74113672052761,84.78034760693188,1,-2009.5421461405938,-1891.3965300967245,16915.602977119113,-763.0213843327527,188.25937392448955,1181.6668805294946,WARNING
68.77929245705813,98.72097602168208,0,1207.1343564026567,-393.3835561784723,12086.649943461904,1850.034936244934,-4030.802813724387,2693.908438476097,CRITICAL
48.8303739302173,85.58380197493133,0,-2016.405999463239,-914.4095332905811,20500.236197597103,-113.12998249571265,666.1127103607131,-220.74213511456355,WARNING
68.12259763310507,91.07248200977838,0,2596.887760046032,-9143.169630134511,28669.312997851626,-713.3349823038468,240.7190882269103,684.2837847823386,CRITICAL
55.03261587134535,87.40937492102955,0,-943.9914506711511,3164.497710915862,13825.290534078267,995.2225392168447,125.6138742156024,338.41056779482307,WARNING
51.21787287607821,93.72383082230421,1,-353.10455267132943,-2141.2548927985567,14523.391582611071,-578.0383668277107,959.7691697383455,12.578940511529437,WARNING
57.42340663921945,80.44495072740942,0,4784.379026722447,1315.8930742549937,16820.29517374202,387.026925258669,-543.0587185907148,-1460.219844132521,WARNING
88.91655201861924,93.83046930421588,0,-5929.839132491764,-7859.302997438184,17144.174932173504,-71.39665468551668,-1623.0634969401585,-577.5529878859373,CRITICAL
78.28394048987212,88.30134898130375,0,-5465.76512938914,4459.1254893723835,-2461.3627489940095,-443.05591938201417,-1318.12840347861,-378.24049750641655,CRITICAL
50.254269631859906,91.26131898511338,0,-3861.4993172640584,2880.6266296818712,16179.91409997189,-256.6217988871208,129.77765952743292,442.33023741046907,WARNING
50.57079720712576,80.81583888443696,1,584.6627525231174,2912.4772064098074,17947.295835053756,-118.49210683283728,946.6537821483056,-1655.3987609540588,WARNING
25.37543803486743,47.327929805065395,0,2779.963624223556,-1037.9913549892299,15030.245325290241,146.89534900024356,-415.4239707547748,-47.05478199448778,HEALTHY
67.08344443403014,98.95204119267939,1,3687.3202334502953,-891.277692842625,15847.36305783669,-5005.61495186954,-452.97644005835747,-2153.216707486059,CRITICAL
50.794110306532616,77.97377744789961,1,1860.3944472366009,1767.7823974050252,14560.521664074564,503.8480661671048,705.8481455858092,-785.1526360647148,WARNING
78.00721827178762,91.13909092969276,0,-7837.1567833615645,-9871.952987965897,14669.91865533391,-853.7477616833102,-601.2463696166309,-591.9246970172327,CRITICAL
75.58645683505996,95.60203396184887,0,5489.629349261423,-7825.9904934718115,12757.522547517807,419.2987669445045,1115.6505144997805,-3409.6871606718073,CRITICAL
72.4110248068854,85.49796112847515,0,-30.867166429362232,8857.338026967944,14984.067243781019,-1589.6106909719783,2266.3708281450154,-1655.0173450486463,CRITICAL
40.64074533539456,75.5603770254562,1,-1220.0320079302148,456.4695105358405,15852.853187414326,175.3011981007314,476.20101600242975,-810.5535898119143,WARNING
41.97742310107302,81.36992626527757,1,72.91859911047263,5602.460131610453,14026.424136017387,-256.99739527817445,288.9813119875236,-498.9276527955189,WARNING
59.34803260470459,94.72672124316173,1,-433.8610439034687,1039.506814301113,14819.56739067056,160.94704179255626,544.4583416144004,-512.6096848159619,WARNING
80.69535741718862,93.8830027001277,1,-9103.61638383478,5665.160876478377,10904.009484964818,-2539.000834974315,1403.9601115273995,-1535.7396120045432,CRITICAL
52.07755979248176,77.90632912673252,1,-3022.147161551805,-1414.8428272310136,16194.822318357341,1076.2859233240404,-460.8679025583118,-416.15258716430503,WARNING
22.345432124673124,70.07192654347732,1,130.51561300409568,-1708.5185032307209,15579.201251425115,109.77008516176565,354.5374536948092,77.50236165447534,HEALTHY
59.376848141967834,81.38844197428409,1,1413.705424201111,945.0818833964647,20342.096520146704,-796.3455289064981,-501.3273613842617,415.9857415066847,WARNING
79.9199884178296,89.1571426236936,1,3057.983811476256,874.3697652606044,29283.652899896475,1200.1507404052377,2870.284471162622,1782.2572793652996,CRITICAL
69.01543232998381,98.30328257477015,0,-3563.135940704812,6641.121746835412,16975.07332647815,1785.3288378710995,2939.287773316848,-354.0589118296343,CRITICAL
68.15095076671979,94.13588374291223,0,1687.9612796902418,-739.6014970841936,11483.352158726962,1390.9211669586796,3771.621784497664,-2856.6815150990415,CRITICAL
46.623315084440684,75.56368104690233,0,2562.658240127795,935.7237753271148,18008.857544530983,-387.26952894169494,521.3677344377319,-781.88621601337,WARNING
42.38806464505081,81.20304424603053,0,2893.5548649845646,2873.692652071324,18054.8330740154,-790.6399043167828,219.18639203509414,467.30947233362537,WARNING
33.73270515937871,68.86131444487623,1,-949.398888831943,2632.3820648373908,16877.317900880887,36.96722473897478,-171.67155603624266,140.06197588179822,HEALTHY
47.00940404635856,92.17627829349713,1,3164.651094080125,-427.64377089823245,24405.92151677007,-567.1272621416978,-452.68588860781927,-628.070880268981,WARNING
26.35223013873999,58.09467036826281,0,-487.7053729487446,1074.3330047702436,16880.40011773394,415.01300786970836,236.02563474830555,228.8586137119878,HEALTHY
73.25734343981875,96.7902221330265,1,14187.578920832811,-4826.956356264227,14259.472392490274,-255.4850282500859,645.5021074545215,-4582.700732572109,CRITICAL
31.04977812837182,44.542581639101506,1,946.8075665118705,55.002936033374624,16806.43497290144,-93.23772238924464,-73.44078684234965,57.51278103346562,HEALTHY
50.6931913349817,75.40389846168665,0,-1067.875885455551,465.5967769451099,21544.062892100508,-279.8395922383587,-188.0581646485919,1082.9618945044213,WARNING
54.10153923858625,91.92492094524022,1,-966.7613531886088,798.3047151823423,17377.764862727443,-1001.4567596048671,593.9472482300426,-865.1414626656224,WARNING
55.2849124170476,86.65107674083988,1,1737.3489660765583,1011.8595093636549,16606.082747251945,-384.1730839661529,-214.7275649130772,745.269787105814,WARNING
24.7514251560129,74.28717027995012,0,2543.6678953015276,182.80690920533664,16289.897351540483,-64.42791503801277,156.35986226258234,113.53735018691712,HEALTHY
20.758596557363433,57.04484951808923,1,-468.55748632585903,-566.9874758094271,15252.263280682364,-171.62944917933262,-288.3688851999425,171.46615311212355,HEALTHY
77.35215108077902,92.2386427558151,0,-8797.696885945032,12770.198651682478,22396.20948944358,-450.85722741010164,1243.869030090997,-3617.9517503818333,CRITICAL
25.133983891846192,43.35494954208048,1,-748.1958150577084,417.9846345532963,14567.364429550895,-264.15878856293995,243.73253182870792,24.411775914545878,HEALTHY
20.679419654196163,66.25543437539069,0,1401.4290022660748,-1141.6718217393905,16007.299570096435,-41.262960723865774,121.04474020365106,223.0866594762268,HEALTHY
66.76305134471518,85.97428651123288,1,-7349.083932834235,-6778.431572919216,14306.970280611436,2661.2784021234193,-2880.522080044871,3361.027530930817,CRITICAL
88.19885455979454,86.31602948129547,0,-2263.4774368561248,2380.8485238554254,15828.917815386163,-2329.149430203815,1914.5542827653956,-4042.6724391338757,CRITICAL
55.61889637900974,91.80899163277611,1,1634.1722540351968,1162.2001522322826,12702.648143108008,-626.4953418189767,871.2691237722465,596.9909890660388,WARNING
80.31639738070933,98.7982153379318,0,-7368.327074233491,388.075985624392,12266.547500790137,1292.1449686241003,3013.8837650181417,-3874.895945987219,CRITICAL
52.60568078992686,85.79151259124123,0,-178.57411559376285,2468.7242924218185,14836.525963880342,293.5422515629411,-801.2323654136164,518.769459786698,WARNING
73.28595172536534,93.78088316554967,1,6414.757922799103,-4178.7709704264735,22262.920403019223,-144.32025525132528,2331.1149337347015,512.1968395706683,CRITICAL
20.039482333693822,58.03614612372593,1,-1150.683581291776,-0.07285191247624423,17007.097083649423,-238.061757893253,-222.16520331758903,-49.21687719022191,HEALTHY
42.612479337385835,93.67908263590476,1,-2038.4239478563968,-2011.643158035323,16261.422015463006,410.2960354257533,-34.51157105974873,-101.4018548080259,WARNING
69.57689310049389,97.14611935532771,0,9688.609901062475,-35.72626544907027,11776.401120417715,88.64303733357328,-1225.5940729223244,-516.6298731471674,CRITICAL
55.21975313065218,79.418264055932,1,-9088.000568850255,5230.2464290447715,17760.39233206558,-537.1432401567151,-787.2589818330956,-346.95412701553835,WARNING
68.93086011094759,89.81960424041247,1,1172.57949615911,1075.9110069588169,7833.804958577962,-2893.5813076597296,-1615.9903382297452,2025.7811480747453,CRITICAL
77.36080502072471,90.35096992168458,1,-8067.651318440811,2851.1936565929736,14776.645349810173,151.9988413039035,2452.583141697149,-1573.6887937543584,CRITICAL
29.672840651445902,54.95754854415098,0,-637.7012943926316,345.14837372862416,17397.65982985949,-140.24541371934987,-261.1219371312356,-135.49423509554532,HEALTHY
57.12287196140039,81.08788705103993,0,-857.48556400558,-1931.2715159804006,18233.398226743175,1039.6516089029822,782.3427091227702,351.29643455192354,WARNING
86.34555936365567,93.98263563358702,0,4594.091485128152,12950.434921668018,13567.745274960404,3971.969419528253,-120.52656116772107,-1020.4393477435403,CRITICAL
28.664196209557005,62.83628215008579,1,1211.668486010926,-1548.4574567682716,16095.827853845132,82.55655056478523,37.20267563981878,212.11846719647335,HEALTHY
34.174505954601145,59.272137701557654,1,12.223548415169466,-1196.6655922843959,16118.439487481459,274.0203707220742,239.85991458431712,-6.4553788205235625,HEALTHY
53.79825945113077,85.86165778211566,0,2760.4378913591886,-1283.4917019401537,16899.33844905651,-1.4781759893763897,-523.6502630251672,-51.97647524515769,WARNING
32.90209540024152,68.91257212833935,0,239.30846682034573,1429.3242627128548,15046.126508789768,110.31185404248475,-47.328437106209186,230.05810618323216,HEALTHY
85.06358922441392,98.90777117590314,1,-58.20142239207286,5187.511463509851,17874.105987217816,-575.9216030501526,2852.930870947669,889.4605316950575,CRITICAL
89.72684940919618,95.88347795996302,1,96.11099287765855,6654.179367180656,18456.323085344677,1319.0096587117775,335.40673394988266,3718.319440248237,CRITICAL
75.30123064723465,97.52855975236076,1,3568.4486408757743,7216.007763750583,11958.829809183015,-1735.1953174002724,152.07322130820359,-1798.0137170884711,CRITICAL
52.27168369711753,76.04314461706659,1,-2325.1080726887726,-1014.0620041952149,11748.571385302117,891.8483338562356,-141.21057857296452,-573.1351440117957,WARNING
24.549288362739244,77.30219513677248,1,-533.3047334278708,225.69813781152305,18220.674630859405,-286.2564775276109,-35.15638435330729,81.6543281804061,HEALTHY
89.71011730389866,95.051601935834,1,-5030.503744533956,6850.225073808889,19807.857422106772,1835.1224285581109,395.33844703211844,794.9736264500464,CRITICAL
25.80911617137262,66.38761091721898,1,-2264.5149793961164,-935.1668298432851,14109.113236177638,-238.70845488700616,-129.9036421807663,82.1123230453887,HEALTHY
47.62982586484455,76.96417778097727,0,3600.417462950214,-3736.002348807266,16042.807726760757,721.9144697279837,-207.4981104179641,-639.4190741255452,WARNING
28.49322523628925,40.25029884105881,1,951.5497705740432,-1021.1624575603007,16857.471899035227,-53.52821817975871,169.35415504329873,-425.4454840702991,HEALTHY
86.07696300649641,85.77248022907061,0,-8239.72993480593,3717.2172527158937,20698.937280798706,3012.4026446145426,1694.8209854491563,1672.1747335564705,CRITICAL
51.30395042355502,87.22868473478948,1,1608.7513414929713,640.2681126767934,14958.534162129765,-34.2662714156993,-204.00753866292936,693.0582147955821,WARNING
52.681010166134385,80.13971875707563,1,3583.0324374446536,171.90386934346003,15455.774246424076,-762.3250428740783,-492.40211156685416,-709.8163662127961,WARNING
52.945090227481515,82.46937143966097,0,5044.439532937662,109.77075469289198,17827.1559180023,-1015.6390500158088,-577.4724806138686,-840.5732998845283,WARNING
72.13569212811183,87.54926366199508,1,3585.966007667973,8765.420556867204,9904.406308618964,-892.9671711888543,2764.837260014307,927.4277585508938,CRITICAL
66.11141536066712,91.89597196945444,1,10920.208876604636,-128.17423464886184,13257.466227214503,1227.0722583703766,-2288.5096325292407,-1357.408264223223,CRITICAL
57.167121103181934,94.97222854074909,0,-172.27494097747848,-404.06687115474057,16974.775156487307,71.79819127215694,226.89867960971878,351.2559224571989,WARNING
50.550403505884184,79.58002851406069,1,-5383.97028236138,561.0500959556258,17258.038327570965,93.44959334296011,-2081.3143199047904,-885.9455115628678,WARNING
84.6562457062182,96.93796471265853,1,3141.2428181744663,-8677.768797053786,20386.37441866417,873.622044860134,-1684.52247533481,4498.448944401836,CRITICAL
21.303804321311354,61.48426167274191,1,2084.4772305415636,1390.903496185275,14376.431978637225,213.4912344469504,142.29085303896534,-57.87558942653829,HEALTHY
82.99314589001771,93.37162661824786,1,-5042.378034061702,-1463.5002943903955,29083.766999035946,-1040.7495603382608,-1575.7275579756545,-4624.267589876833,CRITICAL
57.55516684385466,77.00063342134307,0,-3947.2702809890457,-873.5152865559662,18341.82143223662,263.1904799912013,737.8697918983172,-274.6546919844798,WARNING
33.04474527218257,43.52537723906766,1,1374.7989145631655,-1096.7858374493471,17170.604108616077,-108.44754360556594,164.63882053857733,136.63818207306255,HEALTHY
23.746582436697796,66.16640617144394,1,58.98422158959733,446.8725008026977,16041.450799142234,34.09275419931418,-192.54651305692246,-41.32225593920933,HEALTHY
88.50023315468316,99.33153768690492,1,7012.613502066721,331.38261888666773,14294.149629735964,384.7378540750222,-1316.217618765532,-2034.9821257761564,CRITICAL
32.09743919157868,47.185812634565266,0,233.04295152948393,-718.0647836182643,15796.143695092,46.122169753242886,-226.6842036585246,69.9847430498785,HEALTHY
80.84709600549029,88.22947445982169,0,-6493.354494640802,-3459.549794394549,14884.356024724511,798.1303745888004,-792.4303145555242,1155.2614506919479,CRITICAL
27.831897401482653,56.0616695202113,1,2324.6989143234177,-528.9467627246988,17341.30482259353,-21.218127068284065,246.6812152705339,-1.5377991442738947,HEALTHY
52.17516650259106,83.2356405497155,1,1467.6464896217074,504.40262101740416,15562.952795431745,-248.86011198137996,933.3061891429502,-201.90951971930136,WARNING
33.68876326887234,71.22087211028087,1,507.3496608803698,-2198.5607393570112,16768.935251892293,152.78972313898447,-266.73214453564793,-63.00458965700258,HEALTHY
28.542267262583806,74.73643151765528,0,-206.48098517684707,560.4813988049355,14913.194918326733,28.233859738308258,223.6915289695754,109.86312891164572,HEALTHY
70.43705771967635,96.15731667759073,0,2809.855053727271,1307.7490538244224,14239.674012020607,1289.0653746260934,3264.490517797731,-591.9430077723968,CRITICAL
72.54294679638089,89.61690771074373,0,4288.900130880435,-11148.75008240155,12142.879590913939,-339.9583724218612,-2344.5649938059055,-3497.426074837444,CRITICAL
46.33192696825294,88.54381447345311,1,1307.2032867843384,1484.8718505170166,13403.623180866598,106.67295429152078,590.34166338324,-616.4064234322416,WARNING
50.643399217123616,93.83920975125747,0,-777.4286662151808,1006.2905243383036,18057.59592885617,-78.48851052794143,-1339.338234305962,-675.5319064033257,WARNING
23.65356688796948,52.24188664915086,1,373.3485597113982,312.3782104665717,17576.735165416416,-251.5736311817776,146.27605051499847,118.08441225029269,HEALTHY
28.949868379956353,64.19207047375855,0,1551.2452664277293,882.2864925992156,15622.41213496378,-61.202790871481774,29.08544348115188,-140.74207986628667,HEALTHY
82.29770577901894,87.0218962957378,0,-3541.787311029582,-3500.6626587664964,17170.90865650265,-504.5794567412253,1776.3514940269858,-554.6680404013282,CRITICAL
33.63236046453195,40.84689454941514,1,-41.248128979203024,2159.121154603292,16475.31472861135,-76.09118083327023,-126.0916908370955,327.4164815985485,HEALTHY
55.347153220854906,86.50755638659982,1,1858.1302640576248,-178.4765892879045,16377.344530043361,899.9852894004532,407.34413260681845,1228.6267028229,WARNING
22.114394412826538,66.56751658021669,0,-448.38021905388223,2010.0092893000015,18153.862420676967,-206.8745655847196,-142.1520207098357,14.754021577377227,HEALTHY
27.645863701275474,73.01144432931588,1,2155.74316320679,-1131.45302065243,17220.323722995552,6.253375449734904,50.26112816127608,-0.31010116718054886,HEALTHY
50.61046182729789,79.29203990430611,0,-1788.7819153068715,-111.41724856370499,10544.17325736226,300.32769729728403,-85.21607764853785,-235.342615666735,WARNING
83.17131024420746,90.66147724326952,0,7194.502438231303,-6896.492842168186,16930.110780829775,1253.6861223641142,-3012.940319264487,-1337.3107222866972,CRITICAL
78.35611806634732,99.48193112566308,1,-6419.765147130495,8116.799074174319,16429.01784689013,-472.8292605572696,2136.2265770057766,1823.5998928214913,CRITICAL
33.191940402678384,56.40095146966972,1,-1294.2673215746063,-84.1312405247025,16703.166776478276,39.134461527061084,260.5599861039517,519.5034251688901,HEALTHY
56.36219569488335,93.25717379928774,1,-1961.108332664098,506.26169150573776,12859.299038541683,-335.5640314189872,254.27420685166805,-755.511951129419,WARNING
47.39856190611317,83.97959548127679,1,430.232190329575,114.30698921361338,19709.39306284216,-104.39368174403556,-1325.7955149895513,2480.8455076718465,WARNING
84.28405780971222,97.91771848445549,1,-2079.915443470231,8241.885430205575,12547.727299105985,1694.8084169850777,-1719.8098663549606,-1683.6436063804479,CRITICAL
55.30306321697094,84.40694517426267,0,-2020.4716456203453,-622.1192974775734,18574.532685680864,215.85501884232002,812.8453702306199,-305.59623600076617,WARNING
51.18698383696559,87.57278979927136,1,-241.52121214217982,-454.273480067008,17608.562387116246,53.05208149770746,-387.89516234722595,-534.478410953105,WARNING
54.42100503203127,91.02151840498988,0,-2256.0368018603135,-1204.6607887118078,10309.611755793638,165.05094493862356,18.438902123204713,131.9352937626409,WARNING
77.31957336299051,88.56682631667357,1,4008.00524364854,-2758.9893723877794,14173.475242828143,-2595.136259081052,3480.6479248342603,948.0590563186131,CRITICAL
26.507774738569594,55.94018937589494,1,1.8136111946762308,755.9352817916524,18317.54262942999,82.77496745016148,113.55367355152495,29.63634627582984,HEALTHY
23.751237033709128,73.46209564678455,0,-2712.612563810438,-149.4556931649888,14953.168798375329,-95.31076028670493,-59.76401780584083,-71.64887558150158,HEALTHY
74.83184144147472,91.59940564693318,1,-17903.59644862058,-10910.509701614084,19861.035891654195,-489.73676786773626,-320.6000330947046,-1314.6710314025404,CRITICAL
46.88199528059473,94.80943344694514,0,3020.869754702339,407.1483115480589,15094.453173427313,-647.5586202603927,105.45176517313138,677.8145592819777,WARNING
59.378034342280756,88.89215223253457,0,4703.682232502695,588.3744972077267,16226.877231568562,317.80435791569545,-1209.8479869789353,-874.0242177947185,WARNING
83.8796377454884,85.27602332020271,1,-1420.9070582211502,4279.789059723793,20778.088477903148,1595.1312453719079,-590.402506205392,1229.0944753017352,CRITICAL
43.7463818542275,92.83078379463159,1,-2559.149365326786,-714.216370230659,20447.325772687986,-953.1725213245417,1184.619113373413,-181.8048197535727,WARNING
78.5332519386429,98.3197794857,1,-3056.443865045328,741.0306428650836,12276.74601281249,3038.91615967838,148.87794008669078,1009.075419531609,CRITICAL
80.29022656987483,90.5909714192318,1,-7630.38112144179,3887.8635014147167,26672.981013554596,2546.0259978014124,-455.2435694848053,-1830.4263668207964,CRITICAL
68.39079014610691,91.5329866232087,0,9023.170116645024,-14952.724208404992,17093.307227792542,1833.5365414487455,-840.4918517424728,-3193.319603047623,CRITICAL
24.88734676346675,71.70085567851676,0,-447.9144796869846,-1275.8320865699382,16353.855730479148,-113.54115684373708,-304.9042573238348,48.18499945789373,HEALTHY
80.45336128265194,90.74854516613708,1,2023.166535051371,-3741.662343633849,16366.886375961105,-737.1458186132755,3087.754322112004,1866.361544724422,CRITICAL
70.80626616005924,85.99570910919026,0,-205.54091462404514,-493.9833001032248,5129.145442914211,3040.5559777656663,-1966.7534458973591,-1904.7967702609458,CRITICAL
24.788379466792826,76.2364668493859,1,143.79375095267685,-1740.4177912369926,15916.571286241717,-65.96811532166966,44.09446415453645,-199.25441925403982,HEALTHY
72.47529983230274,89.63655737337946,0,-116.85879180807302,-11576.893575756492,15527.350280975841,-2688.6809442897834,1318.0519040421923,-3122.085151173556,CRITICAL
49.45061270621802,81.81633537740034,1,214.5407988909869,109.47911965777107,20167.102702941782,543.4904430469015,-553.536699278535,611.3768754920983,WARNING
70.88270995188427,87.63085502460419,0,-7808.848460914808,3205.496064811715,12046.811172098009,1444.3287173143128,-2590.1102508103527,-3121.536453393382,CRITICAL
68.37909524418538,89.49958268140001,0,4879.201301323004,2646.136900929149,22970.892898490147,1255.738225304838,22.44552734658311,-5281.245170245418,CRITICAL
81.72993623447002,92.39281508357405,1,1998.2141055718832,13047.983928684827,2717.6153116479227,746.8378095890515,-569.129620735227,-1871.6777453168008,CRITICAL
20.127433679108144,70.44023931798222,1,439.82580703108243,-1750.4077354475046,16618.3432388503,190.8858153171905,-297.11521402069513,331.63404133883165,HEALTHY
54.44608658659077,91.3014798136522,0,1130.173493756336,-5013.91311976716,16582.225593388954,577.0647289570957,-663.2914399470104,958.208838344882,WARNING
66.90383463823314,97.41250402539134,0,-5341.167439334056,-4277.510461457203,19000.30644865564,1878.0197570436767,-973.536465909572,1088.8826673380229,CRITICAL
48.478745117871625,86.13247836479871,1,-446.7022190199588,1882.2277037344622,14846.639743709891,-577.6161298218765,158.36666206719505,782.5536759090064,WARNING
53.85265632198091,75.87874813110389,0,2993.5579995122685,1738.231816660964,17042.163718938493,-2.0617879328165807,-741.2006062005961,-1526.822666365974,WARNING
24.52380304810327,47.53210099668426,1,-529.7764708428292,1026.2564262709848,16917.703200968637,538.475717529394,-196.17168728485828,6.622922278346562,HEALTHY
81.06868211148439,85.77814158995487,0,-8795.619753743196,-3256.673876924513,26733.77849022282,1316.7046848889006,2230.7721185304554,-2276.63533684911,CRITICAL
30.851071484184295,44.1654943168115,1,1861.3155972363945,1886.6146460894101,18014.92918126294,191.2880696695244,-124.95790938681051,165.57001919248358,HEALTHY
44.26898664489219,93.69210776154506,1,4105.029984101885,-2870.7751284227234,14452.829933451318,788.8838911448586,-416.58541470504315,769.4600519856332,WARNING
26.0048222373092,54.65974316644654,1,-1340.4886413664367,-319.82627788875624,16528.310019435077,-366.741153525887,-166.7196565932813,-135.97770794723726,HEALTHY
88.64865621955167,92.83401148422728,0,9373.465263829747,-945.3717333226639,17834.60133930586,546.6392890238542,3175.1618256847332,-1151.170907690583,CRITICAL
74.51845149700972,86.81010174402373,0,-5629.079107327453,2142.9755142076237,11008.317978467328,542.0685057224891,-1472.1304370812995,-4246.757076796456,CRITICAL
69.7243800342698,96.54108101364574,1,-547.6746849383314,10288.1962568915,17643.94579154199,-761.0106324987069,2652.4993970152345,-3895.3502622163023,CRITICAL
43.8923850864913,82.81434884509248,1,-2861.4129688187436,-741.6304877420822,19269.537230728685,-723.9142485129394,585.4590204801872,-559.2543975597595,WARNING
20.64650163422486,47.16379757312726,1,350.0111979351746,-652.8873581990658,17677.023278214703,2.8980394639582263,476.03802775095386,32.233233894008876,HEALTHY
80.71932798128498,85.63507670517727,1,13146.155638746914,8791.37801967003,26449.39471145971,-425.79815789576634,2272.9328571789047,2620.4521289895506,CRITICAL
24.470589981416765,56.48386274832458,1,1653.3096371785305,623.0873478890951,16623.8577458493,97.26199867004432,-199.68817057534366,324.65133810561076,HEALTHY
68.08241165928119,92.00968567232601,0,3723.6900943651567,8907.105022811482,17650.70342632525,-564.9724751470417,547.6458605330135,3053.8680845115987,CRITICAL
27.2842063037934,57.936965719449894,0,734.5010648800456,-954.4972619614205,15632.82057533607,-226.08561062410604,153.9954719861587,253.67790448078037,HEALTHY
33.83287892076926,45.67977037408339,1,-571.7460419560616,332.60751032419773,17317.12807234107,-44.54414015532141,213.03439314287732,290.5233490972359,HEALTHY
50.5737170735764,93.5593812357409,0,146.24856094236392,2287.8283236866578,15636.646821828486,158.59967457908533,306.01858092793,-225.09696704429754,WARNING
73.16126926043758,94.61491174189234,0,-2606.5833645449047,4558.0325203340935,23287.6752215775,-2796.7297968862104,5119.685635230359,3249.0178582845506,CRITICAL
33.7618433283652,77.22650015868523,1,-1606.2567884019581,394.95797032330717,17456.929614507346,-170.6798948078223,193.06533343222532,140.86724197081577,HEALTHY
40.98116734817287,77.07207739139105,0,-1876.5670549418892,-748.8735279979804,16389.45897709259,-962.5596632169594,-323.77307641936517,271.3759153229925,WARNING
70.8890464952632,88.68893656579088,0,-7386.558355594619,1954.0985630263583,15943.514635645184,-422.3179601502866,-1358.1947271389138,-224.6462344031404,CRITICAL
89.57180372882421,94.61444821905741,0,8427.070850540376,9988.474396336229,18743.52238398682,-1310.1683885510997,349.7246849897652,5055.436958097059,CRITICAL
53.423722443183635,94.58352994400117,1,1772.7859740832098,405.5580422470798,12295.774324821119,-643.0315209661228,-104.91462346551785,778.6047149242096,WARNING
68.6235266910004,97.66730116483919,0,14128.268386464551,-3511.241381421608,17254.89217702213,-1889.761002248031,164.17379925486304,-1560.434296275283,CRITICAL
23.954081597103222,78.18560642864925,1,1290.548225767958,865.1565501202622,15895.007710421525,-123.14749164184127,-143.4784327318863,-68.91730714692669,HEALTHY
46.086205529598466,83.74553538228781,1,-1939.2483738755875,697.7242126433536,16755.93351125273,613.9770876763763,461.1943987890702,439.10440918756507,WARNING
30.878864906227047,59.466757656988115,1,1316.9435632325622,439.30275768147084,15495.789244552752,-272.6079317102243,-134.4978946260568,-456.9639144651144,HEALTHY
76.93663676567812,87.31467735201477,1,6032.466092894587,-8230.568491727216,24578.993732739247,-616.6287384196944,-1556.9831302366972,2158.5553854930517,CRITICAL
67.61313452550249,96.25347998086446,1,2842.389964611943,-3618.7205293567204,17367.708885368862,820.9204438041558,-1173.6254312061633,-2407.77126874597,CRITICAL
53.76793409853816,80.44769158526579,0,256.45892210799224,-2364.8481630510205,13564.052961220661,-642.4594305500043,-862.8938643699738,468.21909866938904,WARNING
23.96092977040578,77.56273917801167,1,159.96485577381546,-1531.2280631833776,16237.963394258202,258.07535025164515,179.65637120560808,-257.26682933658964,HEALTHY
53.24859946842704,87.2624394748312,1,2770.5964027497807,4603.8736909884165,14646.994746153394,672.5641062968626,-442.58549546616564,964.0119080051019,WARNING
27.633411051048203,74.45782744085297,0,-94.9065692709303,34.775968793440455,15835.886051774276,8.291424226817776,-117.04519915669943,201.13101861531945,HEALTHY
80.14028268716609,91.58394915374447,0,7934.527092623044,-3755.884515181328,16322.835232906558,-438.3984415490827,1075.991298137668,2431.767898516174,CRITICAL
56.295373626940496,83.46236395095461,1,2762.6878496748454,-4245.080686198195,17349.31028967464,-653.4141321302207,-293.59453800887775,515.3004136229694,WARNING
59.15964107218199,86.77051362786727,0,1547.7079234700252,-938.7724515987487,14743.756909985896,888.4789703290344,-348.1220024503687,205.85742715524987,WARNING
58.60846986357556,92.79931737493364,0,2105.984225475869,5171.088351302698,14700.853863025828,1172.735561153853,-408.4327216199931,987.2281691653484,WARNING
50.51262056000739,76.8250113856449,1,4392.39543354471,-398.0034874476472,13017.708279936349,207.7183253283545,916.6193580572794,767.6472600725847,WARNING
23.781048302752573,58.166698806710556,1,-160.18696233242778,-1809.2252564077507,15359.806996822284,-28.090619896502833,-337.67082793608057,-117.43525947152416,HEALTHY
